city,district,front,size,property_age,bedrooms,bathrooms,livingrooms,kitchen,garage,driver_room,maid_room,furnished,ac,roof,pool,frontyard,basement,duplex,stairs,elevator,fireplace,price,details,price_per_meter,age_category
الرياض,حي العارض,شمال,250,0,5,5,1,1,1,0,1,0,0,0,0,1,0,1,1,0,0,80000,"للايجار فيلا دبلكس في موقع ممتاز جدا بالقرب من كمباوند لبنى العليان والمدرسة العالمية الامريكية. الفيلا مكونة من:



######الدور الأرضي######
حوش امامي وحوش صغير خلفي
مجلس
صاله واسعه
مطبخ راكب (يفتح على الصاله وعلى الحوش)

######الدور الثاني######
٤ ...",320.0,New
الرياض,حي القادسية,جنوب,370,0,4,5,2,1,1,0,0,0,0,0,0,1,0,0,1,0,0,60000,"*** فيلا درج مع الصالة جديدة ***

عبارة عن مدخل سيارة و مشب و مجلس و مقلط و ٢ صالة و مطبخ ومستودع و ٤ غرف نوم منها واحدة ماستر و غرفة خادمة و٥ دورات مياه وغرفة غسيل وسطح 

التواصل عن طريق الواتساب 0537525709",162.16,New
الرياض,حي القادسية,جنوب,380,0,4,5,1,1,1,1,1,0,0,1,0,1,0,0,1,0,0,60000,فيلا للايجار درج داخلي مشب خارجي مجلس مقلط وصاله غرف كبار سن مجلس نساء فوق ٤غرف نوم الدور الثالث غرفه شغاله مع السطح السعر ستون الف ريال قابل للتفاوض +شقه للايجار ٣غرف وصاله به السطح خاص الايجار دفعتين 20000الف للاستفسار الرجاء التواصل مع الاخ ابوعبد...,157.89,New
الرياض,حي المعيزلة,غرب,250,0,5,5,3,0,1,1,1,0,0,0,0,1,0,0,0,0,0,55000,"فيلا للايجار        جديده لن تستخدم          شارع 20



تتكون من     من مجلس مشب  ومقلط وصاله  وغرفه ومطبخ  و٢ دوره مياه 

درج فوق  ٢ غرفه ماستر  و٢ غرفه وصاله و٣دوره مياه 
سطح غرفه شغاله ودوره مياه 
وبتوفيق للجميع .

وتساب 0553216330",220.0,New
الرياض,حي العليا,غرب,400,11,7,5,2,1,1,1,1,0,0,1,0,1,0,1,1,0,0,70000,"فيلا للايجار حي العليا 

الارضي مجالس وغرفتين ومطبخ دورتين مياه 
العلوي 
غرف نوم وصاله 

للاستفسار ابو احمد 
0533332881",175.0,Medium
الرياض,حي العارض,شمال,250,0,5,5,1,1,1,0,1,0,0,0,0,1,0,1,1,0,0,80000,"للايجار فيلا دبلكس في موقع ممتاز جدا بالقرب من كمباوند لبنى العليان والمدرسة العالمية الامريكية. الفيلا مكونة من:



######الدور الأرضي######
حوش امامي وحوش صغير خلفي
مجلس
صاله واسعه
مطبخ راكب (يفتح على الصاله وعلى الحوش)

######الدور الثاني######
٤ ...",320.0,New
الرياض,حي العليا,جنوب غربي,250,0,4,4,4,1,1,0,1,0,1,0,0,1,0,0,1,0,0,150000,"New house for rent 150.000SR
New 
0500069102
New
4 bedrooms
4 bahrooms
4 livingrooms
Kitchen
Garage
No roof
New
0500069102

بيت بناء جديد دورين بدون سطح 
150.000 ريال",600.0,New
الرياض,حي العارض,شمال,290,0,3,5,3,1,1,1,1,1,1,0,0,1,0,1,0,0,0,150000,"دوبلكس للايجار مساحة ٢٩٠م
مؤثث بالكامل 
في حال الاستئجار بدون اثاث متحرك يكون السعر
١٢٠ الف ريال شاملة المطبخ واجهزته والمكيفات والدواليب
تتكون الفيلا من : 
الدور الأرضي / غرفة سائق مجلس رجال + صالة طعام + صالة مفتوحة على مجلس النساء + جلسة خارجية + ...",517.24,New
الرياض,حي الصحافة,شرق,400,0,5,4,1,1,1,1,1,0,1,1,0,0,0,0,1,0,0,90000,"للايجار فيلا درج صاله بحى الصحافة 
عبارة عن مدخل سيارة حوش واسع 
مجلس رجال ومجلس نساء 
ملقط وصاله مطبخ 
الدور العلوي 
5 غرفه نوم منهم غرفتين نوم ماستر 
وصاله 
السطح غرفه شغاله غرفه غسل 
والسطح واسع 
المطبخ راكبه المكيفات راكبه 
الفيلا مجدي بكامل 
قري...",225.0,New
الرياض,حي بنبان,شمال,840,0,5,5,2,1,1,1,1,0,1,1,1,0,0,0,1,1,0,150000,"مخطط الخير

للايجار او البيع فيلا زاوية

المساحة ٨٤٠م شوارع ١٥شرقي و١٥شمالي

المواصفات 
الدور الارضي اسقبال كامل

والدور الأول ٢غرفة نوم مع مساحة استخدام ٤غرف نوم ثاني

تقع فيلا شاليه أليجانس في الرياض، وعلى بعد 41 كم من الدرعية وميدان البجيري، كما ت...",178.57,New
الرياض,حي العارض,جنوب,440,0,5,5,2,1,1,1,1,0,0,1,0,1,0,0,1,0,0,90000,فيلا للايجار بحي العارض تتكون من ملحق مجلس مقلط صاله وحوش كبير وفوق خمسه غرف نوم وصاله واربعه دورات مياه والسطح غرفه وصاله ودورتين مياه للتواصل 0540850810,204.55,New
الرياض,حي النسيم الغربي,شرق,500,0,5,5,3,1,1,1,1,0,0,1,0,1,0,0,1,0,1,70000,فله جديدة درج داخلي فخمه جدا حي راقي جميع المدارس والخدمات متوفر الكهرباء مستقله قريب المسجد وطريق خريص ممتازه جدا للسكن العايلي..حوش كبير يتسع ٣سيارات,140.0,New
الرياض,حي الازدهار,شرق,900,20,7,5,2,1,1,1,1,0,1,1,0,1,0,0,1,0,0,250000,"الفيلا في حي الازدهار على شارعين متظاهرين شرقي ٢٠ وغربي ١٥
موقعها ممتاز وتصلح مقر لروضه لانها كانت مؤجرة لروضه
قريبة من الدائري الشرقي وطريق الإمام مخرج ٩",277.78,Old
الرياض,حي النرجس,شمال غربي,377,0,7,5,2,1,1,1,1,0,0,1,0,1,0,0,1,0,1,76000,"حي النرجس بعد جامع السيف فلا تشطيب ⭐️⭐️⭐️⭐️⭐️
يوجد فيها شقتين مدخل مستقل 
فلا ابو ماجد فلا ابو ماجد فلا ابو ماجد 
مجموعة المغيرّي العقارية شمال الرياض
يمكن التواصل مع الزميل 
الاستاذ عبدالرحمن المشاري 
0552852289",201.59,New
الرياض,حي الملز,جنوب غربي,750,28,7,5,3,1,1,1,1,0,0,1,1,1,0,0,0,0,1,80000,"فيلا للايجار دورين درج جانبي 

فناء خارجي ومسبح 

بدون مكيفات بدون مطبخ 

للاستفسار ابو احمد 
0533332881",106.67,Old
الرياض,حي العارض,شمال,250,0,5,5,1,1,0,0,1,0,0,0,0,1,0,1,1,0,0,85000,"== للايجار فيلا دبلكس راقية جدا وموقعها ممتاز 

== الموقع حى العارض شمال الملك سلمان 

==مواصفات الفيلا ،،،،،،

===== الدور الارضى ====


== مجلس رجال == مقلط طعام == صاله عائلية 

== مطبخ راكب بفتح على الصاله والحوش 

== حوش امامى وحوش خلفى صغير  

...",340.0,New
الرياض,حي العارض,شمال,250,0,5,5,1,1,1,0,1,0,0,0,0,1,0,1,1,0,0,80000,"للايجار فيلا دبلكس في موقع ممتاز جدا بالقرب من كمباوند لبنى العليان والمدرسة العالمية الامريكية. الفيلا مكونة من:



######الدور الأرضي######
حوش امامي وحوش صغير خلفي
مجلس
صاله واسعه
مطبخ راكب (يفتح على الصاله وعلى الحوش)

######الدور الثاني######
٤ ...",320.0,New
الرياض,حي الياسمين,جنوب,339,9,4,5,3,1,1,1,1,0,0,0,0,0,0,0,1,0,0,120000,"للايجار فيلا درج صاله فقط حي الياسمين
بناء شخصي  ساكنها المالك 
مساحه ٣٣٩م شارع ١٥ م جنوبي
مدخل سيارة غرفة سائق ملحق خارجي مجلس رجال ونساء وصاله طعام مطبخ
الدور الاول 4غرف نوم وصاله السطح غرفة وسطح
موسس بلا كامل
تكييف اسبلت
الايجار دفع واحده
١٢٠ الف
...",353.98,Medium
الرياض,حي المونسية,جنوب,350,0,3,3,2,1,0,1,1,0,0,1,0,1,0,0,1,0,0,65000,فله درج داخلي جديدة مجالس تحت وفوق ٣غرف نوم للاجار بالمونسيه.....خوجا...موقع ممتاز وديكورات جبسيه,185.71,New
الرياض,حي السليمانية,شمال,200,10,4,5,2,1,0,1,1,0,1,0,0,0,0,1,1,0,0,90000,"للايجار فيلا بحي السليمانية مساحه 
دبلكس مجلس ومقلط وصاله 
الدور الاول علوي 
٤غرف نوم  وصاله 
السطح غرفه شغاله ومكان غسيل 
عليها ٩٠الف",450.0,Medium
الرياض,حي العارض,شرق,220,0,4,5,1,1,1,0,1,0,1,0,0,1,0,1,1,0,0,85000,"للايجار فيلا دبلكس فاخرة 
الفيلا شغل شخصى ممتاز
موقعها بحى العارض 
مواصفات الفيلا // الارضى 
مجلس رجال + مقلط طعام 
صاله عائلية + مطبخ + مستودع 
وحوش + مغاسل + دورتين مياة 
//// الدور العلوى ////
ثلاث غرف نوم ( غرفه ماستر رئيسيه )
//// السطح /////
غر...",386.36,New
الرياض,حي العقيق,شرق,900,20,5,5,2,1,1,1,1,0,0,0,0,0,0,0,1,0,0,200000,"لايجار فيلا درج صالة 
حي العقيق 
شارع تجاري ٣٠ 
الدور الارضي استقبال كامل 
مجالس رجال و صالة طعام و مجلس نساء مع صالة 
مطبخ كبير 

الدور العلوي 
خمس غرف نوم 
مع صالة 
مع السطح مع المنافع 

مطلوب ايجار ٢٠٠ الف 
قابل للتفاوض",222.22,Old
الرياض,حي المونسية,شمال غربي,290,0,7,5,2,1,1,0,1,1,1,1,0,1,0,0,1,0,0,90000,"للإيجار فيلا جديده مستخدمه ثلاثة أشهر حي المونسية الغربيه موقع مميز جداً  قريبه من المطار ومن جميع الخدمات على شارعين  مطبخ راكب + فرن + ميكرويف +ثلاجات عدد ٢ +ومكيفات راكبة سبليت جميع الغرف + مكيف دولاب في الصاله  + غسالات اتوماتيك عدد ٣ 


 🔷 أسس ...",310.34,New
الرياض,حي المرسلات,غرب,400,18,5,5,1,1,1,1,1,0,1,1,0,1,0,0,0,0,0,150000,"عمرها 18 سنة, حالتها ممتازة , شارع 20 , رخام , جبس ,سيراميك ,مكيغات سبيلت , مطبخ , ستائر",375.0,Old
الرياض,حي العقيق,غرب,375,13,5,5,2,1,1,0,1,0,0,1,0,1,0,0,1,0,0,80000,"فيلا للايجار بالعقيق
مكونه من
مدخل سياره وملحق خارجي وحوش ومجلس رجال ومقلط وصاله ومطبخ بداخله مستودع صغير وغرفه كبار سن
وفوق ٤ غرف نوم وصاله
والسطح غرفه شغاله 
بدون بدون بدون مطبخ ولا مكيفات
الايجار ٨٠الف

و",213.33,Medium
الرياض,حي المونسية,شرق,200,5,7,5,2,1,0,0,1,0,1,0,0,0,0,1,1,0,0,50000,"فيلا للايجار 

حي المونسية

دبلوكس

درج داخلي 

المكيفات سبيلت راكبة

المطبخ راكب

مجلس ومقلط وصالة ومطبخ

الدور الاول 4 غرف و صالة 

السطح 2 غرفة وسطح كبير


الايجار 50000 ريال

0568191192
0501690778
0582920639",250.0,Modern
الرياض,حي الرحمانية,شمال,450,12,7,5,2,1,1,1,1,0,1,0,0,1,0,0,0,0,0,130000,للايجار فله فاخره استعمال نظيف بموقع متميز حي الرحمانيه يتوسط موقعها مابين طريق الملك فهد وطريق التخصصي وطريق العروبه وطريق الملك عبدالله مكيفه بالكامل يوجد غرفة سائق ومدخل سياره وغرفه خادمه الرجاء الاتصال,288.89,Medium
الرياض,حي القادسية,غرب,250,0,5,5,2,1,1,0,1,0,0,0,0,0,0,0,1,0,0,55000,"ايجار فيلا جديد دبلكس متلاصقه مشب مقلط مجلس رجال صالةغرفة كبارسن مطبخ هذا الارضي اربع غرف نوم ثنين غرفة نوم ماستر صاله كورنر صغير كوفي
الاول غرفة شغاله حمام سطح الثاني
باقي التفاصيل واتس......",220.0,New
الرياض,حي النرجس,شرق,270,0,4,5,2,1,1,1,1,1,1,0,0,1,0,0,1,0,0,100000,"للايجار فيلا درج صاله

شغل مودرن تصميم راقي جداً

بحي النرجس

عمرها سنة وحده

المساحه ٢٧٠م شارع ١٥شرقي 

تتكون من....
الدور الارضي استقبال بالكامل

حوش و مدخل سياره 🚐 و غرفة سائق
مجلس رجال و مقلط و صاله ومطبخ راكب
ومكيفات راكب اسبلت

الدور العلوي......",370.37,New
الرياض,حي الملقا,شمال,200,0,4,5,1,1,0,0,0,0,0,0,0,0,0,1,1,0,0,120000,"ماشاء الله تبارك الله فيلا بحي الملقا بمدينة الرياض دبلوكس جديدة بناء شخصي للايجار.

الدور الأرضي: مجلس رجال بدورة مياه، صالة، مطبخ مع توصيلة غاز مركزي فقط، مجلس نساء دورة مياه. 

الدور الأول: غرفة نوم رئيسية مع دورة مياه مؤسس لها جاكوزي، صالة، غرفة ...",600.0,New
الرياض,حي الياسمين,شمال,300,3,4,3,1,1,1,1,1,0,1,0,0,0,0,1,1,0,0,110000,"للايجار فيلا دبلكس حي الياسمين
4 غرف نوم تحت مجالس مودرن مفتوحه علي بعض
مطبخ راكب ومكيفات 
غرفه خادمه غرفه غسيل غرفه سواق
مدخل سياره عمرها 3 سنوات
السعر 110 الف
لتواصل ابو زياد 0551613918",366.67,Modern
الرياض,حي النرجس,غرب,300,0,5,5,3,1,1,0,1,0,1,1,0,1,0,0,1,0,0,70000,"فله مساحه ٣٠٠ م بحي النرجس شمال سلمان مباشره للايجار .
الارضي مجلس رجال وغرفه طعام وصالتين 
وغرفه خادمه مستقله 
ملحق مستقل بحمام
مطبخ راكب ..
بوفيه 
غرفة ملابس وغساله اوتماتيك .
الدور الاول ٣ غرف بحماماته منها وحده ماستر 
صاله بحمام..مكيفات راكبه اسب...",233.33,New
الرياض,حي العارض,شمال,250,0,5,5,1,1,1,0,1,0,0,0,0,1,0,1,1,0,0,80000,"للايجار فيلا دبلكس في موقع ممتاز جدا بالقرب من كمباوند لبنى العليان والمدرسة العالمية الامريكية. الفيلا مكونة من:



######الدور الأرضي######
حوش امامي وحوش صغير خلفي
مجلس
صاله واسعه
مطبخ راكب (يفتح على الصاله وعلى الحوش)

######الدور الثاني######
٤ ...",320.0,New
الرياض,حي النزهة,شمال,300,0,7,5,1,1,1,1,1,0,1,0,0,0,0,0,1,0,0,125000,فيلا فاخره جديده في حي النزهه مكونه من مجلس - صاله طعام - صاله - ٤ غرف نوم -  مطبخ جديد - غرفه خادمه - غرفه غسيل ومستودع -غرفه سائق - مدخل سياره - وجميع الغرفه بها مكيفات اسبلت جديده - قريبه جداً من مدارس الرواد العالميه - قريبه من مستشفى الحمادي - ا...,416.67,New
الرياض,حي المعيزلة,غرب,250,0,5,5,1,1,1,1,1,0,0,0,0,1,0,0,1,0,0,55000,"فيلا للايجار     لن تستخدم  جديده   كن انت اول مستأجر  لمن يبحث عن الجميل والمنزل الراقي 
الفيلا علي شارع ٢٠
حي القادسيه الجديده 
تتكون من دور ارضي 
مقلط 
ومجلس
٢ دوره مياه 
مطبخ 
وصاله 
درج اعلا تتكون من 
٢ غرف ماستر 
٢ غرف عادي 
٢دوره مياه 
وصاله 
...",220.0,New
الرياض,حي السليمانية,غرب,375,10,4,5,3,1,1,1,1,0,1,0,1,1,1,1,1,0,0,110000,"فيلا للايجار تقع في قلب حي العليا وجنوب طريق خريص خلف مستشفى ادما  وبالقرب 

التكييف مركزي لكامل الفيلا 

الدور الارضي مجلس - صالة طعام - وصاله ومطبخ ودورتين مياه وغرفة سائق ومدخل سياره ومسبح 

الطابق العلوي اربع غرف نوم ودورتين مياه 

القبو صالتين و...",293.33,Medium
الرياض,حي المونسية,جنوب,312,0,3,4,1,1,1,1,1,0,0,1,0,1,0,0,1,1,0,65000,"جديدددددددد🔄
فيلا درج داخلي،
استقبال تحت،
و٣ غرف نوم فوق،
وفوق غرفة غسيل..
المساحة ٣١٢ م
الشارع ١٥ جنوبي،
للايجار ٦٥ الف السنة..",208.33,New
الرياض,حي الرمال,جنوب,312,0,5,5,5,0,1,1,1,1,0,1,1,1,0,0,1,0,0,50000,"فيلا زاوية درج داخلى 
استقبال تحت أرضى مجلس وصالة وثلاثة غرف ومقلط..
فوق ثلاثة غرف نوم و صالة 
جديد بناء شخصى ..
حى الملك خالد طريق الثمامة...
55 الف دفعتين 
50 الف دفعة واحدة 
السعر قابل للتفاوض البسيط 
أضواء المساكن
أبو صلاح .....
رجاء مراسلتنا توا...",160.26,New
الرياض,حي العارض,شمال,400,0,5,5,2,1,1,1,1,0,1,0,0,1,0,0,1,0,0,100000,"فله تصميم حلو نظيفه الدور الارضي الحوش فيه حديقه واستقبال مجلس رجال ودورة مياه ومغاسل الدور الأول غرفه ماستر وغرفتين بينهم حمام وجناح وصاله الدور الثاني غرفة خادمه مع حمام مع غسيل وسطح 
المكيفات والمطبخ راكب
الإيجار في السنه ١٠٠الف دفعتين 
تأمين ٥ ال...",250.0,New
الرياض,حي القادسية,غرب,250,0,5,5,1,0,1,0,1,0,0,1,0,1,0,1,1,0,1,55000,"إيجار فيلا درج داخلي جديدة تمامآ تشطيب سوبر لوكس ممتازة جدآ
الدور الارضي يتكون من مدخل سيارة و حوش و مجلس رجال و مقلط و صالة كبيرة و مطبخ و اثنين غرفة كبار السن و ثلاث دورات مياه الدور الاول يتكون من أربع غرف نوم منهم اثنين ماستر و دورة مياه الدور ال...",220.0,New
الرياض,حي القادسية,غرب,250,0,5,5,2,0,1,1,0,0,0,1,0,0,0,1,1,0,0,55000,"إيجار فيلا حي القادسية مساحة ٢٥٠ متر درج داخلي تتكون من مشب
مقلط
مجلس رجال
صالة
غرفة كبار سن
مطبخ 
هذا الارضي اربع غرف نوم 
ثنين غرفة نوم ماستر 
صاله
كورنر صغير كوفي
الاول غرفة شغاله 
حمام
سطح
الثاني الايجار سنوي ٥٥ الف",220.0,New
الرياض,حي الربيع,جنوب غربي,327,10,4,5,2,1,1,1,1,0,1,0,0,1,0,0,1,0,0,100000,"للايجار فيلا بحي الربيع الشرقي مساحه 327م
زاوية جنوبيه غربية شوارع 15متر
تحت استقبال كامل 
مجلس ومقلط وصاله 
غرفه سائق 
مدخل سياره 
الدور الاول علوي 
4غرف نوم وصاله 
السطح غرفه شغاله ومكان غسيل 
ركب مكيفات 
بدون مطبخ
عليها 100الف",305.81,Medium
الرياض,حي النرجس,شمال,336,0,5,5,2,1,1,1,1,0,1,0,1,1,0,0,0,1,0,140000,"فله المساحه ٣٣٦متر درج صاله مجلس و صاله طعام وصاله ومطبخ ٢حمام مغاسل مصعد مسبح ٥غرف نوم غرفة سائق وغرفة خادمه العمر مايقارب سنه
الإيجار ١٤٠الف
تأمين ٥ الف
الموقع غير دقيق
0568811135 خالد",416.67,New
الرياض,حي العارض,شرق,325,7,5,5,4,1,1,0,1,0,1,1,0,1,0,0,1,0,0,90000,"فيلا للإيجار في حي النرجس

الأرضي: مجلس + صالة + مقلط + مجلس نساء + مطبخ + ملحق   
الأول: 5غرف نوم + 3غرف نوم ماستر+ غرفتين نوم ودورة مياه + غرفة ملابس

الثاني: غرفة خادمة + سطح 

مشاري

0556118008  

وائل الزارع

0535747576


   &&شركة باز التنمية ل...",276.92,Medium
الرياض,حي المونسية,جنوب,325,2,4,4,2,0,1,1,1,0,0,1,0,0,0,0,1,0,0,50000,"نظيفه 
قريبه من طريق الثمامه",153.85,Modern
الرياض,حي الياسمين,شمال,312,9,6,5,2,1,1,0,0,0,1,0,0,1,0,0,1,0,0,85000,"فله مفصوله ٣١٢ م للايجار
تحت كراج ومجلسين رجال ونساء ومقلط 
٣ حمامات ومطبخ بدون سايق او ملحق
دور علوي
غرفتين بينهم حمام و٣ غرف وااسعه بحماماتها
وسطح به غرفتين وغسيل وسطح
الفله قرب مسجد
يوجد فيديو للجادين",272.44,Medium
الرياض,حي ظهرة لبن,شمال غربي,500,8,7,5,1,1,1,1,1,0,1,0,0,1,0,0,1,0,1,50000,"للإيجار فله في لبن دور ارضي مع مسروق على شارعين 20م
الدور الأرضي عباره عن مجلس ومقلط وصالة وغرفتين ومطبخ ودورتين مياه
والدور الثاني غرفتين ودورة مياه ( وممكن فتح شقة بجانب الدور المسروق ليصبح الدور العلوي ٤ غرف مع دورتين مياه + الغرفتين الأرضية ليصبح...",100.0,Medium
الرياض,حي العارض,شمال,250,0,5,5,1,1,1,0,1,0,0,0,0,1,0,1,1,0,0,80000,"للايجار فيلا دبلكس في موقع ممتاز جدا بالقرب من كمباوند لبنى العليان والمدرسة العالمية الامريكية. الفيلا مكونة من:



######الدور الأرضي######
حوش امامي وحوش صغير خلفي
مجلس
صاله واسعه
مطبخ راكب (يفتح على الصاله وعلى الحوش)

######الدور الثاني######
٤ ...",320.0,New
الرياض,حي الروضة,جنوب,352,30,7,5,2,1,1,0,1,0,1,1,0,1,0,0,1,0,1,80000,"الجزء الثاني (يوجد جزء ثالث واخير )
======================


فيلا مجددة بالكامل( درج بالصالة ) للايجار :
==========================

      فيلا (درج بالصالة) مجددة بالكامل حديثة التشطيب من اسقف جبسية ودهانات مختارة وادوات صحية وبلاط .

وتتكون الفيلا ...",227.27,Old
الرياض,حي النرجس,شمال شرقي,450,0,5,4,3,1,1,1,0,0,1,1,0,1,1,0,1,0,0,110000,"للايجار فيلا درج صاله في حي النرجس 
شغله شخصية 
مكون من ٢ مدخل سياره 
وغرف سايق 
مدخل رجال ومدخل نساء 
وملحق خارجي وحمام
مجلس صاله مقلط 
٣غرف نوام ومطبخ راكب 
الدور الأول ٣غرف نوام وصاله 
٥حمام
مكيفات اسبلت راكب 
شغله شخصية 
الفلا تفتح علي ٣شوارع
غرب...",244.44,New
الرياض,حي العقيق,شمال,600,4,5,5,3,1,1,1,1,0,1,1,0,1,0,0,0,0,0,180000,"للإيجار فيلا ممتازه vip حي عقيق الموسىمكونه من الدور الارضي غرفة سائق بدورة مياه ملحق خرجي كراج سيارة حوش كبير
مجلس و مجلط و صاله كبيره و مطبخ و دورين مياه 
الدور الاول مكون من ٤ اجنحه وصاله كبيره و ٤ دورات مياه 
الدور الثاني مكون من غرفتين و صاله و ...",300.0,Modern
الرياض,حي العليا,شمال,500,27,5,5,2,1,1,0,0,0,0,1,0,1,0,0,0,0,0,115000,حي العليا جنوب شارع الامير سلطان,230.0,Old
الرياض,حي الورود,غرب,400,10,3,4,1,1,1,1,1,0,1,0,1,1,1,0,1,0,0,80000,"فيلا للايجار في منطقه حيويه تحتاج الى اعاده تأهيل وبالامكان تخفيض الايجار للسنه الأولى بمقابل عمل الاصلاحات والترميم
علماً بأن الايجار الفعلي للفيلا 160ألف . 
تناسب الافراد والمقيمين لوقوعها في المنطقه الحيويه 
للتواصل 
0530005055منصور.              ...",200.0,Medium
الرياض,حي النرجس,شمال شرقي,450,0,5,5,3,1,1,1,1,0,1,1,0,1,0,0,1,0,0,110000,"للايجار فيلا درج صاله في حي النرجس 
شغله شخصية 
مكون من ٢ مدخل سياره 
وغرف سايق 
مدخل رجال ومدخل نساء 
وملحق خارجي وحمام
مجلس صاله مقلط 
٣غرف نوام ومطبخ راكب 
الدور الأول ٣غرف نوام وصاله 
٥حمام
مكيفات اسبلت راكب 
شغله شخصية 
الفلا تفتح علي ٣شوارع
غرب...",244.44,New
الرياض,حي المونسية,شرق,200,2,7,5,2,1,1,0,1,0,0,0,0,0,0,1,1,0,0,65000,"فيلا للايجار ثلاث ادوار درج داخلي 
حي المونسية مربع 37 
قريبة من طريق الصحابة 
الدور الاول 
مدخل سيارة 
مقلط صالة مجلس + 2 دورة مياة 
مطبخ + مستودع + حوش غسيل 
الثاني 
4 غرف نوم + صالة + 3 دورات مياة 
الدور الثالث 
4 غرف نوم + دورتين مياة + صالة 
الا...",325.0,Modern
الرياض,حي الروضة,جنوب,352,30,7,5,2,1,1,0,1,0,1,1,0,1,0,0,1,0,1,80000,"الجزء الثالث والاخير للتصوير
==================


فيلا مجددة بالكامل( درج بالصالة ) للايجار :
==========================

      فيلا (درج بالصالة) مجددة بالكامل حديثة التشطيب من اسقف جبسية ودهانات مختارة وادوات صحية وبلاط .

وتتكون الفيلا من ( 3 مداخ...",227.27,Old
الرياض,حي الملقا,جنوب,200,3,5,5,1,1,1,0,1,0,1,0,0,0,0,0,1,0,0,85000,فلة للإيجار في حي الملقا راكب مكيفات ومطبخ مجددة الارضي مجلس ومقلط وصالة ومدخل سيارة والعلوي ٤ غرف نوم والسطح ٥رفتين وغرفة شغالة وغسيل  ب ٨٥ الف دفعتين,425.0,Modern
الرياض,حي العارض,شرق,375,0,4,5,1,1,0,1,1,0,1,1,0,0,0,0,1,0,0,110000,فلة ممتازة للايجار في حي العارض مستخدمة عدة سنوات مؤثثة اثاث جديد فخم الارضي غرفة كبار سن ومجلس رجال ومقلط رجال ومجلس نساء وصالة ومطبخ والعلوي ٣ نوم والسطح غرفة شغالة ومستودع وغرفة غسيل ولعب أطفال يوجد فيبر نت وابواب إلكترونية وتحكم اكتروني فيها ب ١١...,293.33,New
الرياض,حي الفيحاء,شمال غربي,650,5,7,5,3,1,1,0,1,0,1,1,1,1,1,0,1,0,1,120000,"فيلا كامل للاجار 
حي الفيحاء - شارع

الفيلا تتكون من : الدور الارضي 
مدخل سيارة + حوش + ٢ خيمة مشب + حديقة مع جلسة علويه + مسبح 
مجلس
مقلط
صالتين
مطبخ ركب
غرفتين نوم
٤ دورات مياه

الدور العلوي تتكون من درج صالة
صالة 
مطبخ مفتوح صالة
٣ غرف نوم
٢ دورات...",184.62,Modern
الرياض,حي النموذجية,شمال شرقي,900,4,5,5,5,1,1,1,1,0,0,1,1,1,0,0,1,0,0,300000,"فيلا للايجار في حي النموذجيه المساحه 1600 متر علي شارعين ومدخلين وحوش يتسع ل 8 سيارات المميزات 
مسبح  حديقه ووواسعه جدا من افضل وارقي التصاميم 
الفيلا جديده",333.33,Modern
الرياض,حي المونسية,جنوب,360,2,4,3,1,1,1,1,0,0,0,1,0,1,0,0,1,0,0,55000,فيلا  الايجار  درج داخلي  تحت مجالس   فوق  ٣ غرف نوم  معي دورات مياة,152.78,Modern
الرياض,حي الربوة,غرب,330,10,5,5,2,1,0,1,1,0,1,0,0,1,0,0,1,0,0,79000,"فيلا مستقلة بموقع حيوي شرق طريق النهضة وغرب الدائري الشرقي - حي الربوة.
قريبة من الأسواق التجارية والمطاعم والمدارس الحكومية والأهلية والعالمية.
توفر جميع الخدمات من كهرباء وماء وصرف صحي وألياف بصرية.
سخان مركزي خاص للفيلا.
عشرة (10) مكيفات سبليت.
مط...",239.39,Medium
الرياض,حي العارض,شمال,250,0,5,5,1,1,1,0,1,0,0,0,0,1,0,1,1,0,0,80000,"للايجار فيلا دبلكس في موقع ممتاز جدا بالقرب من كمباوند لبنى العليان والمدرسة العالمية الامريكية. الفيلا مكونة من:



######الدور الأرضي######
حوش امامي وحوش صغير خلفي
مجلس
صاله واسعه
مطبخ راكب (يفتح على الصاله وعلى الحوش)

######الدور الثاني######
٤ ...",320.0,New
الرياض,حي عليشة,شمال,325,12,5,4,2,1,0,0,1,0,1,0,0,0,0,0,1,0,0,50000,"للايجار فله يحي عليشه الموقع ممتاز جدا 
 الاستفسار اتصل 0569665214",153.85,Medium
الرياض,حي الرمال,غرب,310,0,7,4,1,1,1,0,0,0,0,1,0,1,0,1,1,0,1,56000,"فيلا جديدة في حي الرمال للإيجار 
حي الرمال - شارع

الفيلا تتكون من :
الدور ارضي مدخل سيارة + حوش + ملحق خارجي + مشب
مجلس
مقلط
صالة
مطبخ
دورتين مياه

الدور العلوي
٣ غرف نوم 
دورة مياه 
غرفة نوم ماستر
دورة مياه تبع الماستر

السطح
سطح كبير

🌐 روبى المس...",180.65,New
الرياض,حي السليمانية,غرب,220,9,4,4,3,1,1,0,1,0,1,0,0,1,0,1,1,0,0,90000,فيلا للايجار في حي السليمانيه درج صاله مكيفات مركزي وغاز مركزي ومطبخ راكب,409.09,Medium
الرياض,حي الملقا,شرق,200,3,5,5,5,1,1,1,1,0,0,1,1,1,0,0,1,0,0,85000,"فيلا للايجار ٢٠٠ م
مجلس مقلط صاله اربع غرف نوم
وغرفتين بالسطح
بالملقا
غرفة غسيل وخادمة مدخل سياره بها مطبخ راكب ٧ مكيفات اسبيلت

بدون غرفة سواق

الإيجار ٨٥ الف",425.0,Modern
الرياض,حي النرجس,شرق,250,0,4,5,2,1,1,1,1,0,1,1,0,1,0,0,1,0,0,90000,"فيلا للايجار بالكامل 
٤ غرف نوم منها غرفتين ماستر
مجلس ومقلط و٥ حمامات وغرفه سائق وغرفه شغاله وسطح
يوجد مدخل سياره",360.0,New
الرياض,حي العقيق,جنوب,300,6,4,5,3,1,1,1,1,0,1,0,0,1,1,1,0,0,0,120000,"للايجار فله دبلكس يوجد فيها قبو 
مكونه من تحت استقبال و فوق ٤ اجنحه نوم وصاله والسطح مكون من غرفه خادمه و غسيل  و دورة مياه وسطح",400.0,Medium
الرياض,حي الورود,شمال شرقي,580,20,7,5,1,1,1,1,1,0,1,0,0,1,0,0,1,0,0,150000,"فلة للايجار 
المساحة :٥٨٠ م
الواجهه : شمالي شرقي
تتكون من :-
مجلس وجال 
ومقلط
وصالة مفتوحة على الدرو الاوال 
مجلس نساء 
وغرفة 
مطبخ داخلي 
٤ غرف نوم 
١ غرفة نوم الرئسية 
الملاحق :-
غرفة للخادمة 
غرفة غسيل 
ومطبخ خارجي 
وغرفة سائق",258.62,Old
الرياض,حي النرجس,شرق,230,0,3,5,2,1,1,1,1,0,1,0,0,1,0,0,1,0,0,90000,"فله للايجار
شمال طريق الملك سلمان
عباره عم ٣ غرف نوم وغرفه ماستر و٥ حمامات وغرفه سائق وغرفه شغاله وسطح َحوش
ايجار الفله دفعه واحده فقط",391.3,New
الرياض,حي حطين,شمال,460,0,5,5,3,1,1,1,1,1,1,1,1,1,0,0,0,0,0,400000,"للايجار فلل راقيه في كمباوند خاص vip بحي الجوهرة شمال الرياض يوجد عده فلل بشرائح سعريه مختلفه حسب المساحه وعدد الغرف ، والتاثيث من بدونه الاسعار من 280 الف الى 450 الف 
‏يوجد في الكمبانود ‏مسبح في البهو الرئيسي بالإضافة إلى لاونج ونادي رياضي وصاله اس...",869.57,New
الرياض,حي الملقا,شرق,228,0,4,5,2,1,1,1,1,0,1,0,0,1,0,1,1,0,0,150000,"للايجار فلتين دبلكس في ملقا العجلان 
مقابل المكان مول موقع ممتاز وشارع ٢٠م  
الدبلكس الواحد يحتوي على:
٩ غرف
صالة
مطبخ
٦ حمامات
غرفة خادمة/ سائق
مدخل خاص للسيارة
ومكيفات سبلت
( الدبلكس الواحد ب١٥٠.٠٠٠ ريال )
للاستفسار والتواصل /٠٥٥١٥٠٢٢٧٧-٠٥٥١٥٠٢٢٨٨",657.89,New
الرياض,حي العارض,شمال,200,4,5,5,2,1,1,1,1,1,1,1,0,1,0,1,1,0,1,110000,"فيلا دبلكس متلاصقه  لليجار حي دانه الياسمين 
مؤثثه بالكامل اثاث جديد 
الدور الارضي مجلس خارجي
 مجلس رجال وصاله استقبال كبير 
ومطبخ مع كامل اجهزته
 ودورتين مياه
 مدخل خاص بالرجال ومدخل بالنساء 
الدور الثاني صاله غرفه نوم رئيسيه 
وغرفتين اضافيه ودورتين...",550.0,Modern
الرياض,حي الياسمين,شمال شرقي,350,4,5,5,2,1,1,1,1,0,1,0,0,1,0,0,1,0,1,125000,"للإيجاااار
فيلا فاخرة زاوية للإيجارفي حي الياسمين مجلس ودورة مياه ومقلط وصاله ودورة مياه ومطبخ وبيت شعر وغرفة سائق ، الدور الأول : صاله ودورة مياه و3 غرف نوم واحدة من الغرف ماستر، الدور الثاني : غرفة خادمه ودورة مياه وغرفه غسيل وسطح
 
الموقع غير دقيق...",357.14,Modern
الرياض,حي السليمانية,جنوب غربي,300,7,4,3,1,1,1,1,1,1,1,0,0,0,0,0,1,0,0,125000,"فيلا خاصة هادئة جدا خصوصيتها تكسب الروح هدوء الشتاء وهبوب الصيف وراحة الربيع ودفء جميع الفصول 
متنوعة المساحات رونقها يدل على اختيار عذب وسلسبيل الوجدان قامت على أسس غربية مفعمة بتوالي الابداع في ثنايا أروقة الفيلا وبمطل من الصالة يأسر اللب
بها ملاحق...",416.67,Medium
الرياض,حي العارض,شمال,250,0,5,5,1,1,1,0,1,0,0,0,0,1,0,1,1,0,0,80000,"للايجار فيلا دبلكس في موقع ممتاز جدا بالقرب من كمباوند لبنى العليان والمدرسة العالمية الامريكية. الفيلا مكونة من:



######الدور الأرضي######
حوش امامي وحوش صغير خلفي
مجلس
صاله واسعه
مطبخ راكب (يفتح على الصاله وعلى الحوش)

######الدور الثاني######
٤ ...",320.0,New
الرياض,حي المناخ,شمال,600,5,7,5,5,1,0,0,0,0,0,0,0,1,0,0,1,0,0,140000,"عقار رقم 2115/2116
فلتين متلاصقة سكن عماله عباره عن 
٢٠غرفة و٦صالات و٤مطابخ و١٢دورات مياه
السعر /             140الف وقابل للتفاوض 
طريقة الدفع كل ست شهور او سنة


عزيزي العميل 
نسعد بخدمتــك 
واهلاً بك في حي المناخ 
يوجد لدينااا اكثر من 2200 عقار 
ت...",233.33,Modern
الرياض,حي الحزم,شرق,298,0,5,5,3,1,1,0,1,0,0,1,0,1,0,1,1,0,0,50000,"السلام عليكم ورحمه الده وبركاته 
الفله تم تآجيرها مره واحده 
وانتهاء اجار المستاجر بتاريخ 
١١/٧/١٤٤٢

للتواصل واتس اب (0590619012)

الاجار اذا سنه (٤٠.٠٠٠ الف) 
الاجار  على جزئين (٥٠.٠٠٠ الف)",167.79,New
الرياض,حي العارض,جنوب,300,0,4,5,2,1,1,1,1,0,1,0,0,1,0,0,1,0,0,85000,"للايجار فيلا  حي العارض 

مساحه 300 متر 
شارع 20 جنوبي 

مدخل سيارة وغرفة سائق
مجلس و مقلط وصاله و مطبخ بمستودع و غرفة شغاله 

الدور الأول 

4 غرف نوم و صاله كبيرة",283.33,New
الرياض,حي البديعة,شمال,1600,35,5,5,5,1,1,1,1,0,0,1,0,1,0,0,1,0,0,70000,"فيلا للايجار في البديعه المساحه 1600 متر 
دورين مفصولين او درج وصاله 
حوشين  مجموعه غرفه وووواسعه 
 قديمه تحتاج ترميم والذي بيستاجر سيتم خصم الاصلاحات والترميمات من الايجار 
وعقد طويل المدي  
 ويمكن للمستاجر ان يؤجر في الباطن لايوجد لدينا مانع",43.75,Old
الرياض,حي النرجس,شرق,250,0,4,5,2,1,1,1,1,0,1,1,0,1,0,0,1,0,0,90000,"فيلا للايجار
دفعه واحده فقط
الفيلا عباره عن ٤ غرف نوم منها غرفتين ماستر
ويوجد ٥ دورات مياه
ومجلس ومقلط
ومدخل سياره
وغرفه خادمه وغرف سائق
🌹🌹دفعه واحده فقط 🌹🌹",360.0,New
الرياض,حي العارض,شرق,375,3,5,5,2,1,1,1,1,1,1,1,0,1,0,0,1,0,1,110000,"الوصف
فيلا للايجار مؤثثه شمال الرياض حي العارض..
مساحة  ٣٧٥م شارع ٢٠شرقي 

مكتمله الفيلا بها مطبخ ومكيفات ومجالس مؤثثه بالكامل اثاث جديد 

يوجد غرفة خادمه

يوجد غرفة سايق

يوجد ملحق خارجي

يوجد نت فايبر الياف بصريه لكامل الفيلا

يوجد كميرات 

يوجد غر...",293.33,Modern
الرياض,حي الشهداء,شرق,300,15,7,5,2,0,1,1,1,0,0,0,0,1,0,1,1,0,0,50000,"بسم الله الرحمن الرحيم

فيلا للأيجار بحي غرناطة 

الفيلا موقعها ممتاز وقريب من المواصلات وقريب من شارع خالد بن وليد 

الفيلا قبل فتره قريبه تم تغير البويا وتنضيفها يوجد اربع غرف نوم بحماماتها",166.67,Medium
الرياض,حي الروضة,غرب,3000,19,3,5,5,1,1,1,1,1,1,0,1,1,1,0,0,0,0,250000,"كمباوند يتالف من ٥ فلل منفصلة ٤ فلل ٣ غرف نوم ماستر وصالة حرف ال ومطبخ وفيلا كبيرة فيها ٤ غرف نوم مستقلة وصاللتان كبيرة كما يوجد مكان لعمل الحفلات والمناسبات مجهز يتسع ل٥٠ شخص موقع الكمباوند جميل جدا وهادى للاستفسار 
ابووسيم 
 0558341000
0502267502",83.33,Old
الرياض,حي قرطبة,شرق,312,10,4,5,2,1,0,1,1,0,1,0,0,1,0,0,1,0,1,85000,"فيلا درج داخلي مكونة من 

الدور الأرضي / مجلس - مقلط - صالة - مطبخ - مشب - مستودع - دورتين مياة - حوش 

الدور الاول / صالة - 4 غرف نوم مع دورات مياة 

الدور الثاني / غرفة خادمة - دورة مياة مع غرفة غسيل 

المطبخ راكب 

التكييف اسلبت راكب ما عدا 3

*يو...",272.44,Medium
الرياض,حي الصحافة,غرب,350,2,5,5,2,1,0,1,1,0,1,0,0,1,1,0,1,0,1,90000,"للايجار فيلا درج صاله بحى الصحافة 
عبارة عن مدخل سيارة حوش واسع 
مجلس رجال ومجلس نساء 
ملقط وصاله مطبخ 
الدور العلوي 
5 غرفه نوم منهم غرفتين نوم ماستر 
وصاله 
السطح غرفه شغاله غرفه غسل 
والسطح واسع 
المطبخ راكبه المكيفات راكبه 
الفيلا مجدي بكامل 
قري...",257.14,Modern
الرياض,حي العريجاء الغربية,3 شوارع,1600,4,5,5,3,1,1,1,1,0,0,1,0,1,0,0,0,0,0,250000,"قصر للايجار في حي العريجاء الغربيه مساحته حوالي 1800م
على 3شوارع جنوبي غربي شرقي
يصلح مدارس اهليه او مركز صحي او مقر شركه 
في ملاحق ومساحة الحوش تتسع لاكثر من 10 سيارات 
بالنسبه للمبني عباره عن مجلس ومقلط وصاله و3غرف نوم 💤 واحده منهم ماستر 
والدور ا...",156.25,Modern
الرياض,حي العارض,جنوب,300,0,4,4,3,0,0,0,0,0,0,0,0,0,0,0,0,0,0,85000,"🔴 العرض رقم (14)
♦️- نوع العقار ( فيلا للايجار ) 
♦️- الحي / العارض
♦️- المساحة ( 300 )م
♦️- الشارع / 20 جنوب
♦️- الايجار/ ٨٥الف للسنه
-----
نسوق عقاراتكم ونلبي طلباتكم
🔸أركان النهضه للعقارات🔸
الرياض-العارض-طريق الملك عبدالعزيز
 0555373139",283.33,New
الرياض,حي المونسية,شرق,253,5,4,5,1,1,1,0,1,0,1,1,0,1,0,0,1,0,0,50000,"فيلا للايجار درج داخلي دورين 
مدخل سيارة حوش 

ملحق خارجي مجلس  مقلط صالة كبيرة 
مطبخ راكب مكيفات راكبة 
غرفة خادمة 
ومستودع 
الدور الثاني أربع غرف نوم  إثنين منها ماستر 
وصالة رياضية 
الايجار 50000 دفعة واحدة",197.63,Modern
الرياض,حي النفل,غرب,500,0,7,5,2,1,1,1,1,0,1,0,0,1,0,0,1,0,0,160000,"للإيجار فيلا مودرن جديدة بحي النفل


المواصفات : 
• مدخل سيارة 
• غرفة سائق 
• مجلس رجال ونساء 
• صالة طعام 
• صالة عائلية واسعة 
• مطبخ + غرفة خادمة 
• غرفة كبار سن 

الدور الأول :
• 3 غرف نوم 
• صالة عائلية + سيرفس 

الدور الثاني : 
• غرفة خادمة 
•...",320.0,New
الرياض,حي القدس,جنوب,1000,25,5,5,3,1,1,1,1,0,1,1,1,1,1,0,1,0,1,160000,"فله للإيجار 

خلف بنك الجزيره مقابل جامع البخاري 

مساحة  1000 متر 
العمر ٢٥ 
فله رقم ٧ 
رقم المبنى ٣٢٠٠ 
الفلّه مكونه من 

درج داخلي ودرج جانبي وحوش كبير وملحق خارجي (مشب) ومسبح وثلاث دورات مياه ..

الدور الأرضي 
يتكون من مجلس ومقلطين وغرفتين نوم وص...",160.0,Old
الرياض,حي العارض,شمال,250,0,5,5,1,1,1,0,1,0,0,0,0,1,0,1,1,0,0,80000,"للايجار فيلا دبلكس في موقع ممتاز جدا بالقرب من كمباوند لبنى العليان والمدرسة العالمية الامريكية. الفيلا مكونة من:



######الدور الأرضي######
حوش امامي وحوش صغير خلفي
مجلس
صاله واسعه
مطبخ راكب (يفتح على الصاله وعلى الحوش)

######الدور الثاني######
٤ ...",320.0,New
الرياض,حي الروضة,غرب,300,0,4,4,2,1,1,0,1,0,1,0,0,1,0,0,1,0,0,85000,,283.33,New
الرياض,حي الروضة,جنوب,352,30,7,5,2,1,1,0,1,0,1,1,0,1,0,0,1,0,1,80000,"الجزء الاول (يوجد جزء ثاني وثالث اخير )
========================= 


فيلا مجددة بالكامل( درج بالصالة ) للايجار :

فيلا (درج بالصالة) مجددة بالكامل حديثة التشطيب من اسقف جبسية ودهانات مختارة وادوات صحية وبلاط .

وتتكون الفيلا من ( 3 مداخل رئيسية خارجي...",227.27,Old
الرياض,حي المونسية,شرق,225,0,4,3,2,1,1,0,1,0,1,0,0,1,0,0,1,0,0,100000,"للايجار فيلا درج دخلى النرجس رقم 1623
المواصفات : فيلا درج دخلى تتكون من : 
الدور الارضى يتكون من مطبخ امريكان + صاله + مجلس + 2 دورات مياه 
الدور العلوى يتكون من ثلاث غرف منهم غرفه ماستر + 2 دورات مياه 
الدور الثانى ملحق بالسطح + غرفه + مطبخ + دوره ...",444.44,New
الرياض,حي السليمانية,شمال,200,8,4,5,2,1,1,1,1,0,0,0,0,0,0,1,0,0,0,90000,"للايجار فيلا بحي السليمانيه 
مساحه200متر
شمال ١٥متر
دبلكس
 مجلس ومقلط وصاله ومطبخ 
الدور الاول علوي ٤غرف نوم وصاله 
السطح غرفه شغاله ومكان غسيل 
عليها٩٠الف",450.0,Medium
الرياض,حي السليمانية,جنوب,220,8,4,4,3,1,1,0,1,0,1,0,0,1,0,0,1,0,0,90000,فيلا للايجار في حي السليمانيه درج صاله الدور الأرضي مجلس رجال ومجلس حريم ودورتين مويه وصاله طعام الدور العلوي اربع غرف نوم السطح غرفه خدامه,409.09,Medium
الرياض,حي العارض,جنوب,300,0,4,5,2,1,1,1,1,0,1,0,0,0,0,0,1,0,0,85000,"للإيجار فيلا  درج داخلي في حي العارض

300م  شارع 20م  جنوبي

- مستخدمة 6 أشهر فقط 
- مدخل سيارة 
- غرفة سائق 
- مطبخ ومكيفات راكبه 

الدور الأرضي: مجلس. مقلط . صاله . مطبخ . مستودع .غرفة خدامة
الدور الأول: 4 غرف نوم وصالة كبيرة 

آجار : 85،000 ريال 
...",283.33,New
الرياض,حي الملك فهد,شرق,270,30,3,5,3,1,1,1,1,0,1,0,0,1,0,1,1,0,0,70000,"فيلا في مدينة الرياض (حي الملك فهد)  شارع ابن المأمون 
الواجهة شرق ٣ غرف نوم صاله ، مجلسين ٦ دورات مياة غرفة خادمة 
المساحة ٢٧٠ 

للتواصل واتس اب فقط لا استقبل مكالمات 
0508252248",259.26,Old
الرياض,حي العزيزية,جنوب,312,4,5,5,2,1,1,0,1,1,1,0,0,1,0,0,1,1,0,90000,السعر للايجار مع الاثاث و بدون الاثاث ٨٠٠٠٠ ريال,288.46,Modern
الرياض,حي حطين,شمال,400,0,4,5,3,1,1,1,1,1,1,0,1,1,0,0,1,0,0,400000,للايجار فلل راقيه في كمباوند خاص vip بحي الجوهرة شمال الرياض يوجد عده فلل بشرائح سعريه مختلفه حسب المساحه وعدد الغرف ، والتاثيث من بدونه الاسعار من 280 الف الى 450 الف,1000.0,New
الرياض,حي الواحة,شرق,375,11,4,5,3,1,1,1,1,0,1,0,0,1,0,0,0,0,0,95000,,253.33,Medium
الرياض,حي النرجس,شمال,300,0,5,5,3,1,1,1,1,0,0,1,0,1,0,0,0,1,1,120000,"فيلا للايجار حي النرجس 
بدروم مع مشب تراثي ومدخل سيارة ودورتين مياه بالدور السفلي
مجلس ومقلط وصالة جلوس عائلية ومطبخ ومستودع ودورتين مياه بالدور الارضي
3 غرف نوم ودورتين مياه بالدور الأول
غرفة خادمة وغرفة العاب وغرفة غسيل بالسطح 
الفيلا فيها مصعد راك...",400.0,New
الرياض,حي ظهرة لبن,شرق,450,3,7,5,2,0,1,0,0,0,0,0,0,1,0,0,1,0,1,60000,,133.33,Modern
الرياض,حي القادسية,شمال,384,0,5,5,2,1,1,1,1,0,0,1,0,0,0,0,1,0,1,80000,فيلا جديدة درج داخلي للايجار موقع ممتاز بحي القادسية قريب من الخدمات للمفاهمة 0555736810 / 0536222759/0503466604,208.33,New
الرياض,حي القادسية,غرب,250,0,5,5,1,1,1,0,0,0,0,1,0,1,0,0,1,0,0,55000,ايجار فيلا دبلكس حي القادسية الدور الاول مجلس مقلط مشب صاله غرفة كبار سن مطبخ الدور الثاني ٤ غرف نوم,220.0,New
الرياض,حي الروضة,شمال,686,25,5,5,3,1,1,1,1,0,1,1,1,1,1,0,1,0,1,150000,,218.66,Old
الرياض,حي المصيف,شمال,425,33,4,3,2,1,1,0,1,0,0,1,0,1,0,0,0,0,0,80000,,188.24,Old
الرياض,حي العارض,شمال,250,0,5,5,1,1,1,0,1,0,0,0,0,1,0,1,1,0,0,80000,"للايجار فيلا دبلكس في موقع ممتاز جدا بالقرب من كمباوند لبنى العليان والمدرسة العالمية الامريكية. الفيلا مكونة من:



######الدور الأرضي######
حوش امامي وحوش صغير خلفي
مجلس
صاله واسعه
مطبخ راكب (يفتح على الصاله وعلى الحوش)

######الدور الثاني######
٤ ...",320.0,New
الرياض,حي العارض,جنوب,360,0,5,5,2,1,1,1,1,0,1,0,0,0,0,0,0,0,0,110000,"فاخره للايجار  .......
         ((((((تفاصيل الفيلا ))))
**الدور الارضي **
&مدخل سياره 
&ملحق خارجي مع مغسله +حمام 
&مجلس رجال +استقبال +مغسله +حمام
&صالة طعام مفتوحه على المجلس 
&صاله كبيره مع +حمام 
&مجلس نساء 
&مطبخ فاخر 
&حديقه 
((يوجد مدخلين لدو...",305.56,New
الرياض,حي المونسية,جنوب,312,0,3,4,2,1,1,0,1,0,0,1,0,1,0,0,1,1,0,65000,"فيلا للايجار في المونسية جديدة 
قريبة من الخدمات",208.33,New
الرياض,حي قرطبة,شمال,390,5,7,5,4,1,1,1,1,0,1,0,0,1,0,0,1,0,0,130000,"فيلا للايجار بقرطبة الغربية 
تتكون من : استقبال 
حوش واسع وغرفة سائق مجلس رجال ومقط وصاله ومجلس نساء ومطبخ  ودورة مياة 
الدور الثاني : ٤ غرف نوم ٢ منهم ماستر واثنين حمامهم مشترك 
وصالة ، والدور الاخير ٣ غرف بملحقاته .",333.33,Modern
الرياض,حي الملقا,جنوب,200,2,6,5,2,1,1,0,1,0,1,0,0,1,0,1,1,0,0,90000,"للايجار دبلكس في حي الملقا 
العمر سنتين
الدبلكس مكون من:

الدور الارضي:-
صالة
مجلس
مقلط
مطبخ
غرفة اضافية
مدخل خاص للسيارة
حوش

الدور الاول:-
٤ غرف نوم
صالة علوية
دورتين مياه
غرفة ملابس

السطح:-
غرفة تخزين
غرفة خادمة
وغرفة غسيل

المطبخ و٦ مكيفات راكبة...",450.0,Modern
الرياض,حي النرجس,شرق,230,0,5,5,2,1,1,1,1,0,1,0,0,1,0,1,1,0,0,85000,"فيلا للايجار درج داخلي حي النرجس 
الدور الارضي :
مجلس رجال 
مجلس نساء 
صاله 
مطبخ 
حوش ومدخل سيارة 
غرفه سائق 
 مطبخ ومكيفات راكبه
الدور الاول :
غرفه ماستر 
غرفتين نوم 
صاله 
دورتين مياه

السطح :
غرفه خادمة
غرفه غسيل 
دوره مياه",369.57,New
الرياض,حي الفيحاء,4 شوارع,360,0,4,3,2,1,1,0,0,1,1,0,1,1,0,0,1,0,0,75000,فيلل داخل كمبوند للايجار  ٣غرف نوم ومجلس وصاله  حدائق  حمام سباحه صاله العاب رياضية حراسة وكاميرات  مراقبة,208.33,New
الرياض,حي المونسية,شمال,312,2,3,5,2,1,1,0,1,1,1,1,0,1,0,0,1,0,0,145000,"للايجار  فيلا   مساحة ٣١٢م  شارع ٢٠ م على طريق  الصحابه بالمونسيه
ملحق مدخل سياره   مجلس مقلط    ٢صاله مجلس نساء   مطبخ     مع مستودع مع غرفه للخادمه  بدورة مياه 
الدور الثاني ٣ غرف نوم واحده ماستر مع بلكونه  
الفيلا   موثثه    اثاث كامل   جديد من مك...",464.74,Modern
الرياض,حي الرمال,شرق,460,4,5,5,1,1,1,1,0,0,1,1,0,1,0,0,1,0,1,75000,"🏡فيلاء للإيجار حي اليحيي
موقع ممتاز جدا استراتيجي📍
تفتح ع جامع 🕌
مساحه 460م

راكب مطبخ ومكيفات اسبيليت

🏘️الفله تتكون من :

غرفه سائق
_وحوش مدخل سياره
_ومشب
_ومجلس رجال مع دور المياه _ مقابل له مجلس عربي 
_ومقلط
_وصاله
_ومجلس حريم
_ومطبخ مع مستود...",163.04,Modern
الرياض,حي الرحمانية,غرب,300,2,3,5,2,1,1,1,1,0,1,0,1,1,0,0,0,0,0,220000,"مجمع سكني في حي الرحمانيه

فيلا مساحه 300م
3 غرف نوم ماستر - صاله - مجلس - مطبخ - غرفه خادمه - غرفه غسيل - غرفه سائق - مسبح خاص - كراج سياره خاص للفيلا",733.33,Modern
الرياض,حي المهدية,جنوب,250,0,5,5,2,0,1,0,1,0,0,0,0,1,0,1,1,0,0,50000,فلل للايجار في حي المهديه,200.0,New
الرياض,حي الرمال,شمال شرقي,350,0,5,5,1,1,1,0,1,0,1,1,0,1,0,0,1,0,0,55000,"فيلا للايجار في حي الرمال الذهبي
شارعين 15 شمالي 20 شرقي
تتكون من مدخل سياره+مشب + مجلس + مغلط+ صالة+ غرف كبار السن
الدور الاول اربع غرف نوم 
في السطح غرفه شغاله
سنوي ب 55000 الف الدفع كل سته اشهر 27000 الف",157.14,New
الرياض,حي الرمال,شمال,450,0,5,5,1,1,1,1,1,0,1,1,0,0,0,0,1,0,1,60000,"فله للايجار المساحه450
المواصفات 
الأرضي 
مشب 
مجلس
مقلط 
صاله 
غرفه كبار السن 
الدور الأول أربع غرف نوم أثنين منهم ماستر 
الدور الثاني غرفه خادمه حمام  
فيها كيمرات وفي حوش امامي وخلفي
راكب مطبخ 
 12 مكيف اسبلت جديد
للمفاهمه الاتصال اوتساب 050275083...",133.33,New
الرياض,حي النرجس,شرق,260,0,3,3,1,1,1,1,1,0,1,0,0,1,0,0,0,0,0,100000,"فيلا للايجار في حي النرجس قريب من المطار
وقريب من طريق الملك سلمان
الفيلا جديد استخدام سنه فقط
تتكون الفيلا من الدور الأرضي مجلس الرجال وصاله ومطبخ و٢حمام
الدور الاول ٣غرف نوم
السطح غرفة خادمه وسطح
السعر ١١٠ الف قابل للتفاوض",384.62,New
الرياض,حي الشهداء,جنوب,205,0,5,5,2,0,1,0,1,0,1,0,0,1,0,1,1,1,0,140000,"للايجار فيلا في حي الشهداء كود رقم (4001)
مشطبة 
محتواها 
الدور الارضي / استقبال + مصعد + ٢ دورة مياه + مطبخ خارجي + ملحق خادمة
الدور الاول / ٣ غرف ماستر روم
الدور الثاني / صاله و ٢ ماستر روم وسطح
المكيفات - مخفي + اسبليت في بعض الغرف
يوجد مصعد
يوجد ...",682.93,New
الرياض,حي العارض,شرق,250,2,4,5,2,1,0,0,1,0,1,0,0,1,0,1,1,0,0,85000,"للايجار فيلا في حي العارض دبلكس 
مكونه من الدور الارضي 
مجلس ومقلط وصاله ومطبخ 
وحوش جانبي ومستودع و٢دورات مياه 
الدور العلوي مكون من 
٣غرف نوم منهم غرفه مستر 
وغرفتين نوم بينهم دوره مياه 
السطح يوجد غرفه شغاله بدوره مياه 
وغرفه غسيل 
وغرفه اضافيه 
و...",340.0,Modern
الرياض,حي العارض,شمال,250,0,5,5,1,1,1,0,1,0,0,0,0,1,0,1,1,0,0,80000,"للايجار فيلا دبلكس في موقع ممتاز جدا بالقرب من كمباوند لبنى العليان والمدرسة العالمية الامريكية. الفيلا مكونة من:



######الدور الأرضي######
حوش امامي وحوش صغير خلفي
مجلس
صاله واسعه
مطبخ راكب (يفتح على الصاله وعلى الحوش)

######الدور الثاني######
٤ ...",320.0,New
الرياض,حي الرمال,شرق,460,4,1,5,1,1,1,1,1,0,1,1,0,1,0,0,0,0,1,75000,"🏡فيلاء للإيجار حي اليحيي
موقع ممتاز جدا استراتيجي📍
تفتح ع جامع 🕌
مساحه 460م

راكب مطبخ ومكيفات اسبيليت

🏘️الفله تتكون من :

غرفه سائق
_وحوش مدخل سياره
_ومشب
_ومجلس رجال مع دور المياه _ مقابل له مجلس عربي 
_ومقلط
_وصاله
_ومجلس حريم
_ومطبخ مع غرفه ...",163.04,Modern
الرياض,حي الملقا,جنوب,200,3,7,5,2,1,1,0,1,0,1,0,0,1,0,1,1,0,0,90000,"ڤيلا درج صاله للأيجار بحي الملقا 
تتكون من :
الدور الارضي يتكون من :
مجلس + مقلط + صاله + غرفة نوم + مطبخ + 2 دورات مياه + حوش + مدخل سياره 
الدور الاول يتكون من :
4 غرف نوم + صاله + 2 دورات مياه 
الدور الثاني يتكون من :
غرفة خادمه + مطبخ + غرفة غسيل...",450.0,Modern
الرياض,حي حطين,شمال,155,0,3,5,2,1,0,0,1,0,1,0,0,0,0,0,1,0,0,180000,"حطين الثغر فلة جديدة فاخرة تشطيب مميز وعالي الجودة
تكييف مركزي مخفي كامل البيت
مطبخ ألماني شامل الأجهزة
الفلة 3 أدوار:مجلس رجال ودورة مياه وصالة ومطبخ مفتوح على الصالة ومني بار والدور 2 عبارة عن 3 غرف نوم و 3 دورات مياه والدور الثالث عبارة عن الغرفة ...",1161.29,New
الرياض,حي الرمال,غرب,400,0,5,5,1,1,0,0,1,1,0,0,0,0,0,0,1,0,1,60000,"فله درج داخلي للايجار حي الرمال السواق الشعبي 
موثثه",150.0,New
الرياض,حي اليرموك,شمال,300,10,4,3,2,1,1,1,1,0,0,0,0,1,0,0,1,0,0,65000,"فيلا للايجار بحي اليرموك 🏕
مساحه ٣٠٠م شارع ٢٠م شمال 🏕

٤ غرف نوم و ٣ دورات مياه و مجلس 🏕
مدخل سياره ومقاط و غرف خادم و غرف سائق 🏕
مع السطح و مطبخ و مستخدم ١٠ سنوات 🏕

ايجار ٦٥ الف ريال سنوي 🏕",216.67,Medium
الرياض,حي الملقا,جنوب,375,4,5,5,3,1,1,1,1,0,1,1,0,1,0,0,0,0,0,120000,فيلا للايجار حي الملقا شارع جنوبي ٢٠ مساحتها ٤٢٠م بها حوش مدخل سيارة مجلس رجال ومقلط ومجلس نساء وصاله ودورتين مياة الدور الاول ٥ غرف ماستر وصالة الدور العلوي ٣ غرف ودورتا مياه وصاله عمرها سنتان مجدده بالكامل رقم التواصل 0562500031 ... 920010213,320.0,Modern
الرياض,حي العارض,شرق,300,2,5,5,1,1,1,0,1,0,1,0,0,1,0,1,1,0,0,85000,"للايجار فيلا دوبلكس في حي العارض 
الفيلا مكون من مجلس ومقلط وصاله 
وحوش ومستودع و٢دورات مياء ومطبخ راكب ومكيفات راكبه 
والدور العلوي في ٣غرف نوم منهم واحده ماستر وغرفتين بنهم دورات مياه والسطح في مجلس وغرفه شغاله وغرفة غسيل وسطح كبير السعر ٨٥الف",283.33,Modern
الرياض,حي عليشة,جنوب شرقي,340,0,3,3,1,1,1,1,1,0,0,0,0,1,0,0,0,0,0,55000,"🌷مجمع فلل جديده للايجار السنوي
فرصه للاطباء وموظفي مدينة الملك سعود الطبيه
📍يوجد فيلا دور ارضي
يتكون من / 
مجلس رجال + مقلط +صاله + غرفتين نوم
 +مطبخ + دورتين مياه +حوش + كراج👍 
 👍مدخل خاص + غرفة سائق
***************
📍دور علوي مدخل خاص
 يتكون / ...",161.76,New
الرياض,حي العارض,شرق,250,2,7,4,2,1,1,1,1,1,0,0,0,1,0,0,1,0,0,110000,"فيلا درج داخلي مؤثثه بالكامل

الموقع : دانة الياسمين 

الدور الارضي: 
مدخل كراج 
غرفة سائق 
مجلس رجال 
صالة استقبال كبيره
مطبخ مؤثث بالكامل مع اجهزته 
دورتين مياه 
الدور الثاني :
صالة (جلسة عائلية) 
جناح رئيسي  
غرفتين نوم 
الدور الثالث : (الخدمات)
غ...",440.0,Modern
الرياض,حي العقيق,جنوب,300,15,5,4,3,1,0,1,1,0,1,0,0,0,0,0,1,0,0,120000,"للايجار فله دبلكس يوجد فيها قبو 
مكونه من تحت استقبال و فوق ٤ اجنحه نوم وصاله والسطح مكون من غرفه خادمه و غسيل  و دورة مياه وسطح",400.0,Medium
الرياض,حي الرحمانية,شمال شرقي,450,13,7,5,2,1,1,1,1,1,1,0,0,1,0,0,1,0,0,120000,"فيلا فاخرة شبه مؤثثه للايجار
 مساحة 450 شارعين 
مجلس + مقلط 
مجلس نساء مطبخ راكب 
مكيفات اسبليت وشباك راكبه 
غرفتين ماستر 
غرفتين اطفال 
غرفه خادمه بالسطح 
غرفه سائق 
حوش",266.67,Medium
الرياض,حي المصيف,غرب,500,10,5,5,5,1,1,1,1,0,1,1,0,1,1,0,1,1,0,150000,"فيلا بحي المصيف للايجار 
خمس اجنحة وقبو مجالس وصالات كبيرة مجددة بالكامل مكيفات مطابخ راكبة موقع مميز بناء شخصي",300.0,Medium
الرياض,حي المونسية,غرب,290,0,4,4,3,1,0,0,0,0,0,0,0,0,0,0,1,0,1,60000,"فله درج داخلي 
مجلس خارجي ومجلس داخلي و غرفة طعام وصاله كبيره ومجلس نساء وغرفة كبار سن ومطبخ امريكي 
وغرفة ماستر بدورة مياه وغرفتين بدورة مياه وغرفة خادمه وسطح خاص ..
للتواصل / ٠٥٥١٠٠٠٧٤٠",206.9,New
الرياض,حي المصيف,جنوب,400,15,3,3,1,1,1,0,1,0,1,1,0,1,0,0,0,0,1,80000,"فيلا للايجار مدخلين
مدخل سيارة
دور أرضي
غرفة نوم 2
مجلس 
مقلط
صالة
2 دورات مياه
مطبخ
حديقة
والدور العلوي 3 غرف 
وصالة
و2 حمام
وغرفة شغالة
للاستفسار والمفاهمة اتصال أو واتساب على جوال رقم 0550293295 أبو محمد",200.0,Medium
الرياض,حي النرجس,شرق,270,0,4,5,2,1,1,1,1,1,1,0,0,0,0,0,1,0,0,100000,"فيلا للايجار
في حى النرجس
شارع 15 شرق
الموصفات
غرفة سائق مدخل سيارة
مجلس رجال مقلط اصاله مجلس رجال
مطبخ
الدور العلوي
3غرف نوم وصاله

السطح
غرف نوم
وغرفه خدام و غرفة غسيل


الموقع غير صحيح",370.37,New
الرياض,حي الملقا,غرب,200,0,4,5,2,1,1,1,1,0,1,0,0,0,0,1,0,0,0,150000,"لايجار فيلا دبلكس في حي الملقا
شارع ٢٠م غريبه
السعر ١٥٠الف ريال
تتكون من الدور الأرضي استقبال كامل
الدور الاول اربع غرف نوم
غرفتين نوم ماستر وغرفتين بحمام مشترك
السطح غرفة خادمه وسطح وسيع وصاله العب
 وغرفة نوم بحمامه",750.0,New
الرياض,حي العارض,شمال,250,0,5,5,1,1,1,0,1,0,0,0,0,1,0,1,1,0,0,80000,"للايجار فيلا دبلكس في موقع ممتاز جدا بالقرب من كمباوند لبنى العليان والمدرسة العالمية الامريكية. الفيلا مكونة من:



######الدور الأرضي######
حوش امامي وحوش صغير خلفي
مجلس
صاله واسعه
مطبخ راكب (يفتح على الصاله وعلى الحوش)

######الدور الثاني######
٤ ...",320.0,New
الرياض,حي الملقا,جنوب,250,2,5,5,1,1,1,0,1,0,1,0,0,1,0,1,1,0,0,90000,"للايجار دبلكس في حي الملقا 
العمر سنتين
الدبلكس مكون من:

الدور الارضي:-
صالة
مجلس
مقلط
مطبخ
غرفة اضافية
مدخل خاص للسيارة
حوش

الدور الاول:-
٤ غرف نوم
صالة علوية
دورتين مياه
غرفة ملابس

السطح:-
غرفة تخزين
غرفة خادمة
وغرفة غسيل

المطبخ و٦ مكيفات راكبة...",360.0,Modern
الرياض,حي العارض,جنوب,300,2,4,5,2,1,1,1,1,0,1,0,0,1,0,0,1,0,0,80000,"للإيجار فلة مفصوله درج صالة في حي العارض غرب طريق ابوبكر جنوب طريق ريحانة

مساحة الفلة 300م 
شارع 20م جنوبي 

*مكونات الفلة 
الدور الارضي 
مجلس _ صالة طعام _ صالة رئيسة _ مطبخ _ دورتين مياه 
الدور الاول 
غرفتين نوم بدوره مياه _ غرفتين نوم كل غرفة بدو...",266.67,Modern
الرياض,حي الملك عبدالله,جنوب,2500,10,6,5,3,1,1,1,1,0,1,1,1,1,1,0,1,1,1,800000,,320.0,Medium
الرياض,حي اليرموك,غرب,375,7,4,5,2,0,1,0,1,0,0,0,0,1,0,0,1,0,0,65000,"فيلا درج داخلي ايجااااار
حي اليرموك تحت استقبال وفوق 3 غرف نوم
الايجار دفعه وااااحده",173.33,Medium
الرياض,حي العارض,شمال,250,0,5,4,1,1,1,1,1,0,0,0,0,0,0,1,1,0,0,80000,"== للايجار فيلا دبلكس راقية جدا وموقعها ممتاز بحى العارض 

== مواصفات الفيلا ،،،،،

،،،،الدور الارضي،،،،،،

== حوش امامي، ،، وحوش صغير خلفى ،،، مجلس رجال ،،، صاله عائلية ،،، مطبخ راكب يفتح على الصاله والحوش ،،،

،،،الدور العلوي،،،،،

== ٤ اربعه اجنحة...",320.0,New
الرياض,حي العقيق,جنوب,300,0,5,5,3,1,0,1,1,0,1,1,0,1,0,0,1,0,0,140000,"فيلا  في حي العقيق مودرن  قريبة من المركز المالي 
مكونة من استقبال مجلس ومقلط وصالتين كبار وحمامين ومطبخ 
٤ اجنحة نوم وغرفة غسيل وخادمة في السطح 
يوجد ملحق مقدمة الفيلا وغرفة سايق",466.67,New
الرياض,حي ظهرة لبن,شرق,450,2,5,5,2,1,1,0,1,0,0,1,0,1,0,0,1,0,1,60000,فله درج داخلي للايجار مجلس ومقلط وصاله ومجلس نساء وغرفة كبر السن  و٣حمامات ومطبخ ودور علوي به ٣غرفة نوم منها غرفة ماستر. وغرفتين نوم بحمام مشترك   ودور ثالث به غرفة خدامه وغرفة غسيل وسطح ٦٠الف دفعتين,133.33,Modern
الرياض,حي النرجس,شمال,300,0,4,3,2,1,0,0,1,0,0,0,0,1,0,0,1,0,0,70000,"للايجار فيلا درج صاله 
في حي النرجس 
قريبه جدا  كن المسجد
مساحه ٣٠٠متر 
الارضي
مجلس رجال بدورة مياه 
وصاله 
وغرفه كبار سن 
ومطبخ 
وحوش كبير 
الدور العلوي 
ثلاث غرف نوم مستر 
كل غرفه بحمام 
وصاله  
ومطبخ صغير 
والسطح 
غرفه كبيره بحمام 
وسطح كبير 
مطبخ...",233.33,New
الرياض,حي الروضة,شرق,900,15,4,4,2,1,1,1,1,0,1,1,0,1,0,0,1,0,1,150000,"فيلا للايجار بحي الروضه 
مجلس وصاله ومقلط ومطبخ وملحق خارجي وحوش كبير وغرفه سائق ومدخل سيارة 
الدور الأول جناح كبير وثلاث غرف نوم 
راكبه مكيفات ومطبخ
السعر في تفاوض",166.67,Medium
الرياض,حي الملقا,جنوب,375,2,4,4,1,1,1,0,1,0,1,1,0,1,0,0,0,0,0,130000,"فيلا للايجار في حي الملقا
مساحه ٣٧٥متر جنوبي شارع ١٥
درج صاله مع شقه
الشقه سكنها رعيها
الفيلا تتكون من تحت استقبال كامل وغرفتين نوم ومطبخ
الدور العلوي غرفتين مستر
السطح غرفة نوم
السعر ١٣٠ الف",346.67,Modern
الرياض,حي العارض,جنوب,300,0,4,2,1,1,1,1,1,0,1,0,0,1,0,0,1,0,0,80000,"للايجار فيلا  في حي العارض ٣٠٠ م
 
- الدور الارضي : 
صالة ومجلس ومقلط 

ودرج داخلي

- الدور الاول : ٤ غرف نوم 
  
- غرفة سائق

الايجار: ٨٠ الف ريال",266.67,New
الرياض,حي العارض,شمال,250,0,5,5,1,1,1,0,1,0,0,0,0,1,0,1,1,0,0,80000,"للايجار فيلا دبلكس في موقع ممتاز جدا بالقرب من كمباوند لبنى العليان والمدرسة العالمية الامريكية. الفيلا مكونة من:



######الدور الأرضي######
حوش امامي وحوش صغير خلفي
مجلس
صاله واسعه
مطبخ راكب (يفتح على الصاله وعلى الحوش)

######الدور الثاني######
٤ ...",320.0,New
الرياض,حي المحمدية,شرق,460,20,5,5,3,1,1,0,1,0,1,1,0,1,1,0,1,0,0,100000,"فيلا للايجار حي المحمدية  عمر الفله ٢٠ سنه  المساحة ٤٦٠ م 

مكونات الفله حوش مدخل سياره مجلس رجال وحريم وصاله مطبخ

الدور الثاني 5 غرف وصاله   

 الايجار السنوي ١٠٠ الف ريال
الموقع في الخريطة غير دقيق 

لتواصل مكتب فيصل الموسى للعقارات ٠٥٠٠٨٦٢٥٥٤",217.39,Old
الرياض,حي الاندلس,شمال,330,15,7,5,3,1,1,0,1,0,1,1,0,1,0,1,1,0,0,75000,"فيلا دوبلكس موقع ممتاز امام الحديقة
الدور الارضي
حوش صغير ومدخل سيارة
مطبخ راكب 
٤ غرف وصاله و ٣ حمامات

الدور الثاني
٣ غرف وصاله و ٢ حمام واحده من الغرف ماستر

الدور الثالث
غرفتين وصاله و ٢ حمام وسطح صغير

راكب مكيفات سبيلت بالفيلا",227.27,Medium
الرياض,حي المروج,شمال,250,3,4,3,2,1,1,1,1,1,1,0,1,1,0,1,0,0,0,190000,"للايجار فيلا داخل كمباوند مؤثثة بالكامل 

للعوائل فقط 

الدفع سنوي أو 6 شهور 


التواصل واتس آب فقط 
التواصل واتس آب فقط 
0599913555",760.0,Modern
الرياض,حي المؤتمرات,غرب,240,15,3,4,3,1,1,1,1,0,1,0,0,1,0,1,1,0,0,200000,"للاجار مجمع فلل مكون من 4 فلل 

مواصفات كل فله

الدور الارضي مدخلين ومجلس وغرفة طعام وصالة ومطبخ و2 دورة مياة

الدور العلوي صالة 1 غرفة نوم ماستر 2 غرف نوم دورة مياة

مدخل للسيارة وبعض الفلل يوجد غرف للسائق

يرجى عدم الاتصال التواصل عن طريق الواتس اب...",833.33,Medium
الرياض,حي السليمانية,شمال,400,0,6,5,3,1,1,0,1,0,1,0,0,1,0,1,1,0,0,85000,"فيلا شبة جديدة فاخرة للايجار بحي العليا بالقرب لمدينة الملك فهد الطبية ، عبارة عن :
الارضي : مجلس رجال ، صالة طعام ، صالة نساء ، مطبخ ، 2 دورات مياة
الاول : 4 غرف نوم ، صالة ، 2 دورات مياة
الثاني : غرفتين نوم ، غرفة عاملة منزلية ، دورة مياة ، سطح واس...",212.5,New
الرياض,حي القيروان,شرق,300,0,2,5,3,1,0,0,0,0,1,0,0,1,0,1,0,0,0,80000,"✨للايجار 
✨ دور  🔷 وشقة 

الموقع : القيروان
شمال طريق الملك سلمان
المساحة : 300م 
الواجهة : شرقيه شارع 20م

🌟المواصفات :

♦️الدور الاول من :
مجلس مع دورة مياه ومغاسل-صالة كبيرة، ومطبخ نظام مفتوح  مع مستودع
غرفتين نوم بينهم دورة مياه، 

♦️الدور الثا...",266.67,New
الرياض,حي الرمال,شمال,206,0,4,4,2,1,1,0,1,0,1,1,0,1,0,0,1,0,0,50000,"الايجار عن فيلا في حي الرمال 

تتكون من 4 غرف نوم صالتين و غرفه خادمة مجلس  و مقلط سطح  


مكيفات راكبه مطبخ راكب",242.72,New
الرياض,حي الواحة,شرق,550,18,4,4,4,1,1,1,1,0,0,0,0,1,0,0,1,0,0,90000,"فيلا للايجار بحي الواحه 
للتواصل 0552339770",163.64,Old
الرياض,حي الفيحاء,شرق,600,14,5,5,2,1,1,1,1,0,1,0,0,1,0,0,1,0,0,85000,"السلام عليكم ورحمة الله وبركاته
للايجار فله نظيفة جدا
مكونه من ثلاث ادوار ومدخل سيارة وحوش كبير
الفلة تفصيلها
الدور الارضي
مجلس ومقلط وصاله كبيرة ومطبخ وغرفه كبار سن
الدور الاول
5غرف نوم ومن ضمنها غرفه ماستر كبيرة
السطح
غرفتين مع دورت مياة
الفلة نظيف...",141.67,Medium
الرياض,حي الصحافة,شرق,375,7,3,5,2,1,1,1,1,1,1,0,1,1,0,1,1,0,0,140000,"-	مفروشة ومجهزة بجميع الأثاث والخزائن.
-	مجلس.
-	صالة كبيرة.
-سفرة طعام.
-	مطبخ مجهز.
-	2 غرف نوم + غرفة رئيسية.
-	غرفة خادمة وغرفة سائق.
-	مكيفات اسبليت.
-	مسبح.
-	حوش وموقف سيارة.
-	اطلالة على حديقة.


0533803000
-	الموقع هادئ وقريب من الطرق الرئيس...",373.33,Medium
الرياض,حي ظهرة لبن,شرق,450,0,7,5,2,1,1,0,1,0,0,1,0,1,0,1,1,0,1,60000,فيلا تحت استقبال وفوق غرف نوم قريبه من مسجد للايجار ب٦٠ الف,133.33,New
الرياض,حي العارض,غرب,394,0,4,5,2,1,1,1,1,1,1,1,0,1,0,0,1,0,1,140000,"تم التأجيييييييير

للإيجار فيلا مفروشة مودرن درج صاله حى العارض

ملحق خارجى رجالي 

ملحق خارجي نسائي

الدورالارضى :

إستقبال بالكامل 


الدورالاول: 4 غرف

غرفتين نوم ماستر مع دورة مياه..

غرفتين نوم مع دورة مياه 

صاله علوية 


السطح / غرفة خادمه دور...",355.33,New
الرياض,حي العقيق,شمال,1200,15,7,5,4,1,1,1,1,0,1,1,1,1,0,0,1,0,0,400000,"فيلا فخمة للايجار  على شارع تجاري ، ملاصقة لمركز الملك عبدالله المالي و قطار  ميترو المركز ، نافذ لطريق الامير محمد وطريق التخصصي 
يمكن استخدام الفيلا لعدة انشطة تجارية و مكتبية.  ايجار لمدة طويله 
كما يمكن التعديل على الفيلا من الداخل حسب النشاط الم...",333.33,Medium
الرياض,حي المصيف,شمال,600,20,5,5,2,1,1,1,1,0,1,1,0,1,0,0,1,0,0,125000,"السلام عليكم
يوجد فلة الإجار زاوية شارعين  مساحة ٦٠٠ متر مكيفة مطبخ راكب تتكون من ٧ غرف نوم صالتين ومجلس رجال وسفارة طعام وملحق خارجي وغرفة سواق وعدد ٩ حمامات عمرها ٢٠ سنة سبق ترميمها",208.33,Old
الرياض,حي العارض,شمال,312,0,4,5,1,1,1,0,1,0,0,1,0,1,0,0,1,1,0,100000,"فيلا مودرن تصميم حديث وذو طابع فخم ومميز (للايجار) ، تتميز الفيلا بالحدائق الجانبية والإنارة الراقية وحوض النوافير الذي يعكس جمال منظر الحوش ، كذلك الغرفة المطلة على هذه النوافير .
الفيلا عبارة عن ملحق خارجي + مجلس + مقلط + صالة + مطبخ (مستودع) + غرف...",320.51,New
الرياض,حي الملقا,شرق,416,0,4,4,1,1,1,1,1,0,0,0,0,1,0,1,1,0,0,160000,"فلة للإيجار

دور ونصف: 
الدور الارضي: 
جناح١ :مطبخ -دورة مياة - مجلس مطل على الحديقة  -دورة مياة للمجلس.
جناح٢: غرفة ماستر مطلة على الحديقة مع دورة المياة -غرفتين بينهم دورة مياة

الدور الاول: 
غرفة متعددة الاستخدامات - سطح كبير- غرفة غسيل - غرفة خاد...",384.62,New
الرياض,حي السليمانية,شمال,270,5,3,4,2,1,1,1,1,0,1,0,1,1,0,1,1,0,0,125000,"فيلا للإيجار في مجمع سكني مكوَّن من 8 فلل
الفيلا تتألف من 3 غرف نوم كل غرفة مع حمام خاص بها
غرفة النوم الرئيسية مع غرفة ملابس وحمام مزود بجاكوزي
صالة استقبال وصالة جلوس ومطبخ مزوَّد بخزائن
غرفة خادمة مع حمامها وغرفة سائق مع حمامها
التكييف مخفي والتشط...",462.96,Modern
الرياض,حي العارض,شمال,250,0,5,5,1,1,1,0,1,0,0,0,0,1,0,1,1,0,0,80000,"للايجار فيلا دبلكس في موقع ممتاز جدا بالقرب من كمباوند لبنى العليان والمدرسة العالمية الامريكية. الفيلا مكونة من:



######الدور الأرضي######
حوش امامي وحوش صغير خلفي
مجلس
صاله واسعه
مطبخ راكب (يفتح على الصاله وعلى الحوش)

######الدور الثاني######
٤ ...",320.0,New
الرياض,حي النرجس,شمال,230,0,4,3,1,1,1,0,1,0,1,1,0,1,0,1,1,0,0,80000,"فيلا بحي النرجس شمال سلمان عمر العقار سنه إيجارها السنوي ٨٠ الف دفعه كامله للسنه الاولى والسنه الثانيه دفعتين ...
مساحه ٢٣٠ مطبخ امريكي راكب ومكيفات ومدخل سياره وغرفة غسيل وسطح وصاله ومجلس",347.83,New
الرياض,حي العارض,شرق,300,0,5,4,2,1,1,0,1,0,1,1,0,1,0,1,0,0,0,85000,"للايجار فيلا دوبلكس في حي العارض 
الفيلا مكون من مجلس ومقلط وصاله 
وحوش ومستودع و٢دورات مياء ومطبخ راكب ومكيفات راكبه 
والدور العلوي في ٣غرف نوم منهم واحده ماستر وغرفتين بنهم دورات مياه والسطح في مجلس وغرفه شغاله وغرفة غسيل وسطح كبير السعر ٨٥الف",283.33,New
الرياض,حي العقيق,جنوب شرقي,850,7,5,5,3,1,1,1,1,0,1,1,0,1,1,0,1,0,1,150000,"للإيجار فيلا بحي العقيق 

شارع تجاري البحر المتوسط

تصلح مقر شركه سكن واداره

0532880202",176.47,Medium
الرياض,حي الصحافة,غرب,375,10,4,5,4,1,1,1,1,1,1,1,0,1,0,0,1,0,0,105000,"فيلا مكونه من: حوش ، مدخل سياره ، ملحق ، مجلسين ، صاله ، صاله طعام ، مطبخ راكب ، جناحين نوم ، غرفتين نوم ، غرفه خادمه ، غرفه غسيل ، غرفه سائق ، مظلة سيارة 
تحتوي على طاولة طعام وغرفة نوم ومطبخ وفرن وثلاجة .

للتواصل:
0551803180
0562800800
0538661133",280.0,Medium
الرياض,حي الصحافة,غرب,320,7,5,4,2,1,1,1,1,0,1,0,0,1,0,0,1,0,0,90000,"فيلا مستقلة درج داخلي بحي الصحافة مربع ٨
بحالة نظيفة تحت استقبال وفوق غرف نوم 
راكب المطبخ ويوجد مستودع وراكبة المكيفات لكامل الفيلا",281.25,Medium
الرياض,حي الرائد,جنوب,375,8,4,5,2,1,1,0,1,0,1,1,0,0,0,0,1,0,0,100000,"فيلا كامله للإيجار الدور الارضي مكون من ملحق خارجي مدخل سياره مجلس رجال وغرفة طعام ومجلس حريم وصاله وعدد ٢ مطبخ 
الدور الاول العلوي مكون من ٤ غرف نوم وصاله ومطبخ صغير
الدور الثالث مكون من غرفة شغاله وسطح خاص راكب مكيفات وراكب مطابخ السعر100 الف ريال ...",266.67,Medium
الرياض,حي الصحافة,شمال شرقي,250,7,4,5,2,1,0,0,1,0,1,0,0,0,0,1,0,0,0,95000,"للايجار فيلا في الياسمين مربع ١٥
مساحة ٢٥٠ متر
زاوية شماليه شرقي
شوارع ١٥
تتكون من
استقبال كامل الدور الأرضي وغرفة كبار السن
الدور الاول ٣غرف نوم
السطح غرفة نوم
وغرفة خادمه وسطح
السعر ٩٥ الف
و٥الف تأمين",380.0,Medium
الرياض,حي الروابي,4 شوارع,3060,0,4,4,2,1,1,1,1,0,1,0,0,1,0,1,1,0,0,80000,"مجمع ٢٠ فيلا دوبلكس تشطيب راقي جدااا 
كل فيلا مكونة من ٣ نوم  دورتين  مياة  بسطح غرفة كبيرة ماستر + غرفة غسيل ودورة مياة 
الدور الارضي نظام مفتوح مع دورة مياة 
مدخل سيارة لكل فيلا مع غرفة سائق . 
مساحة كل فيلا ١٥٣ متر . 
ملاحظة الايجار : للشركات او ش...",26.14,New
الرياض,حي طويق,شرق,264,0,7,5,3,1,1,0,1,0,1,1,0,1,0,1,1,0,1,50000,فيلا ديبلكس,189.39,New
الرياض,حي الرحمانية,شمال,450,12,7,5,2,1,1,1,1,1,1,1,0,1,0,0,1,0,1,130000,,288.89,Medium
الرياض,حي اشبيلية,جنوب,360,6,7,5,2,0,1,1,1,0,1,1,0,1,0,0,1,0,1,80000,"للايجار فلة درج داخلي راكب فيها 4مكيفات سبيلت. 

غرفة سائق + مشب + مجلس + مقلط + دىرة مياة 

صالة كبيرة مجلس نساء + غرفة كبار شخصيات .

مطبخ + مستودع .
الدور العلوي 4 غرف نوم + صالة .
2 ماستر بدورة مياة

غير مقبول الشهري. الدفع على قسطين. 
كاش 75 الف",222.22,Medium
الرياض,حي الرمال,شمال,206,2,4,4,2,1,0,0,1,0,1,0,0,0,0,0,1,0,0,60000,فيلا مكونه من / مدخل سيارة - مجلس - مقلط - مطبخ راكب - مستودع - صالة - الدور الثاني - 4 غرف نوم + صالة  - الدور الثالث - غرفة خادمة + سطح  - المكيفات راكبة,291.26,Modern
الرياض,حي العقيق,غرب,318,7,4,4,2,1,0,1,1,0,1,0,0,1,0,0,1,0,0,85000,"فيلا للايجار بحي العقيق المساحة 318 متر مربع 
درج داخلي ، الدور الارضي مجلس رجال مقلط صالة مجلس نساء مطبخ دورتين مياه ، الدور الاول صاله و اربع غرف( غرفتين ماستر وغرفتين بحمام مشترك) ، الدور الثاني غرفتين بحمام مشترك والسطح . يوجد ملحق خارجي بدورة مي...",267.3,Medium
الرياض,حي العارض,شمال,250,0,5,5,1,1,1,0,1,0,0,0,0,1,0,1,1,0,0,80000,"للايجار فيلا دبلكس في موقع ممتاز جدا بالقرب من كمباوند لبنى العليان والمدرسة العالمية الامريكية. الفيلا مكونة من:



######الدور الأرضي######
حوش امامي وحوش صغير خلفي
مجلس
صاله واسعه
مطبخ راكب (يفتح على الصاله وعلى الحوش)

######الدور الثاني######
٤ ...",320.0,New
الرياض,حي اليرموك,جنوب شرقي,400,8,7,5,2,1,1,0,1,0,1,0,0,1,0,0,1,0,0,60000,"فله درج داخلي تكون من مجلس مقلط صاله غرفة كبارسن مطبخ راكب مكيفات راكبه 
فوق ربع غرف نوم وصاله 
فوق غرفة شغاله مع السطوح",150.0,Medium
الرياض,حي الوشام,شرق,525,25,3,3,2,1,1,0,1,0,1,0,1,1,0,0,1,0,0,90000,"فله علي طريق الملك فهد
تتكون من : 
مدخل سياره 
مسبح
غرفه خادمه مع حمام مكيف راكب
حوش 
الدور الارضي ( صاله صغيره وصاله كبيره وحمام ومطبخ جديد راكب)
الدور العلوي
غرفه نوم مع حمام ومكيفات اسبلت راكبه
غرفتين نوم مع حمام ومكيفات اسبلت راكبه 
وصاله صفيره
ا...",171.43,Old
الرياض,حي اليرموك,جنوب,275,10,5,5,2,1,1,0,1,0,0,0,0,1,0,0,1,0,0,60000,"فيلا للإيجار باليرموك الغربي 

الدور الأرضي : - 

مجلس رجال و مجلس نساء ومقلط وصاله ومطبخ و دورتين مياه 

الدور العلوي : - 

صاله و ٤ غرف نوم  منها غرفتين ماستر كل غرفه بحمام

السطح : -

غرفة الشغاله بحمام مع سطح الفيلا


الفيلا قريب منها مسجد و قريب...",218.18,Medium
الرياض,حي المهدية,شرق,227,0,5,5,1,1,1,0,0,0,0,1,0,0,0,1,1,0,0,55000,"تشطيب ممتاز 
يوجد ملاحق 


موقع  حي المهدية أول تقاطع",242.29,New
الرياض,حي اليرموك,غرب,313,6,5,5,1,1,1,1,1,0,0,1,0,1,0,0,1,0,1,65000,"فيلا للإيجار باليرموك الغربي 

مساحه ٣١٣ متر شارع ١٥ غربي

الدور الأرضي  : -

غرفة سائق و مدخل سيارة و مشب و مجلس رجال و مجلس نساء 

و مقلط و مطبخ و غرفة كبار السن و ثلاث دورات مياة

الدور الأول : -

ثلاث غرف نوم منها غرفة ما ستر بحمام و غرفتين مع دو...",207.67,Medium
الرياض,حي الملقا,شرق,488,0,4,5,2,1,1,1,1,0,1,0,0,1,0,1,1,0,0,250000,"فيلا للإيجار بحي الملقا

دورين ونصف:
الدور الارضي: 
مدخل رئيسي - مطبخ مع مخزن للمطبخ  -دورة مياة - غرفة متعددة الاستخدامات-مدخل جانبي -مجلس مطل على الحديقة - غرفة طعام مطلة على الحديقة  - دورة مياة المجلس
 
الدور الاول: 
صالة عائلية-غرفة ماستر مع غرف...",512.3,New
الرياض,حي قرطبة,شمال,360,10,5,5,1,1,1,0,1,0,1,0,0,1,0,1,1,0,0,75000,"فله دبلكس في حي قرطبه 
الدور الارضي مكون من حوش مدخل سياره + مجلس + مقلط + صاله + غرفة كبار سن + مطبخ + مستودع + غرفة خادمه + 3 دورات مياه 
الدوري الثاني : غرفة نوم بدورة مياه + 2 غرفة نوم بدورة مياه مشتركه 
الدور الثالث : جناح مكون من غرفة نوم + غرف...",208.33,Medium
الرياض,حي السليمانية,شمال,300,15,4,4,2,1,1,0,0,0,1,0,1,1,0,1,1,0,0,90000,"فيلا في مجمع سكني مكوَّن من 5 فلل
جميع الفلل للإيجار ، الفلل غير مفروشة
كل فيلا تتكوَّن من 4 غرف نوم و4 حمامات
ومساحة مفتوحة بالدور الأرضي
ومطبخ مزوَّد بخزائن
خدمات: موقف سيارة ، مسبح ، تكييف ، صيانة",300.0,Medium
الرياض,حي العارض,شمال,290,0,5,5,2,1,1,1,1,1,1,0,0,1,0,0,1,1,0,170000,"شمال الرياض حي العارض القمرا 10
فيلا حديثة ذو طراز فخم وجذاب (مودرن) مواكب لحياة 
تنعم فيها بهدوء وراحة (للايجار) ، الفيلا (خاصة) مكونة من :
غرفة سايق 
جلسة خارجية (فناء) 
مجلس 
غرفة معيشة 
صالة ( مطله على حديقة )
غرفة تخزين 
مطبخ ( غرفة خادمة + غرفة...",586.21,New
الرياض,حي المونسية,غرب,420,3,4,4,2,1,1,0,0,0,1,0,1,1,0,0,1,0,1,90000,فيلا درج صاله للايجار موثثه راكب مكيفان ومطبخ ومسبح مجالس رجال ونساء وغرفه كبار سن ومدخل سياره وغرفه ساءق الدور العلوي ثلاث غرف مع غرفه ماستر,214.29,Modern
الرياض,حي الملقا,شمال,250,5,3,5,2,1,1,1,1,1,1,0,0,1,0,1,1,0,0,155000,"للايجار فيلا ✨ VIP  ✨

بحي الملقا
مساحتها 250م 
عباره عن مجلس + صاله + مجلس نساء + ثلاث غرف نوم + خمس دورات مياه + غرفة غسيل + مكيفات اسبليت + مدخل سيارة 
الفيلا  مؤثثه اثاث كامل من مجالس وغرف نوم وستائر واجهزه كهربائيه

الايجار  = 155الف



# الموقع...",620.0,Modern
الرياض,حي العارض,شمال,430,2,5,5,2,1,1,1,1,0,0,1,0,1,0,0,0,0,0,65000,"السلام عليكم نعرض لكم فيلا للايجار مستخدمة استخدام نظيف جداً

تقسيم الفيلا / 
غرفة سايق ، ملحق ، مجلس ، غرفة طعام، صالتين ، غرفة كبار سن ، مطبخ ، غرفة خزين ، مدخل خدمة .

الدور الأول /
اوفيس
غرفة نوم رئيسية (جناح)
غرفتين نوم ماستر .

الدور العلوي /
أ...",151.16,Modern
الرياض,حي النرجس,جنوب,267,3,3,5,2,1,1,1,1,0,1,0,0,0,0,1,1,0,0,100000,"بسم الله الرحمن الرحيم
الرجاء ‏قراءة الإعلان بشكل واضح 
للايجار فله في حي النرجس جنوب طريق الملك سلمان قريبه من طريق عثمان بن عفان رضي الله عنه وقريبه جدا من الخدمات خلف بنده
عباره عن : الدور الأراضي مجلس وغرفة طعام وصالة عائلية ومطبخ ودورتي مياه وال...",374.53,Modern
الرياض,حي النزهة,شمال شرقي,640,12,7,5,2,1,1,1,1,0,1,1,0,1,0,0,1,0,0,220000,"فيلا للايجار بحي النزهه موقع استراتيجي
زاويه شارع عرض ٣٠ شرق وشارع عرض ١٥ شمال
تتكون من الدور الارضي جراج وغرفة سايق ومجلس خارجي ودورة مياه مع مغاسل ومقلط خارجي ومطبخ صغير 
وفي الداخل مجلس وصاله ومقلط ودورة مياه مع مغاسل ومطبخ راكب وغرفة نوم مع دورة ...",343.75,Medium
الرياض,حي الرائد,شمال,312,0,5,5,2,1,1,1,1,0,1,0,0,1,1,0,1,0,0,120000,"السلام عليكم 
يوجد فلة للإيجار في حي الرائد المساحة ٣١٢ م شماليه جديدة التواصل على الواتس 0581479000",384.62,New
الرياض,حي العارض,شمال,250,0,5,5,1,1,1,0,1,0,0,0,0,1,0,1,1,0,0,80000,"للايجار فيلا دبلكس في موقع ممتاز جدا بالقرب من كمباوند لبنى العليان والمدرسة العالمية الامريكية. الفيلا مكونة من:



######الدور الأرضي######
حوش امامي وحوش صغير خلفي
مجلس
صاله واسعه
مطبخ راكب (يفتح على الصاله وعلى الحوش)

######الدور الثاني######
٤ ...",320.0,New
الرياض,حي العارض,جنوب,250,0,3,5,2,1,1,1,1,1,1,0,0,1,0,1,1,0,0,110000,"بسم الله الرحمن الرحيم
الرجاء ‏قراءة الإعلان بشكل واضح 
للايجار
فيلا ايجار مؤثثه بالكامل اثاث جديد الموقع دانه الياسمين الدور الاول جلسه خارجيه مجلس رجال وصاله استقبال كبيره ومطبخ مع كامل اجهزته ودورتين مياه مدخل خاص بالرجال ومدخل خاص بالنساء الدور ا...",440.0,New
الرياض,حي القادسية,جنوب,300,0,6,4,1,1,1,1,1,0,0,1,0,0,0,1,1,0,1,55000,"فيلا للايجار جديده
الاستفسار 

0500106264",183.33,New
الرياض,حي الرائد,غرب,750,20,5,5,3,1,1,1,1,0,1,1,0,1,0,0,1,0,0,165000,"صالة على الطراز الأوروبي مع مدفئة
- الدور الثاني ٣ غرف نوم أرضيات باركيه
- حوش كبير مع منطقة شواء (باربكيو) وجلسة خارجية
- ملحق خارجي على الطراز النجدي مع مشب
- مطبخ داخي ومطبخ خارجي
- ٣ مجالس وغرفة طعام
- ٤ دورات مياه
- مدخل سيارتين
- غرفة خارجية سا...",220.0,Old
الرياض,حي العارض,جنوب,300,0,4,4,1,0,1,1,1,0,1,0,0,1,0,0,1,0,0,80000,"بسم الله الرحمن الرحيم
الرجاء ‏قراءة الإعلان بشكل واضح 
للايجار فله في حي العارض قريبه من طريق الملك عبدالعزيز وقريبه جدا من الخدمات 
عباره عن : ٢ غرف ماستر  وغرفتين بدورة مياه واحدة وصاله ومجلس ومقلط و مكيفات راكبه ومطبخ وغرفة سايق ومدخل سياره 
عداد...",266.67,New
الرياض,حي الياسمين,شمال غربي,390,5,5,5,2,1,1,1,1,0,1,0,0,1,0,0,1,0,0,150000,"مسطح العقار 390 م مربع.
مسطح البناء 542 م مربع.
موقع الفيلا حي الياسمين على شارع القريات واجهه شماليه غربيه.

* أرجوا الإطلاع على الصور المرفقه لتفاصيل أكثر عن المواصفات العقار.

*** تردنا مكالمات في أوقات لا نستطيع الرد عليها، أرجوا التواصل عن طريق ...",384.62,Modern
الرياض,حي الخليج,جنوب,375,10,5,5,3,1,1,0,0,0,1,1,0,1,0,0,0,0,0,65000,"فيلا درج بالصالة  مساحة 375 م   مكونة من ملحق خارجي تراثي + مدخل سيارة .. مجلس + مقلط + 2 صالة + مطبخ راكب ( العلوي ) 4 غرف نوم + صالة + 3 حمام  يوجد بالفيلا عدد7 مكيفات اسبيلت + 7 مكيفات شباك
السطح غرفة + حمام 
الفيلا مجددة بالكامل من بويات وسباكة و...",173.33,Medium
الرياض,حي العارض,جنوب,440,0,4,5,2,1,1,1,1,0,1,0,0,1,0,0,1,0,0,110000,"فله للايجار تتكون من مجلس ومقلط وصاله كبيره وصاله جانبيه وغرفة كبار سن وملحق خارجي بدورة مياه و3 حمامات 
هذا بالنسبه للدور الارضي 

اما الدور العلوي يتكون من 4 غرف نوم ماستر 
وفي السطح غرفة العاب وغرفة ثانيه ماستر 
كما يوجد سطح خاص للفله 

غرفة سواق ...",250.0,New
الرياض,حي الملك فهد,غرب,240,14,3,4,2,1,1,0,0,0,1,0,1,1,0,0,1,0,0,70000,للتواصل 0505446474,291.67,Medium
الرياض,حي القيروان,شرق,300,0,5,5,5,1,0,1,1,0,1,0,0,0,0,0,0,0,0,125000,"دور دور دور
كل دور مكون من مجلس صاله غرفتين نوم مطبخ 
جديد
مكيفات مطابخ

لايوجد مصعد
الإيجار سنوي فقط",416.67,New
الرياض,حي العارض,شمال,270,0,7,5,5,1,1,1,1,1,1,1,0,1,0,0,1,1,0,150000,"شمال الرياض حي العارض القمرا 9
فلا نظام فندق ⭐️⭐️⭐️⭐️⭐️
لامانع عقد طويل مدة طويله 5 سنوات
محتويات الفلا تأثيث من الملعقة الى جميع انواع غرف النوم 
الفارحة والغرف الواسعة والرحبة والمطابخ والثلاجات وغسالات الملابس وحمامات سوني وبخار  حار بار 
في سنتر ...",555.56,New
الرياض,حي العارض,جنوب,300,0,4,5,2,1,0,1,1,0,1,0,0,0,0,0,1,0,0,100000,"بسم الله
الرجاء ‏قراءة الإعلان بشكل واضح 
للايجار فله حي العارض
دور ارضي کامل استقبال درج داخلي مدخل سياره ملحق خارجي دورة مياه بمغسله مجلس رجال مفتوح ع مقلط بدورة مياه و صالة كبيره ضيافه أم غرفة كبار سن بدورة مياه بمغاسل حديقه تفتح على الصاله وغرفة ...",333.33,New
الرياض,حي المهدية,شمال,420,0,7,5,3,1,1,0,1,0,0,1,0,1,0,0,1,0,1,75000,"فله (بناء شخصي) للايجار 
الشغل من افضل ما يكون وتفصال مودرن وجميل 
حوش كبير يشيل تقريباً ٤ سيارات 
جميع الغرف كبار ودرايش كبار نظام مودرن 
كل غرفه بحمامها 
درج حلزوني داخلي الى الدور السطح وقبة وسط الفله موضح في الصور 
جميع الضمانات موجوده وبإشراف هن...",178.57,New
الرياض,حي النرجس,شمال,300,3,5,5,2,1,0,1,1,0,0,0,0,1,0,1,1,0,0,70000,"للايجار فيلا درج صاله 
في حي النرجس 
قريبه جدا  كن المسجد
مساحه ٣٠٠متر 
الارضي
مجلس رجال بدورة مياه 
وصاله 
وغرفه كبار سن 
ومطبخ 
وحوش كبير 
الدور العلوي 
ثلاث غرف نوم مستر 
كل غرفه بحمام 
وصاله  
ومطبخ صغير 
والسطح 
غرفه كبيره بحمام 
وسطح كبير 
مطبخ...",233.33,Modern
الرياض,حي الملز,غرب,350,12,7,5,2,1,1,0,1,0,0,1,0,1,0,0,1,0,0,85000,"فلة مكونة من حوش داير ما دار ، ومجلس رجال وصالة طعام وصالة نساء ومقلط نساء ومطبخ كبير ودورتين مياه .
وبالنسبة الدور العلوي خمس غرف اربعة ماستر بدورات المياه وغرفة بدون دورة مياه . 
والدور العلوي بجانب السطح غرفتين ومطبخ ودورة مياه .",242.86,Medium
الرياض,حي العارض,شمال,250,0,5,5,1,1,1,0,1,0,0,0,0,1,0,1,1,0,0,80000,"للايجار فيلا دبلكس في موقع ممتاز جدا بالقرب من كمباوند لبنى العليان والمدرسة العالمية الامريكية. الفيلا مكونة من:



######الدور الأرضي######
حوش امامي وحوش صغير خلفي
مجلس
صاله واسعه
مطبخ راكب (يفتح على الصاله وعلى الحوش)

######الدور الثاني######
٤ ...",320.0,New
الرياض,حي الجزيرة,3 شوارع,484,0,7,5,3,1,0,0,0,0,0,1,0,1,0,0,0,0,1,200000,"فيلا للإيجار على طريق الدائري الشرقي بحي الجزيرة  بين مخرجي (١٦-١٥) بإتجاة جامع الراجحي بالقرب من جمعية انسان عبارة عن دور ارضي وشقتين مستقلة بها عدد ثمان دورات مياه

الفيلا على ثلاث شوارع ومقابل لها مواقف تتسع لقرابة عشرين سيارة


للتواصل 

05611003...",413.22,New
الرياض,حي الملك فيصل,جنوب,375,18,6,5,2,1,1,0,0,0,0,0,0,0,0,1,1,0,0,56000,"وحده مكونه من دور ارضي استقبال مجلس ومقلط وصالة 
ومطبخ راكب ودورتين مياه 

الدور العلوي غرفتين ماستر وغرفة ودورة مياه 
والسطح غرفة ودورة مياة 
يوجد مدخل سيارة


0543397333",149.33,Old
الرياض,حي الملقا,جنوب,200,4,5,5,2,1,1,0,1,0,1,0,0,1,0,1,1,0,0,90000,"للإيجار فيلا دبلكس
الموقع حي الملقا
المساحة ٢٠٠م
الوصف
الدور الارضي مدخل سيارة مجلس رجال دورة مياه رجال مقلط صالة مطبخ دورة مياه نساء غرفة نوم
الدور العلوي ٤ غرف نوم وسيعه صالة علوية دورتين مياه
السطح يوجد غرفة غسيل و غرفتين نوم دورة مياه
يوجد مطبخ ر...",450.0,Modern
الرياض,حي الملقا,شمال,200,0,5,5,2,1,0,0,0,0,1,0,0,1,0,1,1,0,0,120000,"ماشاء الله تبارك الله فيلا بحي الملقا بمدينة الرياض دبلوكس جديدة بناء شخصي للايجار.

الدور الأرضي: مجلس رجال بدورة مياه، صالة، مطبخ مع توصيلة غاز مركزي فقط، مجلس نساء دورة مياه. 

الدور الأول: غرفة نوم رئيسية مع دورة مياه مؤسس لها جاكوزي، صالة، غرفة ...",600.0,New
الرياض,حي العارض,جنوب,300,0,4,5,4,1,1,0,1,0,1,1,0,1,0,0,1,0,0,100000,"........فيلا فاخره للايجار  .....بدون اثاث 
         ((((((تفاصيل الفيلا ))))
**الدور الارضي **
&مدخل سياره 
&ملحق خارجي مع مغسله +حمام 
&مجلس رجال +استقبال +مغسله +حمام
&صالة طعام مفتوحه على المجلس 
&صاله كبيره مع +حمام 
&مجلس نساء 
&مطبخ فاخر 
&حدي...",333.33,New
الرياض,حي القادسية,جنوب,372,0,5,4,3,1,1,1,1,0,0,0,0,1,0,0,1,0,1,60000,فله للايجار جديدة بداية الشارع الاجار دفعتين,161.29,New
الرياض,حي القادسية,جنوب,372,0,7,5,1,1,1,1,1,0,0,0,0,0,0,0,1,0,0,60000,"للاستفسار واتسسساب فقط رقم الاعلان ( 62)

للايجار فيلا جديده في قادسية الدانه حديدة زاويه تبعد عن طريق الامام 500 متر تقريبا ويبعد عن طريق جابر 2كم تقريبا  
شارع :15  المساحه: 372 

يتكون الدور الارضي : حوش + ملحق خارجي +مدخل سياره+غرفة سائق +مجلس رج...",161.29,New
الرياض,حي العارض,شرق,300,3,5,5,2,1,1,0,1,0,1,0,0,0,0,0,1,0,0,100000,للأيجار فيلا درج صاله في حي دانه الياسمين مكونات الفيلا الأرضي استقبال مدخل سياره مجلس رجال مقلط صاله الدور العلوي خمس غرف نوم وصاله السطح ثلاث غرف نوم. وغرفه شغاله راكب مطبخ  وراكب ١٠ مكيفات   الإيجار  ١٠٠ الف للتواصل جوال ابو يوسف 0503733355,333.33,Modern
الرياض,حي الجزيرة,شرق,483,12,5,5,3,1,1,1,1,1,1,0,0,1,1,0,1,0,0,85000,"فيلا شبه مؤثثه بحي،الجزيرة ،،،،مساحة 483 
 ثلاث واجهات الرئيسية شرقيه ظل دايم وشماليه جميع الغرف مكيفة مع المطبخ والصالة سبلت  ،،،البويات للغرف مجددة بالوان هادية ،،،،الغرف العلوية نظام اجنحة  الغرفة  الرئيسية بها غرفة تبديل ملابس ودولاب  جديد و ورق ...",175.98,Medium
الرياض,حي عرقة,شرق,227,0,5,5,1,1,0,0,0,0,0,1,0,0,0,0,1,0,0,55000,"تشطيب ممتاز 
يوجد ملاحق 


موقع  حي المهدية أول تقاطع",242.29,New
الرياض,حي العليا,شمال,300,15,4,4,2,1,1,1,1,0,1,0,1,1,0,1,1,0,0,130000,"الموقع غير دقيق يرجى التواصل قبل التوجه /فيلا عوائل قديم نظيففف  للايجار بدون فرش غير مؤثثه مطبخ و مكيفات راكبة متوفر باركينغ عالريمونت خاص بالفيلا  و حوش،امامي و خلفيمسبح
 و مجددة كاملا  متوفر فيديو و للجادين رجاءااااا و الايجار غير قابل للتفاوض الا...",433.33,Medium
الرياض,حي المنار,غرب,450,35,3,3,1,1,1,0,0,0,1,0,0,1,1,0,1,0,0,65000,"الفيلا قديمة جداً وتحت الترميم الآن
الدور الارضي إستقبال
والعلوي ٣ غزف نوم",144.44,Old
الرياض,حي العزيزية,شرق,282,9,4,2,1,1,1,0,0,0,0,0,0,0,0,0,0,0,0,55000,"يوجد فله كامل للايجار مكونه من دورين وملحقين
كل دور ٤ غرفه وصاله ومطبخ وحمامين
المحلقين مكونه من غرفتين وصاله ومطبخ وحمامين",195.04,Medium
الرياض,حي العليا,شمال شرقي,230,0,5,5,2,1,1,0,1,0,1,0,1,0,0,1,1,0,0,120000,"فيلا للايجار مفروشة العليا الثلاثين مودرن بناء جديد مستخدمة تشطيبات راقية جاكوزي و ٣ غرف نوم ماستر و غرفة ماستر بالسطخ و غرفة اضافية تكييف مركزي و مسبح للاطفال صغيرررر و مدخل سيارة 
للتواصل مع ميرال اتصال وواتساب  ٠٥٥٢٦٠٠٩٤٣",521.74,New
الرياض,حي ظهرة لبن,شرق,450,0,7,5,1,0,1,1,1,0,0,0,0,1,0,0,1,0,1,60000,"فيلا للايجار مساحه 450 درج داخلي 
المواصفات بالصور 


0506688170",133.33,New
الرياض,حي العارض,شمال,250,0,5,5,1,1,1,0,1,0,0,0,0,1,0,1,1,0,0,80000,"للايجار فيلا دبلكس في موقع ممتاز جدا بالقرب من كمباوند لبنى العليان والمدرسة العالمية الامريكية. الفيلا مكونة من:



######الدور الأرضي######
حوش امامي وحوش صغير خلفي
مجلس
صاله واسعه
مطبخ راكب (يفتح على الصاله وعلى الحوش)

######الدور الثاني######
٤ ...",320.0,New
الرياض,حي العقيق,شرق,600,4,4,4,2,1,1,1,1,0,1,1,0,1,0,0,1,0,0,180000,"للإيجار فيلا ممتازه vip حي عقيق الموسىمكونه من الدور الارضي غرفة سائق بدورة مياه ملحق خرجي كراج سيارة حوش كبير
مجلس و مجلط و صاله كبيره و مطبخ و دورين مياه 
الدور الاول مكون من ٤ اجنحه وصاله كبيره و ٤ دورات مياه 
الدور الثاني مكون من غرفتين و صاله و ...",300.0,Modern
الرياض,حي النخيل,شرق,500,0,5,5,2,1,1,1,1,1,1,1,0,1,0,0,0,0,1,250000,"🏘️فله مرممه بالكامل مفروشة فرش حديث وباعلى مستوى
راكب مطبخ ومكيفات واجهزة كهربائية جديدة ومطبخين
وأربع أجنحة نوم وغرفتين نوم بحمام مشترك
ملحق وغرفه سائق
الأيجار 250000

،☎️للمفاهمه والإستفسار
شركه رموز العدل للعقارات والمقاولات

0552376081 ابو راكان...",500.0,New
الرياض,حي الرمال,جنوب,324,0,5,3,1,0,1,0,1,0,0,0,0,1,0,0,1,0,1,70000,فله في الخنيني جديده للايجار موقعها ممتاز و الخدمات قريبها منها قريب منها طريق الامير محمد بن سلمان وطريق جابر الي امتداد طريق التخصصي جنوبيه شارعها ١٥ وتفصيلها ممتاز والله يكتب الي فيه خير لنا ولكم,216.05,New
الرياض,حي الوادي,شمال,900,10,5,5,4,1,1,1,1,1,1,1,0,1,0,0,1,0,1,250000,فيلا بتصميم رائع، الدور الارضي مفتوح يالكامل، الاثاث من دور عرض عالمية،تكييف مركزي للدور الارضي وسبيليت مخفي للغرف، حديقة خارجية يتصميم جميل. لا يقل العقد عن سنتين.,277.78,Medium
الرياض,حي التعاون,شرق,300,0,4,3,2,1,1,0,1,0,1,0,1,1,1,0,1,0,0,190000,فلل سكنيه داخل كمباوند بحي التعاون الكمباوند به جميع الخدمات حراسات وملاعب ومسبح جاكوزي وكافيه وجلسات خارجيه,633.33,New
الرياض,حي الرمال,شمال,300,0,4,5,2,1,1,0,0,0,1,1,0,1,0,0,1,0,1,55000,"وااااحه الرمال 

🏡فله للايجار حي الرمال الواحه 🛣️
مساحه 300م
درج داخلي

الدور الارضي:
استقبال مشب
 مجلس رجال 
مقلط
 صاله
  ومجلس نساء 
مطبخ مع مستودع 
ودورتين مياه

الدور الاول:

٤ غرف نوم وصاله و٣ دورات مياه

لايوجد سطح

الفله ايجارها 55000 سنوي
م...",183.33,New
الرياض,حي غرناطة,شرق,330,21,7,4,3,1,1,0,0,0,0,0,0,1,0,1,0,0,0,80000,"للايجار فله دورين وشقه خلف مااك تبعد عن الدايري الشمالي 400م حي راقي ومكتمل الخدمات الفله مجدده بالكامل من بويات وجبسيه واناره جميع المرافق قريبه منها مدارس وجامع وغيره الموقع صحيح 
وبالامكان تاجير الدورضي والدور العلوي والشقه كلن علئ حده 
التواصل اب...",242.42,Old
الرياض,حي الروضة,شرق,900,20,5,5,1,1,1,1,1,0,1,1,0,1,0,0,0,0,1,110000,"بسم الله مشاء الله 
يوجد لدينا فله فاخر 
مساحه ٩٠٠متر
موقع ممتاز جدا
قريب من كل الخدمات
مجدد بلكامل
للتواصل والاستفسارات🔄
رويه™️ 2030💠
0558947158
0533555922
0️⃣5️⃣5️⃣8️⃣9️⃣4️⃣7️⃣1️⃣5️⃣8️⃣ابو فاطمه",122.22,Old
الرياض,حي طويق,جنوب,300,0,6,4,2,1,1,0,0,0,0,0,0,0,0,0,1,0,0,55000,"24°33'12.5""N 46°32'03.2""E
https://goo.gl/maps/FQRp8rCuRuu6hvGo7

موقع الفله 
💡التواصل عن طريق الواتساب او التطبيق فقط 💡",183.33,New
الرياض,حي العارض,شمال,250,0,5,5,1,1,1,0,1,0,0,0,0,1,0,1,1,0,0,80000,"للايجار فيلا دبلكس في موقع ممتاز جدا بالقرب من كمباوند لبنى العليان والمدرسة العالمية الامريكية. الفيلا مكونة من:



######الدور الأرضي######
حوش امامي وحوش صغير خلفي
مجلس
صاله واسعه
مطبخ راكب (يفتح على الصاله وعلى الحوش)

######الدور الثاني######
٤ ...",320.0,New
الرياض,حي القادسية,جنوب,370,0,5,5,2,1,1,0,1,0,0,1,0,1,0,0,1,0,1,60000,"بسم الله مشاء الله  فله للاجار 🎗💥
✍درج داخالي  
📌مساحه 370
📌مدخلين رجال حريم
📌بايكه
📌مشب خارجي
📌حوش
📌صاله 
📌مقلط
📌مطبخ مستودع
📌غرفه كبار سنه ماستر
📌غرفه
📌فوق  🔻🔻🔻🔻 
📌٣ غرف نوم ماستر
📌صاله واسعه      ⭐🌖      60 دفعدين 55 كاش⭐
للتوا...",162.16,New
الرياض,حي المونسية,جنوب,200,3,5,4,1,1,1,0,1,0,1,1,0,1,0,0,1,0,0,60000,"🌎بسم الله مشاء الله
 فله دبلوكس للاجار 🏖
المونسيه🧱
فله للإيجار مكونه من🏕🏖 

♨️ثلاث ادوار درج داخلي 

                                   🪙  الدور الاول 🪙
صاله مجلس رجال +2 دورة مياة 
مطبخ +مستودع +حوش غسيل 
مقلط 
                               ...",300.0,Modern
الرياض,حي الربوة,غرب,200,7,3,5,2,1,1,0,1,0,1,0,0,0,0,0,1,0,0,100000,"مكيفات اسبيليت
مطبخ راكب
كاميرات مراقبة",500.0,Medium
الرياض,حي العارض,جنوب,370,0,5,5,3,1,1,0,1,0,1,1,0,1,0,0,1,0,0,120000,"🔴بسم الله مشاء الله تبارك الله 
يوجد لدينا فله شبه جديده  عمره سنه
فيها اثاث بسيط      🔴 بصراحه فله فاخر للصاملين📈
شارع 20
✅طريق ابو بكر الصديق  /العارض
✒١٢٠  بالسنه دفعتين
✒١١٠   بالسنه دفعه وحده


📶📶📶📶🪶
🔸️*** دور ارضي كامل استقبال درج داخل...",324.32,New
الرياض,حي الدار البيضاء,شمال غربي,325,7,5,3,1,0,1,0,0,0,0,0,0,1,0,0,0,0,0,53000,"🏡فيلا للايجار بالكامل
دورين + شقة مساحة ٣٢٥ متر 
زاوية على شارعين
قريبة من محطة القطار
الأرضي ٥ غرق وصالة و٣حمام ومطبخ وحوش ومدخل سيارة ومستودع شنكو خلفي 
الثاني ٥ غرف وصالة و٣ حمام ومطبخ
الملحق ٣ غرف وصالة و٢ حمام ومطبخ مع سطح
السعر ٥٣ ألف قابل للت...",163.08,Medium
الرياض,حي العليا,شرق,500,30,5,4,2,1,1,1,1,0,1,1,1,1,0,0,1,0,0,80000,فيلا للايجار حي العليا خلف الهزازي طريق العروبة مسبح وحوش وملحق وغرفة سائق مطبخ خارجي خمس غرف نوم للتواصل واتس اب 0500069611,160.0,Old
الرياض,حي الفيحاء,غرب,500,15,4,3,3,1,0,0,0,0,0,1,0,0,0,0,1,0,0,55000,"١ملحق خارجي مع دورة مياة

٢درج بالصاله",110.0,Medium
الرياض,حي الملقا,جنوب,375,2,5,5,1,1,1,1,1,0,1,0,0,1,0,0,1,0,0,130000,"فيلاء للإيجار حي الملقاء
قريب من طريق المطار 🛫
وطريق أنس بن مالك رضي الله عنهم
وطريق القصيم 🛣️
وقريب من جميع الخدمات

الفله مساحه 375م
جنوبيه

☎️للمفاهمه والإستفسار
شركه رموز العدل للعقارات

0552376081 ابو راكان واتس 📲 واتصال ☎️

0533888911 ابو اح...",346.67,Modern
الرياض,حي العارض,شمال,260,5,5,5,2,1,1,0,1,0,1,0,0,1,0,1,1,0,0,120000,"بسم الله مشاء الله تبارك الله 🏖
فله فاخر  للاحار في العارض الرياض🏦
موقع ممتاز جدا قريب من جميع الخدمات 🏩🗽
للراغبين في السكن الفله درج داخلي نضيف🌁🏯
فيلا دبلكس في شمال الرياض ⛺

الدور الارضي :- 🔎
- مجلس رجال عصري بدورة مياة + صالة طعام 🌃🏣
- صا...",461.54,Modern
الرياض,حي المصيف,شمال,550,27,7,5,2,0,1,1,1,0,0,0,0,1,0,0,0,0,0,70000,"فيلا قديمه بمساحة ٥٥٠ متر زاوية شارع ٢٠م وممر عبارة عن دورين تم استخدامها سابقاً كمدرسة أهلية:
الدور الارضي: ٤ غرف وصالة ومجلس و مقلط ومطبخ (لايوجد مطبخ راكب)
+ ملحق خارجي + غرفة سائق خارجية
الدور الاول: ٥ غرف و صالة و مجلس 
السطح غرفة

الفلة بتتأجر ...",127.27,Old
الرياض,حي الهدا,شرق,227,0,5,5,1,1,0,0,0,0,0,1,0,0,0,0,1,0,0,55000,"تشطيب ممتاز 
يوجد ملاحق 


موقع  حي المهدية أول تقاطع",242.29,New
الرياض,حي العقيق,شرق,840,7,5,5,3,1,1,1,1,0,1,1,0,1,1,0,1,0,1,150000,"للايجار فيلا بحي العقيق 


شارع البحر المتوسط 


الفيلا تصلح لشركات فقط",178.57,Medium
الرياض,حي العارض,شرق,300,0,5,5,2,1,1,1,1,0,1,1,0,1,0,1,1,0,1,130000,"بسم الله مشاء الله تبارك الله🌱🌱
يوجد لدينا فله فاخر دبلوكي العارض📕
☘ملاحظه/لمعاينه الفله ضروري اخذ موعد قبله بي يوم
✒المساحه300
💸الوجه شرق
✒غرف النوم ٥
✒الصلات ٢
✒دوره المياه ٥
✒عرض الشارع١٦
✒عمر العقار جديد
✒حوش مطبخ فاخر ايطالي راكب 
✒مدخل سيار...",433.33,New
الرياض,حي الشهداء,شمال,300,10,5,5,3,1,1,1,1,0,0,1,0,1,0,0,1,0,0,70000,"بسم الله مشاء الله 🚩
فله  مجدد بلكامل في غرناطه🏳
مساحه ٣٠٠ متر✅
مدخل سياره✅
اكثر من ٥غرف ✅
حوش ✅
مدخلين رجال حريم✅
٣ صلات✅
٦دوره مياه✅
عرضرالشارع ١٥ متر✅
عمر العقار١٠✅
غرفه سايق✅
غرفه خادمه✅
سطح✅
تاسيس المكيفات شباك🔅🔆
مجدد كل شي فيها مم سباكه وبو...",233.33,Medium
الرياض,حي العقيق,شرق,900,25,5,5,2,1,0,1,1,0,1,0,0,1,0,0,1,0,0,200000,"للإيجار فيلا بحي العقيق
تحت استقبال كامل 
٥ غرف نوم ماستر
السعر ٢٠٠ الف",222.22,Old
الرياض,حي العارض,شمال,250,0,5,5,1,1,1,0,1,0,0,0,0,1,0,1,1,0,0,80000,"للايجار فيلا دبلكس في موقع ممتاز جدا بالقرب من كمباوند لبنى العليان والمدرسة العالمية الامريكية. الفيلا مكونة من:



######الدور الأرضي######
حوش امامي وحوش صغير خلفي
مجلس
صاله واسعه
مطبخ راكب (يفتح على الصاله وعلى الحوش)

######الدور الثاني######
٤ ...",320.0,New
الرياض,حي القادسية,جنوب,372,0,4,4,3,1,1,1,1,0,0,0,0,1,0,0,1,0,1,58000,"تواصل على الرقم : 
0548907466",155.91,New
الرياض,حي الرمال,غرب,222,0,7,5,2,1,1,0,0,0,0,0,0,1,0,1,1,0,1,60000,"خلف الفيلا مباشره جامع
فيلا فيها ١٠ غرف و٥ حمامات
شقه علويه مدخل خاص
للايجار بالكامل او الفيلا لوحدها والشقه لوحدها
ابو عبدالعزيز ٠٥٥١٩١٧٥٨٣
السعر قابل للتفاوض
الفيلا ب٦٠ الف
الشقه ايجار شهري ١٥٠٠",270.27,New
الرياض,حي النفل,جنوب,250,8,6,4,2,1,1,1,0,0,1,1,1,1,0,0,1,0,0,100000,"فيلا للإيجار مستقله
الدور الارضي:
 حوش ومدخل سيارة وغرفه سائق مجلس صالة مطبخ راكب حمامين 
 
الدور الاول :
غرفه نوم ماستر 
3 غرف نوم وحمام 
 السطح :
غرفه وصالة ومسبح",400.0,Medium
الرياض,حي ام الحمام الشرقي,جنوب,400,25,7,5,2,1,1,0,0,1,1,1,0,1,0,0,1,0,0,65000,"فلا موثثه قريب من شارع ام الحمام العام
بالقرب من مطعم شوايه الخليج",162.5,Old
الرياض,حي السليمانية,شمال غربي,312,20,5,4,2,1,1,1,1,0,1,0,0,1,0,1,0,0,0,65000,,208.33,Old
الرياض,حي النرجس,شرق,220,0,3,4,1,1,1,1,1,0,1,0,0,1,0,1,1,0,0,80000,"فيلا مودرن  موقع مميز وتشطيب ممتاز 
مجلس ودورة مياه رجال وصاله ومطبخ ودورة مياه نسا ء 3 غرف نوم وحمامين وغرفه خادمة وسايق  المكيفات راكبة والمطبخ راكب  مع الفرن",363.64,New
الرياض,حي النرجس,جنوب,600,0,5,4,2,1,1,0,0,0,0,1,0,1,0,0,0,0,0,150000,"للأجار فله مميزه بناء شخصي بالنرجس شمال سلمان  المساحه 600 بحي القمرا 7  جنوبيه  درج صاله واجنحة نوم تتكون من مجلس واسع وسفرة طعام وصاله نساء بالإطافه لمجلس نساء مستقل مع درة مياه ومطبخ
أجنحة النوم غرفة رئيسيه بدورة مياه مستقله زائد 4 غرف نوم
الفه جد...",250.0,New
الرياض,حي الروضة,شرق,450,30,6,5,1,1,1,1,0,0,1,0,0,1,0,0,1,0,0,50000,فله دوبلكس درج داخلي فيها غرفة سائق وغرفه بالسطح,111.11,Old
الرياض,حي التعاون,شرق,250,12,5,5,2,1,1,1,1,0,1,0,0,1,0,1,1,0,0,90000,"فيلا دوبلكس مكيف ومطبخ راكب
مجلس  رجال
صاله كبيرة مفتوحه
مطبخ
٤ غرف نوم منها غرفتين ماستر
غرفة غسيل 
غرفة خادمة
حوش كبير

موقع مميز هادئي 
بجانب وزارة العدل قسم النساء 
مواقف خارجيه
قريب من الدائري

ابونواف
٠٥٠١٢٢٢٤٩٩",360.0,Medium
الرياض,حي العارض,شمال,250,0,5,5,1,1,1,0,1,0,0,0,0,1,0,1,1,0,0,80000,"للايجار فيلا دبلكس في موقع ممتاز جدا بالقرب من كمباوند لبنى العليان والمدرسة العالمية الامريكية. الفيلا مكونة من:



######الدور الأرضي######
حوش امامي وحوش صغير خلفي
مجلس
صاله واسعه
مطبخ راكب (يفتح على الصاله وعلى الحوش)

######الدور الثاني######
٤ ...",320.0,New
الرياض,حي الرمال,شرق,360,0,5,4,1,1,1,0,1,0,0,0,0,0,0,0,0,0,0,550000,"فله للايجار الرمال الذهبي مكونه من مشب ومجلس ومقلط وصاله نسا وغرفه كبار السن ومطبخ
العلوي صاله و٤غرف نوم منهآ غرفه ماستر وغرفه خادمه وأربع دورات مياه وانتو بكرامه",1527.78,New
الرياض,حي الخليج,جنوب,525,16,5,2,1,0,0,0,0,0,0,0,0,1,0,0,0,0,0,50000,دور أرضى مجدد بالكامل,95.24,Old
الرياض,حي القيروان,جنوب شرقي,337,3,4,3,2,1,1,0,1,0,1,1,0,1,0,0,1,1,0,140000,"فيلا ب القيروان شمال الرياض 
للإيجار 337.5م  المسطح 600 م 
 بنائها شخصي 100%
درج صاله  مجلس +مقلط+صاله كبيره+مطبخ كبير + مطبخ صغير +غرفه خادمه + ملحق خارجي + 
الدور الاول  غرفه ماسترر مكونه من غرفتين ومدخل + 3 غرف  كل غرفه مع دورة مياه خاصه+ صاله + م...",415.43,Modern
الرياض,حي حطين,شمال,400,0,4,5,3,1,1,1,1,1,1,1,1,1,0,0,1,0,1,400000,للايجار فلل راقيه في كمباوند خاص vip بحي الجوهرة شمال الرياض يوجد عده فلل بشرائح سعريه مختلفه حسب المساحه وعدد الغرف ، والتاثيث من بدونه الاسعار من 280 الف الى 450 الف,1000.0,New
الرياض,حي ظهرة البديعة,شرق,570,29,7,5,2,1,1,1,1,0,1,1,0,1,0,0,1,0,0,60000,"فيلا كامله للايجار

الدور مكونه / 
دور ارضي 
مجلس 
ومقلط 
وصـالـة 
ومـطـبخ 
ومجلس نساء 
حمام واحد مع مغاسل 
يوجد ملحق خارجي ( مشب ) 
ملحق خارجي لنساء مع دورة مياة 
ومدخل سيارة 
غرفة سواق 
الدور العلوي : 
عبارة عن ٧ غرف وصالة ودورتين مياة 
السطح /
غرف...",105.26,Old
الرياض,حي السليمانية,شمال غربي,320,10,3,4,1,1,1,1,1,0,0,0,0,1,0,1,1,0,0,90000,"فيلا دبلكس 
درج بالصالة سكن عائلة واحده فقط لا تنقسم 
الأرضي مجلس وسفرة وصالة ومجلس نساء ومطبخ 
العلوي 3غرف نوم وصالة
 وملحق علوي للخادمة مع الغسيل 
ارضيات رخام لكامل المنزل ما عدا غرفتين النوم موكيت باقي الغرف رخام 
التكييف اسبليت مخفي لكامل المنزل ...",281.25,Medium
الرياض,حي ظهرة لبن,شرق,450,0,5,5,2,1,1,0,0,0,0,1,0,0,0,0,0,0,0,60000,فيلا للايجار مشب خارجي مجلس مقلط صاله مجلس نساء غرفة كبار السن ثلاث دورات مياة الدور الارضي درج داخلي الدور الاول ٣غرف نوم كلها ماستر بدورات المياه الدور الثاني غرفة للشغاله ودورة مياااااه,133.33,New
الرياض,حي النخيل,شرق,300,6,4,5,2,1,1,1,1,0,0,0,0,1,0,1,1,0,0,120000,السعر قابل للتفاوض,400.0,Medium
الرياض,حي الملز,جنوب,750,30,5,5,3,1,1,1,1,0,1,1,0,1,0,0,0,0,0,120000,"فيلا كبيرة ومجددة بالكامل
نظيفة جدا
تصلح العائلتين أو أكثر
يمكن  تجزئتها الى وحدات",160.0,Old
الرياض,حي الصحافة,غرب,325,8,4,5,1,1,1,0,1,0,0,1,0,1,0,0,1,0,0,90000,للايجار فله شمال الرياض حى الصحافه مكيفات ومطبخ راكب بها اربع غرف نوم ومدخل سياره وملحق خارجى,276.92,Medium
الرياض,حي المونسية,جنوب,312,0,7,5,2,1,1,1,1,0,0,1,0,1,0,0,1,1,1,90000,"فيلا جديدة مميزة للايجار  


للتواصل 0502170018",288.46,New
الرياض,حي حطين,جنوب,263,3,5,5,3,1,1,1,1,0,1,1,0,1,0,1,1,1,0,160000,"فيلا VIP للايجار عبارة عن٣ صاله مجلس رجال مجلس نسا ٣ غرف نوم بالإضافة لغرفة ماستر مكيف مخفي  بالدور  الأرضي 
والغرفة الماستر مجهز بشتر على الشبابيك وأيضا بكاميرات مراقبه داخلية يوجد ٢ مطبخ واحد مغلق والثاني مفتوح مع ملحق تراثي ويوجد شقة مجهزه لغسيل ا...",608.37,Modern
الرياض,حي الملقا,جنوب,200,2,5,5,2,1,1,0,1,0,1,1,0,1,0,1,1,0,0,90000,"فيلا للايجار بالملقا شرق الخير
قريية من فوال الطايف وكبدة الخير
٢٠٠ م دبلكس
الارضي مجلس ومقلط وصاله وغرفة كبار سن ومطبخ ومدخل سياره وحمامين
فوق اربع غرف نوم مع ثلاث حمامات
وصاله والسطح غرفتين وغرفة خادمة وغسيل
مطبخ راكب
ومكيفات مركبة
سبيلت
بدون غرفة ...",450.0,Modern
الرياض,حي النفل,جنوب,250,8,5,4,2,1,1,1,0,0,1,0,1,1,0,0,1,0,0,100000,"فيلا للإيجار
فيلا مستقله واجهه جنوبيه شارع 15 
الدور الارضي / مدخل سياره وغرفة حارس
مجلس ، صاله كبيرة ، مطبخ ، حمامين 
الدور الاول /  غرفة نوم ماستر + 3 غرف نوم وحمام
السطح / غرفة + صالة + سطح ويوجد به مسبح


التواصل من الساعه 4 مساء الى الساعه 11 مس...",400.0,Medium
الرياض,حي العارض,شمال,250,0,5,5,1,1,1,0,1,0,0,0,0,1,0,1,1,0,0,80000,"للايجار فيلا دبلكس في موقع ممتاز جدا بالقرب من كمباوند لبنى العليان والمدرسة العالمية الامريكية. الفيلا مكونة من:



######الدور الأرضي######
حوش امامي وحوش صغير خلفي
مجلس
صاله واسعه
مطبخ راكب (يفتح على الصاله وعلى الحوش)

######الدور الثاني######
٤ ...",320.0,New
الرياض,حي العارض,شمال,326,0,4,5,3,1,1,1,1,0,1,1,0,1,0,0,1,0,0,140000,"للإيجار فيلا مودرن تصميم جميل

الدور الارضي:
مجلس ومقلط وصالة ومجلس نساء ومطبخ وغرفة خادمة وملحق خارجي

الدور الاول:
٤ غرف نوم ماستر وصالة


لايوجد سطح

المكيفات والمطبخ راكبه",429.45,New
الرياض,حي النرجس,غرب,372,0,3,5,2,1,1,1,1,0,1,0,0,0,0,0,1,0,0,160000,"فلل للإيجار بمجمع سكني مغلق بحي النرجس
اسعار تبدا من 139 الف ويضاف 2.5٪؜ عمولة 
بناء جديد أول ساكن

يوجد بالمجمع جميع الخدمات من نادي رياضي ونادي صحي وميني ماركت وكافيه ومسابح داخلية وخارجية ومنطقة ألعاب أطفال وصالة اجتماعات وقاعة مناسبات

توجد م...",430.11,New
الرياض,حي النخيل,جنوب شرقي,420,15,5,5,3,1,1,1,1,0,0,1,0,1,0,1,1,0,0,140000,فيلا للايجار في حي النخيل مجددة,333.33,Medium
الرياض,حي الشرق,شمال شرقي,300,0,6,4,2,1,1,0,0,0,1,0,0,1,0,0,1,0,1,50000,‏الفلة على شارعين 15 وعشرين ‏يوجد بها أربع مكيفات جديدهست غرف واربع دورات مياه و مشب كبير في حوش كبير ‏الصالة٢ ‏واجهة الفلة مطلوبة موقع ممتاز ٠٥٥٣٠٠٣٢١٨ ابو مشعل,166.67,New
الرياض,حي الياسمين,شمال,300,3,4,5,2,1,1,1,1,0,1,0,0,1,0,1,1,0,0,110000,"٣٠٠م للإيجار دوبلكس العمر ٣سنوات
٤غرف نوم و٣حمامات
والأرضي مجلس وصالة ومطبخ
والسطح غرفة للشغالة وحمام
 وغرفة سائق
مكيفات اسبيلت ومطبخ راكب
شارع ١٥شمالي
١١٠ألف
المعاينة من الساعة ٩صباحا إلي٤عصرا",366.67,Modern
الرياض,حي السفارات,شرق,250,0,3,5,1,1,1,1,1,0,1,0,0,0,0,1,1,0,0,212000,"مساحة الأرض ٢٥٠م
مسطح البناء ٣٠٠م
غرف النوم ٣
عرفة خادمة
غرفة سائق
سجل اهتمامك
+966561222544",848.0,New
الرياض,حي الربوة,غرب,200,2,7,5,2,1,1,0,1,0,1,0,0,1,0,0,1,0,0,85000,"تشطيب راقي وموقع مميز قريب من جميع الخدمات
المطبخ راكب بالاضافة الى فرن وميكروييف 
تكييف سبلت
نظام سكيورتي كاميرا",425.0,Modern
الرياض,حي جرير,جنوب غربي,550,33,5,5,2,1,1,0,0,0,0,0,0,0,0,0,0,0,0,120000,"على شارع صلاح الدين حي الملز 
على طريق القطار 

للايجار 
تصلح للشركات والعزاب",218.18,Old
الرياض,حي حطين,غرب,250,5,5,5,1,1,1,1,1,0,1,0,0,1,0,0,1,0,0,100000,"للايجار فيلا فاخره  بحي الملقا قريبة من جميع الخدمات 
تتكون من 
الدور الارضي عباره عن مجلس ودورة مياة 
مطبخ راكب  
وغرفة سائق ومدخل سيارة 
الدور الاول 
عباره عن  صاله و ثلاث غرف ماستر كل غرفة بحمام 
الدور الثاني 
غرفه ماستر  
وغرفة خادمه ومستودع 
مكي...",400.0,Modern
الرياض,حي الياسمين,غرب,400,5,5,5,1,1,1,1,1,0,1,0,0,1,0,0,1,0,0,90000,"للايجار فيلا درج صاله بحى الصحافة 
عبارة عن مدخل سيارة حوش واسع 
مجلس رجال ومجلس نساء 
ملقط وصاله مطبخ 
الدور العلوي 
5 غرفه نوم منهم غرفتين نوم ماستر 
وصاله 
السطح غرفه شغاله غرفه غسل 
والسطح واسع 
المطبخ راكبه المكيفات راكبه 
الفيلا مجدي بكامل 
قري...",225.0,Modern
الرياض,حي النخيل,جنوب,262,8,6,5,2,1,1,1,1,0,1,0,0,1,1,1,1,0,0,180000,"تم التأجير

تم التأجير

تم التأجير

فلة للإيجار بحي النخيل بشمال الرياض

مساحتها 262م

الفلة مرتبة ونظيفة جدا جدا

قبو كبير 12م في 8م به غرفتين
مطبخ كلاسيكي فخم راكب
‏‎13 مكيف فوجي الكترك تعمل بشكل ممتاز

الدور الأرضي:
مجلس/صالة كبيرة مفتوحة
كراج خاص...",687.02,Medium
الرياض,حي القدس,شمال,1350,25,5,5,5,1,1,1,1,0,1,1,0,1,0,0,1,0,1,160000,فيلا للايجار بحي القدس بين مخرج ١٠/١١ المساحة ١٣٥٠,118.52,Old
الرياض,حي العارض,شمال,250,0,5,5,1,1,1,0,1,0,0,0,0,1,0,1,1,0,0,80000,"للايجار فيلا دبلكس في موقع ممتاز جدا بالقرب من كمباوند لبنى العليان والمدرسة العالمية الامريكية. الفيلا مكونة من:



######الدور الأرضي######
حوش امامي وحوش صغير خلفي
مجلس
صاله واسعه
مطبخ راكب (يفتح على الصاله وعلى الحوش)

######الدور الثاني######
٤ ...",320.0,New
الرياض,حي الملقا,4 شوارع,300,2,4,4,2,1,1,1,1,1,1,0,1,1,0,0,1,0,0,140000,"@4tunerealty

للايجار فلل داخل كمباوند بيوت التلال الذكية بحي الملقا
 مدخل خاص ومدخل كراج الدور الارضي مجالس وغرفة خادمة وغرفة غسيل
 الدور العلوي 3 غرف نوم منها واحدة ماستر ومجلس مطل على الحديقة 
مؤثثة بالكامل مع حديقة مشتركة ونادي رياضي ومسبح وساونا...",466.67,Modern
الرياض,حي قرطبة,شرق,200,3,5,5,3,1,1,0,1,0,1,0,0,1,0,1,1,0,0,75000,"فيلا دبلكس درج صالة للايجار 
الموقع صحيح بالاعلان 
حوش ومدخل سيارة 
مجلس وصالة كبيرة ومطبخ الدور الأرضي
العلوي الأول مكون من ثلاث غرف نوم وحمامين 
العلوي الثاني مكون من غرفتين وصالة 
راكب مكيفات 
السعر قابل للتفاوض",375.0,Modern
الرياض,حي طويق,شمال,350,0,7,5,2,1,1,0,1,0,0,0,0,1,0,1,1,0,1,55000,"شقة للايجار .. تشطيب فاخر 
ثلاث ادوار درج صالة حلزوني للثلاث ادوار 
الدور الارضي مجلسين استقبال رجال ونساء + غرفة كبار سن 
غرفة غسيل + مستودع + مشب خارجي مستقل 
الدور الثاني والثالث غرف نوم بحماماتها  ( ١ غرفة نوم ماستر ) 
+ السطح 

يوجد شقتين في نفس...",157.14,New
الرياض,حي العارض,شرق,200,0,6,5,3,1,1,1,1,1,1,0,0,1,0,1,1,0,0,130000,"فيلا درج داخلي مؤثثه بالكامل

الموقع : دانة الياسمين 

الدور الارضي:


مدخل كراج 
غرفة سائق 
مجلس رجال 
صالة استقبال كبيره
مطبخ مؤثث بالكامل مع اجهزته 
دورتين مياه 
الدور الثاني :

صالة (جلسة عائلية) 
جناح رئيسي  
غرفتين نوم 
الدور الثالث : (الخدمات)...",650.0,New
الرياض,حي العليا,جنوب,520,25,5,5,2,1,1,1,1,0,1,1,0,1,0,0,1,0,0,95000,"فيلا بعقد سنوي او طويل قابله للفصل بدورين وبناء غرف اضافيه للاستثمار
الدور الأرضي مكون من مجلس كبير حرف L وصالة كبيرة مقابلها غرفة طعام وبجوارها مطبخ كبير فيه مخزن وغرفة غسيل بالإضافة غرفه صغير وحمام بالدور الأرضي
فناء  خارجي وسيع مع حديقة جنوبية
ملح...",182.69,Old
الرياض,حي ظهرة لبن,شرق,450,0,4,4,1,0,0,0,0,0,0,0,0,0,0,0,1,0,0,60000,فيلا للأيجار مستعمله نظيفه درج صاله,133.33,New
الرياض,حي الربيع,شمال,500,10,4,5,3,1,1,0,1,0,1,1,0,1,0,0,0,0,0,110000,فيلا للإيجار بحى الربيع الشرقى ممتازه مجالس وملحق خارجى ومجلس غرف نوم مطبخ ومكيفات راكبه,220.0,Medium
الرياض,حي النرجس,جنوب,375,0,5,5,1,1,1,1,1,0,0,0,0,1,0,0,1,0,0,140000,"فيلا جديدة للايجار بمخطط رياض النرجس شمال سلمان شرق ابو بكر 
مطبخ راكب من الشايع تكلفته ٨٠ ألف 
بدون مكيفات",373.33,New
الرياض,حي ظهرة لبن,شرق,450,2,7,5,2,1,1,0,1,0,0,1,0,1,0,0,1,0,1,60000,"فيلا للايجار حي لبن
٤٥٠/ مساحه /// شرقيه 
بين  ش. ///المجد وش.//// المشرق 
شرق شارع المجد تبعد عن جامع الملك عبدالله ١٠٠م 
مدخل رجال ومدخل حريم ومدخل سياره 
 مشب مجلس صاله جانبيه ومقلط رجال وغرفة كبار السن 
وصالة كبيره 
مطبخ ومقلط حريم ٣/ دورة مياه 
...",133.33,Modern
الرياض,حي الازدهار,جنوب,375,8,6,5,2,1,1,1,1,0,1,0,0,1,0,0,0,0,0,95000,فله للايجار في حي الازدهار جديده وقريبه من الخدمات ويوجد سطح وحوش وغرفه سايق ومدخل سياره للاستفسار 0535047201,253.33,Medium
الرياض,حي الملقا,جنوب,375,2,5,5,1,1,1,1,1,0,1,1,0,1,0,0,1,0,0,130000,"موقع مميز قريب من طريق المطار وطريق القصيم وطريق أنس بن مالك رضى الله عنه

للتواصل والمعاينة ج٠٥٦٣٠٦٠٠٣٦",346.67,Modern
الرياض,حي العارض,شمال,250,0,5,5,1,1,1,0,1,0,0,0,0,1,0,1,1,0,0,80000,"للايجار فيلا دبلكس في موقع ممتاز جدا بالقرب من كمباوند لبنى العليان والمدرسة العالمية الامريكية. الفيلا مكونة من:



######الدور الأرضي######
حوش امامي وحوش صغير خلفي
مجلس
صاله واسعه
مطبخ راكب (يفتح على الصاله وعلى الحوش)

######الدور الثاني######
٤ ...",320.0,New
الرياض,حي الملقا,جنوب,375,2,5,5,1,1,1,1,1,0,1,1,0,0,0,0,1,0,0,130000,"للايجار فيلا حى الملقا 
المساحه 375م الوجهه جنوبيه شارع 15
العمر عامين 
المواصفات 
مدخل سياره غرفة سائق
الارضى 
مجلس وصاله مقلط وغرفتين نوم 
مطبخ ومستودع ومخزن 
الدور الاول
غرفتين نوم ودورتين مياه
السطح 
غرفة نوم ودورة مياه 
والسطح
مباشر",346.67,Modern
الرياض,حي العارض,جنوب,230,0,5,5,1,1,1,1,1,0,0,0,0,1,0,0,1,0,0,70000,فيلا جديده عبارة عن دور ارضي استقبال ودرج داخلي وسط الصالة ودور علوي غرفة رئسية بدورة مياه وغرفتين ببنهم دورة مياه وغرفة شغاله مع حمام ومحل غسيل يوجد مدخل سيارة وغرفة سائق مساكن واسعه وتشطيب سوبر لوكس,304.35,New
الرياض,حي غرناطة,غرب,350,20,5,5,2,1,1,0,1,0,0,0,0,1,0,1,1,0,0,50000,للايجار فيلا بحي غرناطه,142.86,Old
الرياض,حي القيروان,شمال شرقي,400,0,4,5,1,1,1,1,1,0,1,1,0,0,0,0,1,0,0,140000,"فله على شارعين شرقيه شماليه  بالقيروان قيت ( مخطط العجلان ) بالقرب من حديقة عجلان واخوانه والمدارس العالمية والتربية النموذجيه مخارج الحي للملك فهد والملك سلمان الموقع مميز وبالقرب  من جميع الخدمات البناء شخصي .
الدور الارضي / ملحق خارجي واسع ومجلس ر...",350.0,New
الرياض,حي الرمال,غرب,206,0,4,4,2,1,1,0,1,0,1,0,0,0,0,1,1,0,0,55000,"فيلا اجار   دبلوكس  الرمال اليحي   
مدخل سياره مجلس مقلط مطبخ  مستودع  صاله 
الدور الثاني ٤غرف نوم وصاله 
الدور الثالث غرفه خادمه وسطح 
مكيفات راكبه اسبلت وثريات..
لايجار ب٥٥ قابله التفاوض  والشهري",266.99,New
الرياض,حي العليا,جنوب,520,25,5,5,2,1,1,1,1,0,1,1,0,1,0,0,1,0,0,95000,"فيلا بعقد سنوي او طويل قابله للفصل بدورين وبناء غرف اضافيه للاستثمار
 الدور الأرضي مكون من مجلس كبير حرف L وصالة كبيرة مقابلها غرفة طعام وبجوارها مطبخ كبير فيه مخزن وغرفة غسيل بالإضافة غرفه صغير وحمام بالدور الأرضي
فناء  خارجي وسيع مع حديقة جنوبية
مل...",182.69,Old
الرياض,حي الرمال,جنوب,325,0,4,3,1,0,1,0,1,0,0,0,0,0,0,0,1,0,0,55000,"نظييفه

الموقع في الرمال الخنيني",169.23,New
الرياض,حي السعادة,شمال,420,0,6,5,3,0,1,0,1,0,0,1,0,1,0,0,1,0,1,60000,"فيلا للايجار  حي السعادة درج صالة   الدور الارضي مجلس خارجي وداخلي. ومقلط وصالتين وغرفة ضيوف. ودورتين مياه. ومطبخ ومستودع 

العلوي 3غرف نوم وصالة.  دورتين مياه والسطح غرفة شغالة. وحمام وغرفة غسيل 

للاتصال :0540211990
0543999778",142.86,New
الرياض,حي الرمال,شرق,375,2,4,5,1,1,1,1,1,0,1,1,1,1,0,0,1,0,1,50000,"فيلا للايجار بحي الرمال الذهبي
مطبخ ومكيفات راكبه 
مطلوب 50 الف 
قريبه جدا من جميع الخدمات
للتواصل مكتب اسرار التكامل0566212795",133.33,Modern
الرياض,حي الرمال,شرق,350,0,5,4,2,1,1,0,1,0,0,1,0,0,0,0,1,0,0,60000,"فيلا جديده للايجار 
الرمال (التعميير)
مساحة 350 متر
شارع 30
الاستقبال
مجلس_مقلط_صاله_مطبخ_غرفة كبار سن_مدخل سياره_ملحق خارجي(مشب)
فوق 3 غرف نوم وصاله غرفه شغاله
ايجار 60000 قابل للتفاوض للصامل
للتواصل 
0566212795
محمد علي مكتب اسرار التكامل",171.43,New
الرياض,حي المنار,غرب,300,10,7,5,2,1,1,0,1,0,1,0,0,1,0,1,1,0,0,60000,"دبلكس درج داخلي في حي المنار : 

الدور الأرضي :

- مجلس رجال + صالة طعام + مجلس نساء + صالة + مطبخ راكب + مستودع + دورتين مياه + مدخل سيارة

الدور العلوي : 

- أربع غرف نوم + صالة + دورتين مياه

السطح :

- غرفة خادمة + غرفة غسيل + دورة مياه + سطح خاص...",200.0,Medium
الرياض,حي العليا,غرب,600,13,5,5,2,1,1,1,1,0,1,0,0,1,0,0,1,0,0,100000,"فيلا للايجار بحي العليا عباره عن دور الارضي مجلس نساء مجلس رجال صاله مطبخ الدور الاول 5 غرف وصاله ملحق غرفه الشغاله مدخل سياره غرفه سائق غرفه ملحق خارجي بالإضافة لوجود حوش الفيلا تفتح على شارعين موقع ممتاز وقريب من جميع الخدمات .
للتواصل والاستفسار
٠...",166.67,Medium
الرياض,حي اليرموك,شمال,300,11,7,5,2,1,1,1,1,0,1,0,0,1,0,0,1,0,0,65000,,216.67,Medium
الرياض,حي العليا,شمال شرقي,280,8,4,5,2,1,1,0,1,0,1,0,0,0,0,1,1,0,0,80000,فيلا زاوية مدخل سيارة مجلسين وصاله وصالة طعام وحمامين ومطبخ وأربع غرف نوم وثلاث حمامات وصاله غرفتين وحمام بالسطح مع وحش فى الأرضية والسطح,285.71,Medium
الرياض,حي القادسية,غرب,250,0,5,5,2,1,1,0,1,0,0,1,0,1,0,0,1,0,0,50000,"فيلا للايجار بحي  القادسية مساحة ٢٥٠متر شارع ٢٠م غربي قريبة لمسجد
تفاصيل الفيلا
الدور الأرضي
ملحق خارجي مجلس رجال مقلط طعام صالة مجلس نساء غرفة كبار السن مطبخ
الدور الأول
صالة وعدد اربع غرف نوم غرفتين ماستر وبوفية تحضير
الدور الثاني غرفة خادمة مع دور...",200.0,New
الرياض,حي الشهداء,شرق,350,11,4,4,2,0,1,1,1,0,0,0,0,0,0,0,1,0,0,65000,"فيلا درج وصاله
مجلسين وصالة طعام وحمامين  ومطبخ ومستودع 
اربع غرف نوم وثلاث حمامات وصالة 
وغرفة وحمام غرفة غسيل",185.71,Medium
الرياض,حي العارض,شمال,250,0,5,5,1,1,1,0,1,0,0,0,0,1,0,1,1,0,0,80000,"للايجار فيلا دبلكس في موقع ممتاز جدا بالقرب من كمباوند لبنى العليان والمدرسة العالمية الامريكية. الفيلا مكونة من:



######الدور الأرضي######
حوش امامي وحوش صغير خلفي
مجلس
صاله واسعه
مطبخ راكب (يفتح على الصاله وعلى الحوش)

######الدور الثاني######
٤ ...",320.0,New
الرياض,حي العليا,شمال,450,25,4,4,3,1,1,1,1,0,0,0,0,0,0,0,1,0,0,115000,فلة للايجار. شمالية.   للتواصل بنا. للمشاهدة.  الاتصال.  0554489999,255.56,Old
الرياض,حي العارض,جنوب,300,0,4,5,2,1,1,0,0,0,1,1,0,1,0,0,1,0,0,100000,"١٠٥   بالسنه دفعتين
١٠٠   بالسنه دفعه واحده

ملاحظه مطابخ و مكيفات وكاميرات 8 ميجا بكسل راكبه جاهزه

*** دور ارضي كامل استقبال درج داخلي 
مدخل سياره
ملحق خارجي دورة مياه بمغسله
مجلس رجال مفتوح ع مقلط ( الطعام ) بدورة مياه و مغاسل 
صالة كبيره ضيافه  ١...",333.33,New
الرياض,حي التعاون,جنوب,250,0,4,4,2,1,1,0,1,0,1,0,1,1,0,0,1,0,0,130000,"مجمع فيينا السكني

يتكون المجمع من 155 وحدة سكنية تحتوي على 144 شقة سكنية مكونه من 6 عمائر كل عمارة تتكون من 4 ادوار
الشقق تبدأ أسعارها من 65,000 إلى 100,000 بحسب اختلاف مساحة الوحدة

بالإضافة إلى 10 فلل سكنية 250 م بقيمة 130,000 ريال للوحدة

و خمسة ...",520.0,New
الرياض,حي المونسية,جنوب,250,0,6,5,2,0,1,0,1,0,0,0,0,1,0,0,1,0,1,60000,"فله للايجار حي المونسيه 👌جديددددده 
الايجار دفعتين٦٠٠٠٠ ألف
دفعه واحده ٥٥ ألف
تامين ٢٠٠٠ ريال عند تسليم الفله كم كانت ترحع للمستاجر 
الحي هادي والجيران محترمين جدا 👍
الشارع ٢٠ جنوبي 
مشب ومجلس ومقلط ومطبخ وغرفه كبار قدر واحترام 
الدورالاول : ٤غرف ن...",240.0,New
الرياض,حي اشبيلية,جنوب,300,3,6,5,2,1,1,1,1,0,1,0,0,1,0,1,1,0,0,95000,"للايجار دبلكس فاخر

مكيفات ومطبخ راكب

الدور الأرضي/
مجلس - طعام - صالة - مطبخ - مستودع - غ غسيل - غ خادمة

الدور الأول/
جناح نوم رئيسي + ٣ غ نوم ١ دورة مياه

الدور الثاني/
غرفتين و ١ دورة مياه


السطح جلستين


الحوش مدخل سيارة

غرفة سائق في الخارج

...",316.67,Modern
الرياض,حي العليا,جنوب,520,23,5,5,2,1,1,1,1,0,1,1,0,1,0,0,1,0,0,95000,فيلا للايجار بتصميم جميل وموقع استراتيجي بحي العليا. فرصه للاستثمار,182.69,Old
الرياض,حي العارض,جنوب,225,0,5,5,3,1,0,0,1,0,1,0,0,0,0,0,1,0,0,130000,,577.78,New
الرياض,حي النرجس,شرق,250,0,3,5,2,1,1,1,1,0,1,0,0,0,0,0,1,0,0,85000,"للايجار فيلا درج داخلي شمال طريق الملك سلمان 
الدور الارضي :-
مدخل سيارة + غرفة سائق + مجلس رجال + دورة مياه + صالة كبيرة + مطبخ مفتوح علي الصالة + دورة مياه ..
الدور الاول :- 
غرفة نوم رئيسية + غرفتين نوم + دورة مياه ..
السطح :- 
غرفة خادمة + غرفة غ...",340.0,New
الرياض,حي النرجس,شرق,270,0,4,5,2,1,1,1,1,0,1,0,0,1,0,0,1,0,0,100000,"فيلا للايجار حي النرجس الكيلو الرابع الشرقي قريب من طريق المطار مساحه ٢٧٠ متر شارع ١٥ شرقي العمر سنة واحدة فقط 

. مكونة من الدور الأرضي مدخل سياره غرفه سائق مجلس رجال مقلط صالة مطبخ مفتوح ع الصالة وحوش 
الدور الأول ٣غرف نوم منهم غرفة ماستر 

الدور ا...",370.37,New
الرياض,حي السويدي الغربي,غرب,400,19,4,5,2,1,1,0,1,0,1,0,1,1,0,0,1,0,0,80000,فيلا للايجار في حي السويدي الغربي موقع ممتاز حي هاديء تحتاج للبعض الصيانه  سوف تخصم من الايجار اذا كانت الصيانه على المستاجر للتواصل مع المالك ابو احمد 0554116009,200.0,Old
الرياض,حي غرناطة,شرق,312,20,5,5,3,1,1,0,1,0,1,0,0,1,0,1,1,0,1,60000,"فله للايجار بحي غرناطه

للتواصل :0534477890",192.31,Old
الرياض,حي القادسية,شرق,250,0,6,4,3,0,1,0,1,0,0,0,0,0,0,1,1,0,1,55000,فلة جديدة للاجار تتكون من مشب ومقلط ومجلس وصالة ومطبخ وغرفه ودورتين مياة ودور ثاني اربع غرف وصالة ودورات مياة ودور ثالث غرفة خادمة وسطح,220.0,New
الرياض,حي النرجس,شمال غربي,300,0,7,5,3,1,1,1,1,1,1,1,0,1,0,0,1,0,0,90000,"‏فيلا فاخرة جدا
 زاوية
شارع 20 
أربع غرف نوم
 ‏غرفتين ماستر 
مقلط 
مجلس
 ٣ صالات
‏ومزايا كثيرة",300.0,New
الرياض,حي العارض,شمال,250,0,5,5,1,1,1,0,1,0,0,0,0,1,0,1,1,0,0,80000,"للايجار فيلا دبلكس في موقع ممتاز جدا بالقرب من كمباوند لبنى العليان والمدرسة العالمية الامريكية. الفيلا مكونة من:



######الدور الأرضي######
حوش امامي وحوش صغير خلفي
مجلس
صاله واسعه
مطبخ راكب (يفتح على الصاله وعلى الحوش)

######الدور الثاني######
٤ ...",320.0,New
الرياض,حي المونسية,شرق,300,3,7,5,2,1,1,1,1,0,1,0,0,0,0,1,1,0,0,58000,للايجإر دبلكس راكب مكيفات اسبلت و مطبخ,193.33,Modern
الرياض,حي الرمال,شمال شرقي,388,0,5,4,2,1,1,1,1,0,1,1,0,1,0,0,1,0,0,55000,"فيلا اجار   خلف اسواق  سنابل  الخير فى الرمال التعمير 
شارعين موثثه مكيفات ومطبخ .وبعض لاثاث 
٤غرف نوم وغرفة خدامه وسطح
 وغرفة كبارسن بل ليضافه الى مجالس وملحق وصالات ومطبخ مستودع",141.75,New
الرياض,حي العليا,3 شوارع,750,15,5,5,2,1,1,1,1,0,1,1,0,1,0,0,1,0,0,150000,"للايجار فلة مستخدمة مجددة بالكامل
الموقع حي العليا قريبة من شارع التخصصي
المساحة ٧٥٠م على ٣ شوارع
الوصف غرفة سواق ملحق خارجي حوش كبير مجلس رجال ومجلس استقبال مقلط صالة مطبخ غرفة كبار السن الدور العلوي ٥ غرف نوم صالة علوية ملحق شغالة
الفلة يوجد تكييف ...",200.0,Medium
الرياض,حي طويق,شرق,400,32,5,3,1,1,1,0,0,0,0,0,0,1,0,0,0,0,0,800000,فيلا دور دور مساحه ٤٠٠ متر على شارعين شرقيه وشماليه مكونه من مجلس رجال ومقلط حريم و٣ غرف نوم ومطبخ و٣ حمام ماشاء الله ممتازه السوم ٨٠٠ الف ريال والله المستعان,2000.0,Old
الرياض,حي الملقا,جنوب,375,3,4,4,1,1,1,1,1,0,1,0,0,1,0,0,1,0,0,130000,"للايجار فيلا درج صالة
الموقع حي الملقا
الوصف
الدور الارضي غرفة سواق مدخل سيارة مجلس رجال دورة مياه مقلط صالة مطبخ غرفتين نوم دورة مياه نساء مستودع 
الدور الاول غرفتين نوم دورتين مياه 
السطح غرفة شغالة دورة مياه

الايجار السنوي ١٣٠ الف",346.67,Modern
الرياض,حي القيروان,غرب,200,5,4,5,3,1,1,1,1,0,1,0,0,1,0,1,1,0,0,80000,"للايجار فيلا دبلكس
الموقع حي القيروان شارع ١٥ غربي
الوصف : الدور الارضي غرفة سواق مجلس مقلط صالة مطبخ أمريكي دورتين مياه
الدور الاول صالة ٤ غرف نوم ٣ دورات مياه
السطح صالة غرفتين نوم دورة مياه
يوجد بها مطبخ راكب
يوجد بها مكيفات راكبه

الايجار السنوي
...",400.0,Modern
الرياض,حي الرائد,غرب,298,15,3,5,3,1,1,1,1,0,1,0,0,1,0,1,1,0,0,120000,"فيلا بحي الرائد مساحة 298 م يوجب مستودع ارضي وحمام خارجي وحوش خلفي للمطبخ وغرفة سائق

للتواصل واتس اب 
0583899926",402.68,Medium
الرياض,حي ظهرة لبن,شرق,375,0,7,5,3,1,1,0,1,0,0,1,0,1,0,0,1,0,1,60000,"فيلا مساحتها 375 للايجار الفيلا جديده 
الواجه شرقي شارع 20 قريب من الخدمات",160.0,New
الرياض,حي اليرموك,شمال,300,0,5,4,2,1,0,0,1,0,1,1,0,1,0,1,1,0,1,70000,فيلا دوبلكس جديده مطبخ راكب ومكيفات,233.33,New
الرياض,حي ام الحمام الغربي,شمال شرقي,200,10,6,4,1,1,0,0,0,0,0,1,0,1,0,0,1,0,0,50000,"فله بام الحمام الغربي ش ٢٠ وادي مبايض

للاستفسار0578212681",250.0,Medium
الرياض,حي القيروان,شمال,300,0,4,5,2,1,1,1,1,0,0,0,0,0,0,0,1,0,0,100000,"مع التحيه ،،

فله فاخره للايجار دورين .

مدخل سياره خاص + غرفة سائق 

مكيفات ومطبخ راكب 

للتواصل / محمد 0501000075",333.33,New
الرياض,حي مطار الملك خالد الدولي,3 شوارع,300,0,4,5,1,1,1,0,1,0,1,0,0,1,0,1,0,0,0,100000,فيلا جديده مودرن  بجانبها حديقه وامامها مسجد  على شارعين  المساحه ٣٦٠ يوجد مطبخ يوجد مظلة سياره لايوجد اثاث,333.33,New
الرياض,حي القادسية,شمال شرقي,350,0,4,4,2,1,1,1,1,0,0,1,0,1,0,0,1,0,1,50000,فله درج داخلي حي القادسيه,142.86,New
الرياض,حي قرطبة,شرق,140,3,5,4,2,0,0,0,0,0,1,0,0,0,0,0,1,0,0,70000,"فيلا صغيرة للايجار 
مجلس و صالة و ثلاث غرف نوم و غرفة خادمة و مستودع و غرفة غسيل 
مدخل سيارة 
راكبة مكيفات",500.0,Modern
الرياض,حي العارض,شمال,250,0,5,5,1,1,1,0,1,0,0,0,0,1,0,1,1,0,0,80000,"للايجار فيلا دبلكس في موقع ممتاز جدا بالقرب من كمباوند لبنى العليان والمدرسة العالمية الامريكية. الفيلا مكونة من:



######الدور الأرضي######
حوش امامي وحوش صغير خلفي
مجلس
صاله واسعه
مطبخ راكب (يفتح على الصاله وعلى الحوش)

######الدور الثاني######
٤ ...",320.0,New
الرياض,حي الصفا,شرق,300,0,1,4,2,1,1,1,1,0,1,0,0,1,0,0,1,0,0,80000,"يرجى تحديد موعد قبل التوجه 
الموقع غير دقيق/ فيلا للايجار درج داخلي نظيفففة مع مدخل سيارة و حوش للتواصل مع الاخت ميرال في حال عدم الرد التواصل واتساب وإرسال الطلب  مع الاسم و رقم جوال للتواصل كرما 0552600943",266.67,New
الرياض,حي المرسلات,شمال,450,12,5,5,2,1,1,1,1,0,1,0,0,1,0,0,1,0,0,125000,فيلا فخمة للإيجار بحي المرسلات قريبة من شارع الملك عبد العزيز الدور الارضي يتكون من مجلس مقلط مجلس نسائي مطبخ امريكي كبير دورتين مياه الدور العلوي يتكون من اربع غرف نوم وصالة اثنين غرفه نوم ماستر بالاضافه الى حديقه خارجيه كبيره غرفه سائق غرفه شغاله م...,277.78,Medium
الرياض,حي العليا,جنوب شرقي,300,15,4,3,1,1,1,1,0,0,1,0,1,1,0,0,1,0,0,120000,"يرجى التواصل قبل لان الموقع غير دقيق و الكمباوند للايجار بالكامل  يرجى تحديد موعد /   في العليا للايجار فلل او  بالكامل ٢٤ فيلا بدرج داخلي لكل فيلا مدخل سيارة عالريمونت  و غرف للسواقين و قاعة للجيم 
متوفر مسبح و صاله للمناسبات صاله للجيم
للتواصل مع م...",400.0,Medium
الرياض,حي القادسية,غرب,300,0,5,5,2,1,1,0,1,0,0,1,0,1,0,1,1,0,1,55000,"- فيلا للايجار في حي القادسية : 

مواصفات الفيلا : 
الدور الارضي 
( مشب + مجلس + مقلط + صاله + مطبخ + غرفه كبار سن + 2 دورة مياه ) 

الدور الأول 
4 غرف + صاله + 3 دوراه مياه 

الدور الثاني 
غرفة شغاله + سطح 

قيمة الإيجار / 55,000 ( دفعه أو دفعتين ) ...",183.33,New
الرياض,حي العليا,غرب,350,4,4,4,2,1,1,1,1,0,1,0,0,0,0,1,1,0,0,90000,"فيلا درج وصاله اربع غرف نوم و٣حمام العلوى
وصاله ومجلسين وحمامين ومطبخ 
السطح غرفتين وحمام",257.14,Modern
الرياض,حي الواحة,شرق,500,30,5,5,5,1,1,1,1,0,1,1,0,1,0,0,1,0,0,100000,"دفعة وحدة 90000 
دفعتين 100
0590903050
للايجار فيلا في حي الواحه",200.0,Old
الرياض,حي السليمانية,شمال,185,25,2,3,2,1,1,0,0,0,1,0,1,1,0,0,1,0,0,85000,"ڤيلا للأيجار في كامباوند 
مكونة من دورين 
2 غرفة نوم 
وصالتين 
ومطبخ
وحوشين خلفي وامامي
وتوجد قاعة احتفالات + مسبح +نادي + ملعب تنس وباسكت",459.46,Old
الرياض,حي الرمال,جنوب,345,0,7,5,3,1,1,0,1,0,0,0,0,1,0,0,1,0,1,50000,درج داخلي وشقتين للايجار,144.93,New
الرياض,حي الندى,غرب,250,0,4,5,4,1,1,1,1,0,1,1,0,1,0,0,1,0,0,180000,"فيلا تشطيب فاخر 
جدييييييدة

الدور الاول : حديقة امامية و خلفية ، صالونين ، مطبخ و حمام ضيوف
يوجد غرفة تخزين و غرفة سائق
الدور الثاني : 3 اجنحة رئيسية مع غرفة كلوزيت و حمام خاص لكل غرفة
الدور الثالث : اسطوح خارجي مميز مع جاكوزي ، صالة ، غرفة خادمة + ...",720.0,New
الرياض,حي غرناطة,4 شوارع,260,11,4,3,3,1,1,0,1,1,1,0,1,0,0,0,1,0,0,190000,"كمبوند يوجد جميع الخدمات 
مسطاحات خضراء العاب  شالات والعاب مائية  مسابح 
خدمات أخرى مدرسة من 2سنه«إلى 6سنوات
جميع الخدمات متوفرة من صراف إلى و سوير ماركت كبير 
توفير صيانة وتنظيف كامل 
توفير باص للتنقل إلى الأسواق والمقاولات
مطاعم
الاسعار تختلف باخت...",730.77,Medium
الرياض,حي القيروان,غرب,200,5,4,5,3,1,0,1,1,0,1,0,0,1,0,0,1,0,0,75000,"للايجار فله دبلكس 
مكونه من 
الارضي غرفة سائق و كراج سياره و مجلس و مجلط و صاله و مطبخ و حوش و دورتين مياه 
الأول ٤ غرف نوم و صاله و ٣ دورات مياه 
الثاني غرفة نوم و غرفة شغاله و صاله و دورة مياه و سطح 
الايجار ٧٥ الف",375.0,Modern
الرياض,حي ظهرة لبن,غرب,450,0,5,5,1,1,1,1,1,0,0,1,0,1,0,0,1,0,0,85000,"الايجار ٨٥٠٠٠الف دفعتيين  او دفعة واحدة ٨٠٠٠٠الف
ملاحظة عدد غرف النوم ٨ غرف نوم كل واحدة بدورة مياة 
كذلك مؤسس مصعد .",188.89,New
الرياض,حي الملك فهد,شرق,450,23,5,5,2,1,1,1,1,0,1,0,0,1,0,0,1,0,0,90000,فلة واجهة شرقية مكيفات راكبة مطبخ راكب درج صالة تحت المجالس ودورات المياة والمطبخ والصالة الدور العلوي اربع غرف مع اربع دورات مياة فوق ثلاث غرف مع دورة مياة حوش مع مدخل سيارة مع غرفة سائق شارع عشرين قريبة من الملك عبد العزيز,200.0,Old
الرياض,حي العارض,شمال,250,0,5,5,1,1,1,0,1,0,0,0,0,1,0,1,1,0,0,80000,"للايجار فيلا دبلكس في موقع ممتاز جدا بالقرب من كمباوند لبنى العليان والمدرسة العالمية الامريكية. الفيلا مكونة من:



######الدور الأرضي######
حوش امامي وحوش صغير خلفي
مجلس
صاله واسعه
مطبخ راكب (يفتح على الصاله وعلى الحوش)

######الدور الثاني######
٤ ...",320.0,New
الرياض,حي النزهة,غرب,375,12,4,5,1,1,1,1,1,0,1,0,0,1,0,0,1,0,0,130000,"الدور الارضي: غرفة سائق مع دورة مياه+مدخل سيارة+مجلس+مقلط+غرفة جلوس+ مطبخ+مستودع صغير تحت الدرج+دورتين مياه
الدور الثاني: صالة+٤ غرف نوم+٣ دورات مياه
السطح: غرفة اللعاب+غرفة خادمه مع دورة مياه+سطح

للتواصل واتساب\0507947000
ايراد المباني",346.67,Medium
الرياض,حي الملقا,شمال شرقي,200,0,4,4,2,0,1,0,0,0,0,0,0,1,0,1,1,0,0,120000,"الموقع حي الملقا بمدينة الرياض دبلوكس جديدة بناء شخصي.

الدور الأرضي: مجلس رجال بدورة مياه، صالة، مطبخ مع غاز مركزي، مجلس نساء دورة مياه. 

الدور الأول: غرفة نوم رئيسية مع دورة مياه مؤسس لها جاكوزي، صالة، غرفة نوم بدورة مياه، غرفة نوم ثانية.

المزايا...",600.0,New
الرياض,حي اشبيلية,شمال,370,10,5,5,1,1,1,0,0,0,0,1,0,1,0,0,0,0,1,50000,"السلام عليكم
.
أعرض لكم دور أرضي للإيجار السنوي
مكون من ( مشب بدورة مياه مجلس بدورة مياه مقلط
صاله 3 غرف نوم واحدة ماستر مطبخ مدخل سياره)
.
الموقع إشبيلية الذهبي قريبة جداً من الخدمات التجارية
 ومن المسجد ومحو الأمية ومدارس الأطفال الحكومية والأهلية
...",135.14,Medium
الرياض,حي السعادة,شمال,420,0,5,5,2,1,1,0,1,0,0,0,0,1,0,0,0,0,1,60000,"فيلا للايجار تتكون من
مجلس
مقلطف 

مشب خارجي
صاله نساء 
مجلس نساء
غرفه كبار سن
الدور الثاني ٣ غرف نوم  وصاله الثالث غرفه خادمه
غرفه غساله مع سطج",142.86,New
الرياض,حي الملقا,جنوب,400,0,7,5,3,1,1,1,1,0,1,0,0,1,0,0,1,1,0,120000,"للإيجار فله دورين ونص درج داخلي
عدد تسع حمامات
عدد ثمان غرف نوم + مجلس رجال + مجلس نساء+ مقلط
+ ثلاث صالات لكل دور
يوجد مدخل سيارة كهربائي",300.0,New
الرياض,حي العارض,غرب,337,0,4,5,1,0,1,1,1,0,0,1,0,1,0,0,1,0,0,80000,0530537241,237.39,New
الرياض,حي القيروان,شمال شرقي,400,0,4,5,2,0,1,1,1,0,0,1,0,1,0,0,1,0,0,140000,"فله على شارعين شرقيه شماليه  بالقيروان قيت ( مخطط العجلان ) بالقرب من حديقة عجلان واخوانه والمدارس العالمية والتربية النموذجيه مخارج الحي للملك فهد والملك سلمان الموقع مميز وبالقرب  من جميع الخدمات البناء شخصي .
الدور الارضي / ملحق خارجي واسع ومجلس ر...",350.0,New
الرياض,حي العارض,شرق,375,2,3,4,3,1,1,1,1,0,1,0,0,0,0,0,1,0,0,83000,"فيلا للايجار في حي العارض  شمال التمانين 
مكون من  مجلس  رجال بدوره مياه صاله مقلط 
وغرف طعام
مدخل سيارة وغرفة سايق 
وكمارات 
الدور العلوي
خمس غرف نوام
وصاله وسطح
وغرف خادمه
مطبخ والمكيفات راكب 
السعر ٨٣الف دفعتين 
التواصل مع ابو عمر 
٠٥٠٩١٧٣٢٧٦
ابو ...",221.33,Modern
الرياض,حي الرحمانية,جنوب,396,7,6,5,2,1,1,1,1,0,1,0,0,0,0,0,1,0,0,145000,"مع التحيه .. 

فيلا فاخره للإيجار 

6 اجنحة نوم 
مدخل سياره + ملحق خارجي + غرفة سائق + غرفة خادمه 
مكيفات ومطبخ راكب 

للتواصل : محمد / 0501000075 

مكتب عبدالله حمد الموسى للعقارات",366.16,Medium
الرياض,حي الوادي,شرق,300,15,6,3,1,1,1,1,1,1,1,0,1,1,0,0,1,0,0,130000,فيلا درج في الصاله حي الوادي 6 غرف الاجمالي مع صاله ومطبخ ومكيفات سبلت راكبه ومسبح وغرفة خادمه وسائق ..الاتصال بعد العصر الى الساعه 10م ( 0505466432 ),433.33,Medium
الرياض,حي العارض,شمال,250,0,5,5,1,1,1,0,1,0,0,0,0,1,0,1,1,0,0,80000,"للايجار فيلا دبلكس في موقع ممتاز جدا بالقرب من كمباوند لبنى العليان والمدرسة العالمية الامريكية. الفيلا مكونة من:



######الدور الأرضي######
حوش امامي وحوش صغير خلفي
مجلس
صاله واسعه
مطبخ راكب (يفتح على الصاله وعلى الحوش)

######الدور الثاني######
٤ ...",320.0,New
الرياض,حي السليمانية,3 شوارع,300,16,3,5,2,1,0,0,1,0,0,1,1,1,0,0,1,0,0,65000,مجمع ١٣١ كمبوند السليمانيه ١٢فله كل فله مدخل خارجي منفصل بالقرب من المستشفي العسكري مدخل داخلي لكل فيلا يطل علي المسبح والحوش ٣غرف الدور الارضي غرفه وصاله وحمامين وغرفة طعام ومطبخ والدور الاول ٣غرف نوم وحمامين ومستودع الدور الثاني غرفة خادمه وغرفة غس...,216.67,Old
الرياض,حي ظهرة لبن,غرب,520,0,6,3,1,1,0,0,1,0,0,0,0,1,0,0,0,0,1,50000,"للايجار فيلا دور ارضي مساحة520م
اربع غرف نوم مجلس رجال صالة 
مجلس نساء مطبخ مستودع حوش خلفي
خمس دورات مياه",96.15,New
الرياض,حي الملز,غرب,600,35,3,3,3,1,1,1,1,0,1,1,1,1,0,0,0,0,0,60000,"بيت دور واحد, مسبح و حديق.
 الملاحق: دورين 3 غرف + حمامين
السعر قابل للتفاوض 0502498796",100.0,Old
الرياض,حي العارض,غرب,312,0,3,3,1,0,1,0,0,0,0,0,0,1,0,0,0,0,0,100000,"فله جديده في حي العارض 
دور 
دور
شقة",320.51,New
الرياض,حي العارض,جنوب,475,0,5,5,5,0,1,0,0,0,1,1,0,1,0,1,0,0,0,179000,"للايجار 
فيلا دبلوكس بمساحة ٤٨٨ متر  ، دور و ٣ شقق 
مكيفة و تشطيب فاخر 

مواصفات الدور
 بمدخلين و يحتوي على ٤ غرف نوم واحدة منهم ماستر 
 ٤ دورات مياة  و مكان للغسيل وعدد ٢ صالة مفتوحة و مطبخ و صالة طعام  و مجلس و فناء خاص

مواصفات الشقق : 

شقتين تحت...",376.84,New
الرياض,حي ديراب,جنوب شرقي,375,0,5,5,2,1,1,1,0,0,0,1,0,1,0,0,0,0,1,50000,"بسم الله ماشالله تبارك الله  
الرياض حي ديراب أو مشارف الحزم 
فيلا للايجار جديده على شارعين ٢٠ في ٢٠
جنوبيه غربيه
 المساحه ٣٧٥
درج صاله 
طبعا واسعه وكبيره جدا وتصميم ممتاز وفخم
سيراميك وديكورات حديثه وتصميم فخم ورائع 
يتكون الدور الأرضي من :
ملحق أو ...",133.33,New
الرياض,حي الملقا,4 شوارع,300,3,4,4,1,1,1,1,1,1,1,0,1,1,0,0,1,0,0,140000,"@4tunerealty

للايجار فلل داخل كمباوند بيوت التلال الذكية بحي الملقا
 مدخل خاص ومدخل كراج الدور الارضي مجالس وغرفة خادمة وغرفة غسيل
 الدور العلوي 3 غرف نوم منها واحدة ماستر ومجلس مطل على الحديقة 
مؤثثة بالكامل مع حديقة مشتركة ونادي رياضي ومسبح وساونا...",466.67,Modern
الرياض,حي المونسية,شرق,388,0,6,4,3,0,1,1,0,0,0,0,1,1,0,1,1,0,1,70000,موقع مميز طريق التخصصي مقابل سكه القطار,180.41,New
الرياض,حي اشبيلية,غرب,250,0,5,3,2,1,1,0,1,0,0,1,0,1,0,0,1,0,0,58000,"فيلا للايجار بحي القادسيه مساحه 250 تتكون من حوش+ مدخل سياره+ مشب+ مجلس رجال +مقلط +صاله +مجلس نساء+
غرفة كبار السن او معاقين + الدور الاول 4 غرف وصاله منهم غرفتين ماستر عرض الشارع 20غربي  السعر 58الف دفعتين كل ستة اشهر دفعه +يوجد فيها شقه مكونه من 3...",232.0,New
الرياض,حي العريجاء الوسطى,شرق,400,35,5,5,2,1,0,0,0,0,0,0,0,1,0,0,1,0,0,100000,عقارمميزعلى الشارع العام قريب من جميع الخدمات ينفع سكن عمال متوفرعددكبيرمن. الغرف ودورات المياه السعريمكن التفاوض فيه مرونه بين المؤجروالمستأجرالعرض من المالك مباشره نرحب بتواصلكم عبرالواتساب لايوفرصورمن المعروضه,250.0,Old
الرياض,حي العارض,شرق,340,0,5,5,3,0,1,1,1,0,1,0,1,1,0,0,1,1,0,220000,"بسم الله الرحمن الرحيم..
عباره عن فيلا جديده
تكييف مخفي الدور الارضي والماستر روم
وغرف الاطفال اسبليت
مسبح
مؤسس مصعد
غرفة خادمه وغرفة غسيل ومستودع في الدور الارضي
دورات المياه مخفي
السطح حديقة وغرفة اطفال وغرفة ضيافه",647.06,New
الرياض,حي العارض,شمال,250,0,5,5,1,1,1,0,1,0,0,0,0,1,0,1,1,0,0,80000,"للايجار فيلا دبلكس في موقع ممتاز جدا بالقرب من كمباوند لبنى العليان والمدرسة العالمية الامريكية. الفيلا مكونة من:



######الدور الأرضي######
حوش امامي وحوش صغير خلفي
مجلس
صاله واسعه
مطبخ راكب (يفتح على الصاله وعلى الحوش)

######الدور الثاني######
٤ ...",320.0,New
الرياض,حي الورود,غرب,1392,15,7,5,4,1,1,1,1,0,1,1,0,1,1,0,1,0,0,350000,"قصر مصغر للايجار 
يتكون من مجلس خارجي به مجلس ومقلط ومطبخ ودوره مياه مع مغاسل ومطبخ وصاله
 وبالدور الاسفل البيسمنت يوجد به غرفتين نوم وبوفيه وصاله
غرفه سائق وغرفة حارس
من داخل الفيلا
 الدور الارضي يتكون من مجلس ومقلط وصاله وغرفتين نوم مع دورة مياه وم...",251.44,Medium
الرياض,حي السليمانية,شرق,420,17,6,5,3,1,1,1,1,0,0,1,0,1,0,0,1,1,1,150000,"🔴🔴🔴🔴🔴🔴🔴🔴🔴🔴

‏فله ‏تشطيب رائع عليها صيانة دورية يوجد شقة في السطح ولكن تبع البيت يوجد كرسي كهربائي لل مقعدين للصعود من الدور الأرضي الى الدور الأول يوجد عدد اثنين مستودع
مطبخ راكب غرفة سائق وخادمة 

🔴🔴🔴🔴🔴🔴🔴🔴🔴",357.14,Old
الرياض,حي المونسية,شمال,360,2,4,4,2,0,1,1,1,0,0,1,0,1,0,0,1,0,0,65000,فيلا للايجار بحي المونسيه قريبه من جميع الخدمات ومن المسجد مساحه ٣٦٠ متر واجهه شماليه شارع ١٥ درج داخلي تتكون من حوش ومشب ومجلس ومقلط وصاله ومجلس نساء وغرفه كبار السن ومطبخ ومستودع والدور الثاني به ٣غرف نوم ماستر والدور الثالث غرفه خادمه مع السطح (وب...,180.56,Modern
الرياض,حي المونسية,جنوب,323,3,4,5,2,1,1,1,1,1,1,1,0,1,0,0,1,0,0,80000,"للايجار فيلا موثثه
  مكيفات   مطبخ  ٢ غرف نوم و مجا لس  
  المونسيه  طريق الصحابه 
ملحق ومجلس مقلط ٢صاله مطبخ غرفه 
الدور الثاني ٣غرف نوم وصاله  
الدور الثالث غرفة خادمه 
غرفة سايق 
لايجار سنوي ب٨٠الف قابله التفاوض..",247.68,Modern
الرياض,حي المونسية,شمال,350,2,5,5,1,1,1,1,1,0,0,0,0,1,0,0,1,0,0,65000,"السلام عليكم ورحمة الله وبركاته

فيلا مستخدمه حوالي سنتين ومجدده بالكامل سباكه وكهرباء وطلاء مساحه 350 متر واجه شماليه شارع 15 درج داخلي وشقتين قريبه من مسجد وقريبه من جميع الخدمات تتكون من مدخل سياره وحوش ومشب وصالاتين ومقلط ومجلس نساء ومطبخ ومستودع...",185.71,Modern
الرياض,حي المونسية,شرق,313,2,4,5,2,1,1,1,1,1,1,1,0,1,0,0,1,0,0,70000,"فيلا  للايجار مدخل سياره غرفة سايق ملحق 
  تحت مجلس مقلط ٢ صاله  مطبخ غرفه
  الثاني   ٤غرف نوم 
الثالث غرفة خادمه موثثه 
المكيفات راكبه  والمطبخ  وصاله طعام بلايضافه للمجالس  وفرش الصاله   و٢ غرفة نوم... عمر الفيلا ٢سنه 
 المونسيه  الحي الغربي  علي ا...",223.64,Modern
الرياض,حي العارض,جنوب غربي,260,0,4,5,2,1,1,1,1,0,1,0,0,1,0,0,1,0,0,150000,,576.92,New
الرياض,حي الرحمانية,شمال,300,2,3,5,2,1,1,1,1,0,1,1,1,1,1,0,1,0,0,220000,"مجمع سكني في الرحمانية 
فيلا مساحة 300م 
3 غرف نوم ماستر - صالتين - مطبخ - غرفه خادمه - غرفه غسيل - غرفه سائق - مسبح خاص - كراج سياره خاص للفيلا",733.33,Modern
الرياض,حي النرجس,غرب,280,0,3,4,2,1,1,1,1,0,0,0,0,1,0,1,1,0,0,95000,"فيلا فاخرة للايجار - مشارف هيلز

الدور الارضي: مجلس وصالة ومطبخ

الدور الأول: صالة وغرفة نوم ماستر مع غرفة ملابس وغرفتين نوم اضافية

الدور الثاني: غرفة خادمة وغرفة غسيل

كما يوجد مدخل خاص للسيارة ( كراج ) وغرفة سائق

للتواصل/
0504222242
0554222242",339.29,New
الرياض,حي النهضة,شرق,750,24,5,4,1,1,1,0,1,0,1,0,0,0,0,0,0,0,0,85000,فله كامل درج داخلي الارضي مكون من مجلس خارجي ومشب وغرفه ومطبخ وصاله ومقلط وغرفة شغاله فوق اربع غرف ومطبخ ++شقتين ارضي مكون من ثلاث غرف ومطبخ وصاله الموقع حي الخيلج خلف مشغل لوزه,113.33,Old
الرياض,حي الروضة,شمال شرقي,880,18,7,5,3,1,1,1,1,0,1,1,0,1,0,0,1,0,1,120000,"فيلا مساحة ٨٨٠م٢
شارعين (شمالي ٢٠ شرقي ١٥)
دورين 
الدور الأرضي 
-عدد ٣ صالات 
-مجلس كبير 
-مجلس نساء 
-مطبخ
-مستودع كبير 
-غرفة غسيل
-عدد ٣ حمامات
الدور الاول 
-جناح نوم رئيسي
-٣ غرف نوم 
-غرفة كوي 
-مستودع
السطح
-غرفة خادمة
-مستودع
الحوش
-مجلس رسمي ...",136.36,Old
الرياض,حي الرمال,شمال,260,0,6,5,3,1,1,0,1,0,0,0,0,1,0,0,1,0,0,50400,"فيلا درج داخلي زاوية على شارعين
جديدة مكونة من :

• الدور الأرضي :
مدخل سيارة وحوش
مجلس واسع + مقلط + صالة وصالة جانبية + غرفة كبار سن
+ مطبخ ومستودع + دورتين مياه

• الدور العلوي :
صالة + 4 غرف نوم واحده منهم ماستر بصالة جانبية + 3 دورات مياه

• الد...",193.85,New
الرياض,حي العليا,شرق,300,13,4,5,2,1,1,0,1,0,1,0,1,1,0,0,1,0,0,100000,"فلا  في مجمع (كمباوند)
نظيفه..
مطبخ راكب..
مدخل خاص ومدخل سياره..
تكييف مخفي..
يحتوي المجمع على :
ملعب تنس..
ملعب سكواتش..
ساحة العاب للاطفال..
ملعب كره ..
حراسه مع صيانه..
صالة تمارين..
صالة طعام..
مسبح..
السعر 100000  
.........
اذا حللت اباحة السع...",333.33,Medium
الرياض,حي العارض,شمال,250,0,5,5,1,1,1,0,1,0,0,0,0,1,0,1,1,0,0,80000,"للايجار فيلا دبلكس في موقع ممتاز جدا بالقرب من كمباوند لبنى العليان والمدرسة العالمية الامريكية. الفيلا مكونة من:



######الدور الأرضي######
حوش امامي وحوش صغير خلفي
مجلس
صاله واسعه
مطبخ راكب (يفتح على الصاله وعلى الحوش)

######الدور الثاني######
٤ ...",320.0,New
الرياض,حي القادسية,جنوب,300,0,2,5,2,1,1,0,1,1,0,0,0,1,0,1,1,0,1,60000,فله درج داخلي,200.0,New
الرياض,حي الرحمانية,شرق,300,5,3,5,2,1,1,1,1,0,1,0,1,1,1,0,1,0,0,220000,"فيلا للايجار  داخل كمباوند... 
بحي الرحمانيه خلف مستشفى الحبيب ال علي التخصصي...
ثلاثة غرف نوم 
صالتين ومطبخين مطبخ رئيسي ومطبخ في القبو  
 غرفة شغاله
 غرفة غسيل
 غرفة خادمه... 
يوجد قبو ومسبح خاص لكل فيلا  وكراج سيارتين. 
مكيفات مخفيه راكبه دواليب خ...",733.33,Modern
الرياض,حي الملقا,شمال,200,0,5,5,2,0,0,0,0,0,1,0,0,1,0,1,1,0,0,120000,"ماشاء الله تبارك الله فيلا بحي الملقا بمدينة الرياض دبلوكس جديدة بناء شخصي للايجار.

الدور الأرضي: مجلس رجال بدورة مياه، صالة، مطبخ مع غاز مركزي، مجلس نساء دورة مياه. 

الدور الأول: غرفة نوم رئيسية مع دورة مياه مؤسس لها جاكوزي، صالة، غرفة نوم بدورة م...",600.0,New
الرياض,حي الرمال,شمال,390,3,4,5,2,1,0,0,1,0,0,0,0,0,0,0,1,0,0,50000,"0533321463
0553267502",128.21,Modern
الرياض,حي ظهرة البديعة,شرق,312,7,6,5,2,1,1,0,1,1,1,0,0,1,0,0,1,0,0,52000,"فلة في حي ظهرة البديعة ٣١٢ متر عمر العقار اقل من ٧ سنين جديد ومكيفاته راكبه ويوجد به مجلس رجال مأثث 
الدور الاول مجلسين وصالة ودورتين مياه 
الدور الثاني ٤ غرف نوم و٤ دورات مياه
الدور الثالث ٣ غرف ودورة مياه وسطح واسع",166.67,Medium
الرياض,حي الياسمين,شمال,350,3,5,5,1,1,1,1,1,0,1,0,0,1,0,0,1,0,0,95000,"للايجار فيلا في حي الياسمين 
مكون من 
تحت مجلس ومقلط وصاله 
مطبخ مكيفات راكب  مدخل سيارة وحوش غرفه سايق 
فوق ٣غرف نوم 
في سطح غرفه نوم 
غرفه خادمه",271.43,Modern
الرياض,حي الياسمين,شرق,350,0,5,5,1,1,1,1,1,0,1,0,0,1,0,0,1,0,0,95000,"للايجار فيلا في حي الياسمين 
مكون من تحت مجلس ومقلط وصاله غرفة سايق مدخل سيارة حوش 
فوق ٣غرف نوم 
في سطح غرفه خادمه 
غرفه نوم
السعر ٩٥الف",271.43,New
الرياض,حي التعاون,شرق,250,15,5,5,4,1,1,1,1,0,1,0,0,1,0,1,1,0,0,100000,فله دبلكس للايجار مطبخ مكيفات راكب,400.0,Medium
الرياض,حي العارض,شمال,250,0,5,5,1,1,1,0,1,0,0,0,0,1,0,1,1,0,0,80000,"للايجار فيلا دبلكس في موقع ممتاز جدا بالقرب من كمباوند لبنى العليان والمدرسة العالمية الامريكية. الفيلا مكونة من:



######الدور الأرضي######
حوش امامي وحوش صغير خلفي
مجلس
صاله واسعه
مطبخ راكب (يفتح على الصاله وعلى الحوش)

######الدور الثاني######
٤ ...",320.0,New
الرياض,حي عرقة,شرق,400,4,7,5,1,1,1,1,1,0,0,1,0,1,0,0,1,0,0,80000,"فيلا للايجار درج بصاله

المواصفات:
— الدور الارضي
- مجلس رجال
- مقلط رجال
- دورة مياه
- صاله كبيره
- مقلط نساء
- دورة مياه
- مطبخ راكب + مستودع - غرفة خادمه ودورة مياه
- جلسه خارجيه ومساحة حديقة

— الدور الاول
- غرفة نوم ماستر مع دورة مياه
- غرفتين ن...",200.0,Modern
الرياض,حي القادسية,جنوب,370,0,5,4,2,1,1,0,1,0,0,1,0,1,0,0,0,1,0,60000,"فيلا للايجار جديده من المالك نفسه
مدخل سياره وملحق ومجلس ومقلط ودورة مياة رجال
صاله كبير وغوفه كبار السن ماستر
الدور الثاني صاله و٣ غرف نوم

جوال 0566697978",162.16,New
الرياض,حي الفيحاء,شمال شرقي,650,12,7,5,3,1,1,1,1,0,1,1,1,1,0,0,0,0,1,100000,"فيلا وشاليه للأيجار او للبيع مساحة 650 م العمر 11-12 سنوات أما البيع فهو على السوم
الموقع جداً ممتاز حي الفيحا مخرج 15 
بجوار نادي بودي ماستر مقابل حديقة الرواسي مباشرة وخلفه مباشرة صراف آلي وبعدها المسجد 
الفيلا على شارعين شمالي شرقي 
والفيلا كلها ت...",153.85,Medium
الرياض,حي القادسية,جنوب,360,0,4,5,2,1,1,0,1,0,0,1,0,1,0,0,1,1,0,55000,"فيلا للاجار حي لقادسيه
مكونه من مشب 

مجلس ومقلط مطبخ   وصاله ومجلس نساء وغرفه كبار السن  ٣ غرفه نوم ماستر  وغرفه شغاله  السعر ٥٠ الف دفعه اولئ  او٥٥ دفعتين",152.78,New
الرياض,حي السليمانية,شمال,2944,0,5,4,3,1,0,1,0,0,1,1,1,1,0,0,0,0,0,700000,مجمع فلل كمبوند صغير به ٦ فلل سكنية كل فيلا تتكون من ٥ غرف نوم وصاله ومجلس ومقلط و٤ حمام و١مطبخ الفيلا دوبلكس دورين ارضي واول كما يوجد ٢ مسبح كبير في الكمبوند وغرف للسواقين والحراس ايجار الفيلا الواحدة  ١٣٠ الف ريال ويمكن تاجير المجمع بالكامل والسعر ...,237.77,New
الرياض,حي الشهداء,شمال,300,11,5,5,3,0,1,1,1,0,0,1,0,1,0,0,1,0,0,70000,,233.33,Medium
الرياض,حي الملك فهد,غرب,825,34,7,5,5,1,1,1,1,0,1,1,0,1,1,0,1,0,1,145000,"-الواجهة غربية شارع 20
-مساحة الارض 825
-عمر العقار 34 سنة.
-مكيفات راكبه.
-الحوش: غرفة سائق مع دورة مياه +مدخل سيارة+ بيت شعر +ملحق + دورات المياه عدد 2.
-القبو: غرفة تخزين + غرفة (بالامكان ان تكون غرفة نوم او جلسة).
-الدور الارضي: مجلس عدد 2 + صالة...",175.76,Old
الرياض,حي العقيق,شرق,900,20,5,5,4,1,1,1,1,0,1,0,0,1,0,0,1,0,0,200000,للايجار فيلا درج داخلي تحت استقبال كامل والدور العلوي 5غرف نوم,222.22,Old
الرياض,حي العارض,شمال,250,0,5,5,1,1,1,0,1,0,0,0,0,1,0,1,1,0,0,80000,"للايجار فيلا دبلكس في موقع ممتاز جدا بالقرب من كمباوند لبنى العليان والمدرسة العالمية الامريكية. الفيلا مكونة من:



######الدور الأرضي######
حوش امامي وحوش صغير خلفي
مجلس
صاله واسعه
مطبخ راكب (يفتح على الصاله وعلى الحوش)

######الدور الثاني######
٤ ...",320.0,New
الرياض,حي القادسية,جنوب,360,0,4,4,2,1,1,0,1,0,0,1,0,1,0,0,1,0,0,55000,"فيلا للايجار درج داخلي  بحي القادسيه مخطط الدانه التفاصيل  مشب وحوش _ مجلس رجال _ مقلط _ صالة _ مجلس حريم _غرفه كبار السن _مطبخ _ الدور الأول _ صاله وثلاث غرف نوم _ صاله  _ الدور الثاني غرفه شغاله وغرفه غسيل بدون سطح السعر ٥٥٠٠٠ /
طبعا الموقع غير دقي...",152.78,New
الرياض,حي العارض,شمال غربي,200,5,3,5,3,1,1,1,1,1,1,0,0,1,0,1,1,0,0,110000,"فيلا ايجار  مؤثثه بالكامل اثاث جديد 
            
الموقع دانه الياسمين

الدور الاول جلسه خارجيه  مجلس رجال وصاله  استقبال كبيره ومطبخ  مع كامل اجهزته ودورتين مياه مدخل خاص بالرجال ومدخل خاص بالنساء 
الدور الثاني صاله  غرفه نوم رئيسيه وغرفتين اضافيه و...",550.0,Modern
الرياض,حي الرائد,غرب,350,0,6,5,2,1,1,1,1,1,1,0,0,1,0,0,1,0,0,300000,,857.14,New
الرياض,حي العارض,شرق,300,0,4,5,2,1,1,1,1,0,1,1,0,1,0,1,1,0,0,130000,فيلا دبلوكس للايجار  شمال الملك سلمان طريق ابو بكر الصديق المساحة ٣٠٠م الدور الأرضي استقبال ودور الأول 4 غرف صالة 3 دورة مياة مع مكيف اسبلت في حي النرجس شمال الملك سلمان طريق ابو بكر الصديق الدور الثاني غرفة خادمة وغرفة غسيل وحمام الحوش واسع مع ملحق ...,433.33,New
الرياض,حي القادسية,غرب,250,0,5,5,2,1,0,0,0,0,0,0,0,0,0,0,1,0,0,50000,"فيلا للايجار بحي القادسيه مساحه 250 تتكون من حوش+ مدخل سياره+ مشب+ مجلس رجال +مقلط +صاله +مجلس نساء+
غرفة كبار السن او معاقين + الدور الاول 4 غرف وصاله منهم غرفتين ماستر عرض الشارع 20غربي  السعر 58000 دفعتين كل ستة اشهر دفعة للإستفسار ابو سلمان جوال ...",200.0,New
الرياض,حي الرمال,شمال,360,0,4,5,3,1,1,0,0,0,0,1,0,1,0,1,1,0,0,50000,"فيلا للايجار 
درج داخلي دورين  مودرن 
٤ غرف نوم ٢ عادية ٢ ماستر 
مجلس مقلط مشب مطبخ ٥ حمامات ٣ صالات 
مكيفات سبليت 
الحي جدا هادئ والجيران محترمين 
واجهه حجر  موقع استراتيجي قريب من  المطار 
 القطار  سار 
جامعة الاميرة نورة 

الدفع  سنوي 50 
 نصف سنو...",138.89,New
الرياض,حي الرمال,جنوب,372,0,5,4,2,1,1,1,1,0,0,1,0,1,0,0,1,0,1,50000,"يوجد فيلا درج داخلي للاجار 
يوجد بها فالدور الارضي : مشب + مجلس + مقلط + مطبخ + غرفه كبار السن + صالتين 
وفالدور العلوي : 4 غرف 2 ماستر
وغرفه للخادمه مع دوره مياه 
وغرفه لسايق",134.41,New
الرياض,حي الياسمين,شمال شرقي,500,10,4,5,2,1,1,1,1,0,1,1,1,1,0,0,1,0,0,110000,"السامي للعقارات 
0556100687

الفيلا فيها مسبح وغرفه للسائق

اذا دفعه سنتان ١٨٠ الف
واذا سنه دفعه ١٠٠ الف",220.0,Medium
الرياض,حي العارض,شمال,250,0,5,5,1,1,1,0,1,0,0,0,0,1,0,1,1,0,0,80000,"للايجار فيلا دبلكس في موقع ممتاز جدا بالقرب من كمباوند لبنى العليان والمدرسة العالمية الامريكية. الفيلا مكونة من:



######الدور الأرضي######
حوش امامي وحوش صغير خلفي
مجلس
صاله واسعه
مطبخ راكب (يفتح على الصاله وعلى الحوش)

######الدور الثاني######
٤ ...",320.0,New
الرياض,حي القادسية,شرق,370,0,4,3,2,0,1,1,1,1,0,1,0,1,0,0,1,0,0,55000,"للتواصل
 فيلا درج داخلي للايجار السنوي جديده في القاىسيه
مشب
مدخل سياره
مجلس
مقلط
مطبخ
صالات
غرفة كبار سن
3 غرف نوم 3
يوجد فيلا درج داخلي للايجار السنوي جديده في الرمال
288 متر 
40 الف سنوي
دورات مياه
عرفة سغاله مع سطح
القادسيه
للتواصل

0551228233",148.65,New
الرياض,حي الملز,جنوب شرقي,750,35,7,4,2,1,1,0,1,0,0,0,0,1,0,0,1,0,0,70000,"تقع الفله علي شارعين -شمالي و شرقي-
 في حي الملز  في منطقه حيويه 
الفله مدهونه ومجدده  كهرباء وسباكه 
تحتوي علي 8غرف و مطبخين  2 بلكونه و2صاله  
توجد مساحه داخليه كبيره -حوش-",93.33,Old
الرياض,حي النرجس,غرب,375,2,5,5,1,1,1,1,1,0,1,0,0,1,0,1,1,0,0,100000,"للايجار فيلا حي النرجس 
مكون من مجلس مقلط وصاله 
غرفة سايق مدخل سيارة حوش 
فوق ٤غرف نوم 
في سطح غرفة خادمه 
مع سطح 
الفيلا ممتازة جدا 
السعر١٠٠الف",266.67,Modern
الرياض,حي النرجس,غرب,375,2,5,5,2,1,1,1,1,0,1,0,0,0,0,1,1,0,0,100000,"للايجار فيلا في حي نرجس 
ممتاز جدا 
مكون  من تحت مجلس ومقلط وصاله 
غرفه سايق مدخل سيارة 
حوش 
فوق ٤غرف نوم 
في سطح غرفه خادمه 
مع سطح 
مطبخ مكيفات راكب 
السعر١٠٠الف",266.67,Modern
الرياض,حي القيروان,شمال,337,0,5,5,3,1,0,1,1,0,1,0,0,0,0,0,1,0,1,120000,فيلا جديدة وموقع ممتاز,356.08,New
الرياض,حي الجزيرة,جنوب شرقي,482,25,5,3,1,1,1,1,1,1,1,0,0,1,0,0,0,0,0,70000,"فيلا شبه جديده من الداخل سيتم التأجير مع الاثاث .
تتكون من دور واحد فيها غرفة نوم رئيسيه بداخلها دورة مياه و 2 غرفة نوم بينهما دورة مياه.
وصالة ومطبخ ومجلس ومقلط. 
كذلك يوجد بالسطح غرفة خادمه +مخزن.",145.23,Old
الرياض,حي حطين,جنوب,263,5,7,5,3,1,1,1,1,0,0,1,0,1,0,1,1,1,1,160000,"فيلا حطين 
- المساحة  263 متر 
- الايجار  160 الف 
- مجلس رجال ،مجلس نساء  صار بالشبابيك مع ستائر 
- 2 مطبخ ،، 6  حمامات 
- شقه بالسطح غرفة خادمة وغرفة غسيل ملابس 
 -حديقه بالسطح بالثيل الصناعى مع مظله، كاميرات داخليه  
- مكيف مخفى للدور الارضى مع ال...",608.37,Modern
الرياض,حي الروضة,شرق,400,29,5,5,2,1,1,0,1,0,0,1,0,1,0,0,0,0,0,70000,"فله للأيجار

الدور الأرضي: ثلاث غرف وصالة كبيرة وثلاث دورات مياه
الحوش فيه ملحق ودورة مياه
الدور الأول: ثلاث غرف و صالة و دورتين مياه ومخزن
السطح: غرفتين و دوره مياة

( مناسبة للشركات)",175.0,Old
الرياض,حي شبرا,3 شوارع,1400,30,5,5,2,1,1,1,1,0,1,1,1,1,0,0,1,0,1,150000,"فيلا مع استراحة للإيجار في حي شبرا 
المساحة الإجمالية 1400م 
مساحة الفيلا 900م
مساحة الاستراحة 500م
على 3 شوارع شرقي شارع 10م شمالي شارع 10م جنوبي شارع 15م
الفيلا الدور الأرضي 2 بيت شعر 2مجالس 2مطابخ 3غرف نوم 4 دورات مياه
الدور الاول 7غرف مطبخ 3دورات...",107.14,Old
الرياض,حي ظهرة لبن,غرب,312,0,4,5,2,0,0,1,1,0,0,1,0,1,0,0,1,0,1,60000,فيلا للأيجار واصل الماء وجميع الخدمات عمر العقار سنه في حالة يتم الدفع سنه كامله يتم تنزيل المبلغ لايجود الدفع شهري او كل ثلاث شهور,192.31,New
الرياض,حي الملقا,شمال,228,0,4,4,1,1,0,1,0,0,1,0,0,1,0,0,1,0,0,130000,فيلا جديدة متلاصقة في كامباوند مفتوح من ٦ فلل بحي الملقا على شكل طراز عمراني أمريكي جميل من نوعه ويوجد بينهم حديقة مشتركة ، ومساحات داخلية ، وغرف للسائقين ، والمميز بجانبها مسجد وجامع ، ويوجد فيها حوش داخلي خاصة بالفيلا مفتوح بزجاج كامل على الصالة ال...,570.18,New
الرياض,حي المونسية,شرق,300,0,5,5,3,1,1,1,1,0,1,1,0,1,0,1,1,0,0,60000,"نسيم الواحه👌
فيلا موقع ومساحه وتصميم ممتازه
خلف بحر الاسعار بالمونسيه 
للايجار سنوي 60الف دفعتين
فيلا موقع ومساحه وتصميم ممتازه
شارع 20 
مدخل سياره 
حوش 
مجلس رجال
مشب
مقلط
غرفه كبار سن
مطبخ بمستودع
يوجد 11مكيف ٢٤ جدد راكبين
صاله درج كبيره 
مجلس نسا...",200.0,New
الرياض,حي القادسية,جنوب,372,0,4,4,1,0,1,1,1,0,0,0,0,1,0,0,1,0,1,60000,"درج داخلي للايجار مع شقتين جديد    القادسية
مدخل سياره كبير
مشب كبير
مجلس رجال كبير مع حمام خاص
مقلط
صاله كبيره بمدخل خاص للنساء
مجلس نساء مع نافوره مياه 
موسس مصعد 
غرف نوم كبار سن
مطبخ كبير مع مستودع
الدور الثاني
4 غرف نوم منهم اثنين ماستر

الدور ا...",161.29,New
الرياض,حي العارض,شمال,250,0,5,5,1,1,1,0,1,0,0,0,0,1,0,1,1,0,0,80000,"للايجار فيلا دبلكس في موقع ممتاز جدا بالقرب من كمباوند لبنى العليان والمدرسة العالمية الامريكية. الفيلا مكونة من:



######الدور الأرضي######
حوش امامي وحوش صغير خلفي
مجلس
صاله واسعه
مطبخ راكب (يفتح على الصاله وعلى الحوش)

######الدور الثاني######
٤ ...",320.0,New
الرياض,حي بدر,3 شوارع,870,33,5,5,2,1,1,1,0,0,0,1,0,1,0,0,1,0,0,65000,بيت علي 3 شوارع الرئيسي شارع 30مناسب ايجار للشركات والمؤسسات التي تبحث عن مواقف وسكن وخدمات عامه الموقع مميز للدخول والخروج منه عدد غرف النوم 8 درج صاله قابل للفصل دورين,74.71,Old
الرياض,حي الضباط,شمال شرقي,750,15,7,5,5,1,1,1,1,1,1,0,0,1,0,0,1,0,0,115000,فيلا تقع في حي الضباط بالقرب من مدارس الشعلة و المدارس العالميةو مستشفى قوى الامن، فاخرة، تشبيط ديلوكس،مدخل سيارة يتسع لعدد 4 سيارات، تتكون من دورين + دور ثالث خدمات يحتوي على مطبخ و غرفة خادمة بدورة مياه، مجهز ب 9 مكيفات سبيلت بحالة شبه جديدة ، تقع ...,153.33,Medium
الرياض,حي الربوة,شمال شرقي,300,0,4,4,2,1,1,1,1,0,1,1,1,1,1,1,1,0,0,125000,"للإيجار
فلل-داخل مجمع سكني(كمباوند)في حي الربوه
لايتم تأجير اي عميل الا بعد ان يجري المقابلات الشخصيه مع ادارة الشركه وذلك للمحافظه على حقوق المستأجرين وصنع التناغم بين جميع المستأجرين وتوفير سبل الراحه لهم .
المتبقي فيلا وحدة فقط

خدمات المجمع
 مسبح...",416.67,New
الرياض,حي المونسية,جنوب,375,0,4,5,2,1,1,1,1,0,0,1,0,1,0,0,1,0,1,55000,"فيلا درج داخلي 
مطلوب 55 
للتواصل 0542799570",146.67,New
الرياض,حي القدس,شرق,540,25,5,5,2,1,1,1,0,0,1,1,0,1,0,0,1,0,1,90000,"فيلا دورين درج داخل الصاله 
يوجد بها مطبخ في الدور الأرضي مركب
عدد الغرف بالدور الارضي ٢ ومقلط ودوانيه ٣ دورات مياه و يوجد ملحق وبيت شعر ومدخل سياره وغرفه للسائق 
عدد الغرف فوق ٥ غرف وصاله و ٣ دورات مياه",166.67,Old
الرياض,حي اشبيلية,غرب,225,5,5,5,2,0,1,0,0,0,0,0,0,1,0,0,1,0,0,65000,"فله درج داخلي نظيفة جدا متلاصقه من الخلف امام مرفق وحديقه اشبيليا ومسجد قريب كليه الفرابي وطريق الملك عبدالله حي راقي متوفر كل الخدمات
للايحار او البيع",288.89,Modern
الرياض,حي السليمانية,جنوب,750,30,7,5,4,1,1,1,1,0,1,1,0,1,0,0,1,0,1,200000,"فله كبيره مرممه ارضيات وبوية وجبس ومجدده كهرباء وسباكه

خمس ملاحق خارجية وثلاث دورات مياه

خمس غرف في الدور الارضي وصالة كبيره ومطبخ وثلاث دورات مياه

ثمان غرف في الدور الاول وصالة كبيره واربع دورات مياه


الملحق (السطح) غرفه واحده ودورة مياه",266.67,Old
الرياض,حي الصحافة,غرب,365,10,5,5,2,1,1,1,1,0,1,0,0,1,0,0,1,0,0,60000,"فيلا للايجار بحي الصحافه مربع 3  قريب منها المسجد وحديقه
الفيلا ايجارها 60الف  اذ جددها المالك يرتفع الايجار يكون 75000 الف",164.38,Medium
الرياض,حي الهدا,شمال,250,11,3,3,2,1,1,1,1,0,1,0,0,1,0,1,1,0,0,90000,فيلا سكنية,360.0,Medium
الرياض,حي الرمال,شرق,300,0,4,4,2,1,1,1,0,0,0,0,0,1,0,0,1,0,0,50000,"فيلا  للايجار مساحه 300 متر
زاويه شارع 20شمالي 20 شرقي
امامها دوار 40 متر
قريبه من الخدمات 
قريبه مره من متجر كبير أسواق بندر
قريبه من طريق الدمام و الجنادريه و طريق ولي العهد

 مكونه من ....
الدور الارضي 
مجلس 
مقلط 
صاله
 مجلس نساء 
غرفه كبارسن
مطب...",166.67,New
الرياض,حي النرجس,جنوب شرقي,280,0,7,5,2,1,1,1,1,0,0,0,0,1,0,0,0,0,0,95000,فيلا مفصوله درج. داخلي جنوبيه شرقيه جديده الدور الاول ٤ غرف نوم منها ٢ بدورات مياه السطح غرفه وغرفه غسيل للمعلوميه بدون مكيفات ولا مطبخ السعر على شور المالك,339.29,New
الرياض,حي المرسلات,غرب,700,30,5,5,2,1,1,1,1,0,1,1,0,1,0,0,1,0,0,140000,"فيللا مجددة للايجار
على شارع ابن جديد
موقع استراتيجي ومقابلها حديقه وخلفها سور شركه الاتصالات
مداخل حي المرسلات معروفه بتميزها وايضا المنطقه حيويه جدا",200.0,Old
الرياض,حي العارض,شمال,250,0,5,5,1,1,1,0,1,0,0,0,0,1,0,1,1,0,0,80000,"للايجار فيلا دبلكس في موقع ممتاز جدا بالقرب من كمباوند لبنى العليان والمدرسة العالمية الامريكية. الفيلا مكونة من:



######الدور الأرضي######
حوش امامي وحوش صغير خلفي
مجلس
صاله واسعه
مطبخ راكب (يفتح على الصاله وعلى الحوش)

######الدور الثاني######
٤ ...",320.0,New
الرياض,حي عليشة,جنوب شرقي,1000,30,5,5,3,1,1,1,1,0,1,1,0,1,0,0,0,0,0,140000,"فيللا في حي عليشه للايجار
زاويه على شارعين ٢٠ و ١٠
الحوش كبير جدا 
قريبه من جامعه عليشه للبنات ومنتزه عليشه
يمكن تقسيمها الا دور ارضي كامل + ٤ أو ٥ شقق 

يمكن تحويلها الا مدرسه أو مركز تدريب أو مقر شركة بسكنها",140.0,Old
الرياض,حي الملقا,جنوب,375,2,5,5,1,1,1,1,1,0,1,1,0,1,0,0,1,0,0,130000,"قريب من طريق المطار وطريق انس بن مالك رضى الله عنهوطريق القصيم 
وجميع الخدمات متوفرة",346.67,Modern
الرياض,حي النزهة,شرق,500,12,5,5,2,1,1,1,1,0,1,0,0,1,0,0,1,0,0,130000,,260.0,Medium
الرياض,حي السويدي,شمال,250,5,6,5,3,1,1,1,1,0,1,1,0,1,0,1,1,0,0,52000,"الدور الأرضي مجل و مقلط و مجلس نساء و صاله مطبخ
الدور الأول غرفتين ماستر  و غرفتين حمامهم مشترك و صاله 
الدور الاثاني غرفتين و صاله و مطبخ و حوش السطح 
لتواصل وانس 0556289536",208.0,Modern
الرياض,حي الرائد,غرب,735,14,5,5,3,1,0,1,1,0,0,1,0,0,0,0,0,0,0,175000,"فلة ٧٥٠م دورين درج صالة وشقة بملحق علوي بمدخل منفصل حي الرائد في أحد أرقى أحياء الرياض شارع ٢٠:

قريبة من حي السفارات ومستشفى الملك خالد للعيون وجامعة الملك سعود وقريبة من جميع الخدمات

الفلة:
- صالة على الطراز الأوروبي مع مدفئة
- الدور الثاني ٣ غرف ...",238.1,Medium
الرياض,حي الصحافة,جنوب شرقي,375,0,5,5,1,1,1,1,1,0,0,0,0,0,0,1,1,0,1,100000,"للايجار فيلا في حي الصحافه 
مكون مجلس وصاله كبيرة 
مطبخ 
غرفه سايق 
غرفه غسيل 
خوش 
فوق ٥غرف نوم 
غرفه خادمه 
مع سطح خاص بدون مكيفات ومطبخ
السعر١٠٠الف",266.67,New
الرياض,حي الياسمين,شمال,450,4,5,5,2,1,1,1,1,0,1,0,0,1,0,0,1,0,0,120000,"للايجار فيلا في حي الياسمين 
ممتاز جدا 
مكون من تحت 
مجلس ومقلط 
مجلس نساء 
وصاله
غرفه سايق 
مطبخ راكب 
مكيفات راكب 
مدخل سيارة وحوش فوق 
٤غرف نوم 
غرفه خادمه 
مع سطح كبيرة 
السعر ١٢٠الف",266.67,Modern
الرياض,حي العليا,شمال شرقي,200,10,4,4,3,1,1,1,1,0,1,0,0,0,0,1,1,0,0,100000,"بحاله ممتازه جداً
تكييف مركزي واسبيلت

ملاحظه مهمه 

عند استلام العربون يتم الدهان واعمال الصيانه من سباكه وكهرباء",500.0,Medium
الرياض,حي العارض,شرق,400,0,5,5,2,1,1,0,0,0,1,0,0,0,0,0,0,0,0,80000,"للايجار فيلا بحي العارض درج داخلي 
تتكون من 
مجلس ومقلط ومشب خارجي
وصاله وغرفه كبار سن ومطبخ 
ومستودع مع المطبخ 
فوق ثلاث غرف نوم كل غرفه بها دورة مياه 
وبالسطح غرفتين اطفال 
ويوجد سطح ويوجد فوق السطح مشب بشكل خيمه 
الفيلا يوجد بها 11 مكيف اسبلت راكب...",200.0,New
الرياض,حي العارض,شمال,400,0,4,5,2,1,1,0,1,0,1,0,0,0,0,0,1,0,1,70000,"للايجار فيلا بحي العارض درج داخلي 
تتكون من 
مجلس ومقلط ومشب خارجي
وصاله وغرفه كبار سن ومطبخ 
ومستودع مع المطبخ 
فوق ثلاث غرف نوم كل غرفه بها دورة مياه 
وبالسطح غرفتين اطفال 
ويوجد سطح ويوجد فوق السطح مشب بشكل خيمه 
الفيلا يوجد بها 11 مكيف اسبلت راكب...",175.0,New
الرياض,حي المونسية,جنوب,360,0,5,4,1,1,1,0,1,0,0,1,0,1,0,0,1,0,1,65000,"للايجار فيلا درج داخلي 

المساحه ٣٦٠ متر 

شارع  ٢٠.  جنوبي 

العمر  جديده 

السعر.  ٦٥. الف.",180.56,New
الرياض,حي الياسمين,شرق,200,0,5,4,2,1,1,1,1,1,1,0,1,1,0,1,1,0,0,120000,"فيلا في مجمع سكني خاص يحتوي على مسبح ونادي رياضي وخصوصية كاملة. 
مكيفات وكطبخ راكبة وارضيات باركيه وموكيت.",600.0,New
الرياض,حي العارض,شمال,250,0,5,5,1,1,1,0,1,0,0,0,0,1,0,1,1,0,0,80000,"للايجار فيلا دبلكس في موقع ممتاز جدا بالقرب من كمباوند لبنى العليان والمدرسة العالمية الامريكية. الفيلا مكونة من:



######الدور الأرضي######
حوش امامي وحوش صغير خلفي
مجلس
صاله واسعه
مطبخ راكب (يفتح على الصاله وعلى الحوش)

######الدور الثاني######
٤ ...",320.0,New
الرياض,حي الفيحاء,شمال,375,16,7,5,2,0,1,1,1,0,0,1,0,1,0,1,1,0,1,65000,فلة دبلس على شارع عام عرض 40 م تصلح سكن وايضا مقر تجاري او مدرسة او روضه بسعر مغري جدا جدا.,173.33,Old
الرياض,حي القيروان,شمال,337,0,4,4,2,1,1,1,1,0,0,1,0,0,0,0,1,0,0,120000,"فيلا في حي القيروان المساحه ٣٣٨ اللجار تكييف اسبرت اراكب
في مطبخين راكب مطبخ العاكد ٥سنوات ١٢٠ الف في السن",356.08,New
الرياض,حي العزيزية,غرب,360,0,5,5,2,1,1,1,1,0,0,1,0,1,0,0,1,0,0,65000,فيلا درج داخلي وشقتين جديدة بحوار العنود بارك .. في مخطط رحاب العزيزية... مرغوب تأجيرها بالكامل من المالك مباشره,180.56,New
الرياض,حي الخزامى,شمال غربي,360,0,6,5,2,1,1,1,1,0,1,0,0,1,0,1,1,0,0,200000,فيلا جديده زاويه للاجار مكيفات مركزيه وسبيليت مطبخ راكب,555.56,New
الرياض,حي الياسمين,شمال,375,0,5,5,2,1,1,0,1,0,1,1,0,1,0,0,1,0,0,110000,"فله للايجار بحي الياسمين 
المساحه ٣٧٥م
المكيفات راكب 
المطبخ راكب
ملحق خارجي داخله مشب 
سطح ،، غرفه نوم للخادمه مع دوره مياه 
غرف نوم ٥ نوم 
للايجار ١١٠ الف ريال",293.33,New
الرياض,حي العليا,جنوب,650,7,5,4,3,1,0,1,1,0,1,0,0,1,0,0,1,0,0,100000,"فله للاجار
للمفاهمه 

جوال 

٠٥٣٥١٣٠٠٠٠",153.85,Medium
الرياض,حي العارض,جنوب,440,0,4,4,3,1,1,1,1,0,0,1,0,1,0,0,0,1,0,100000,"تتكون من ملحق مجلس مقلط صاله مطبخ غرفه كبار السن
الدور الأول 5غرف وصاله 4دورات مياه
السطح غرفه كبيره بدوره مياه وصاله
سعر الإيجار 90 الف دفعة واحدة
100دفعتين
للاستفسارات 0500051723
0547946948",227.27,New
الرياض,حي ظهرة لبن,شرق,312,0,5,5,2,1,0,1,0,0,0,0,0,0,0,0,1,0,1,70000,فيلا للأيجار مطبخ راكب وجزء من المكيفات,224.36,New
الرياض,حي حطين,شرق,375,8,5,5,4,1,1,1,1,0,1,0,0,1,1,1,1,0,0,160000,"الايجار فيلا في حي حطين الموسي
دبلكس
مساحه ٣٧٥
الواجهة شرقي شارع 15

مواصفات الفيلا الدور الارضي مجلس ومقلط وصالة ومطبخ
ومطبخ
وقبو
والدور الأول مكون اربع غرف نوم وصاله


والدور العلوي مكون من غرفتين
وغرفه غسيل وغرفه شغاله

الفيلا مجددا
الفيلا تكيف مخ...",426.67,Medium
الرياض,حي العليا,شمال,350,8,5,5,4,1,1,1,1,0,1,1,0,1,0,0,1,0,0,90000,"فيلا للايجار بحي العليا 
 الدور الارضي 
مقلط وسيع مع حمام وصاله 
مجلس نساء وسيع مع حمام ومدخل خاص 
مطبخ كبير راكب ومكيف 
درج صاله
الدور العلوي 
غرفه نوم كبيره وحمام مستر وغرفه ملابس
غرفه نوم اطفال وصاله 
ثلاث غرف نوم و٢ حمام 
الملحق مكون من
غرفه خادم...",257.14,Medium
الرياض,حي الحمراء,شمال,350,12,4,5,2,1,1,1,1,1,1,0,1,1,0,0,1,0,0,90000,"الإيجار عقد  سنه فقط  التواصل واتس اب 
0505469181

0505469181",257.14,Medium
الرياض,حي ام الحمام الغربي,جنوب شرقي,757,7,7,5,3,1,1,1,1,0,1,1,1,1,0,0,1,0,0,420000,"فيلا فاخرة في موقع مميز
الدور الارضي مجالس استقبال وضيافة
الدور العلوي: ماستر بدورة مياه وجاكوزي + 3 اجنحة نوم",554.82,Medium
الرياض,حي لبن,شمال,400,0,4,4,2,1,1,1,1,0,0,0,0,1,0,0,1,0,0,70000,فله درج داخلي,175.0,New
الرياض,حي العارض,شمال,250,0,5,5,1,1,1,0,1,0,0,0,0,1,0,1,1,0,0,80000,"للايجار فيلا دبلكس في موقع ممتاز جدا بالقرب من كمباوند لبنى العليان والمدرسة العالمية الامريكية. الفيلا مكونة من:



######الدور الأرضي######
حوش امامي وحوش صغير خلفي
مجلس
صاله واسعه
مطبخ راكب (يفتح على الصاله وعلى الحوش)

######الدور الثاني######
٤ ...",320.0,New
الرياض,حي التعاون,جنوب شرقي,250,0,4,5,1,1,1,0,1,0,1,0,0,0,0,0,1,0,0,130000,"مجمع فيينا السكني

يتكون المجمع من 155 وحدة سكنية تحتوي على 144 شقة سكنية مكونه من 6 عمائر كل عمارة تتكون من 4 ادوار
الشقق تبدأ أسعارها من 60,000 إلى 100,000 بحسب اختلاف مساحة الوحدة

بالإضافة إلى 10 فلل سكنية 250 م بقيمة 130,000 ريال للوحدة

و خمسة ...",520.0,New
الرياض,حي الرمال,شمال شرقي,390,0,5,5,2,1,1,1,1,1,1,1,0,1,0,0,1,0,1,55000,"فيلا درج داخلى مساحه ٣٩٠م قريبه من الخدمات والمسجد 
خلف العثيم مفروش الارضيات فرش جديد
يوجد مكيف مركز ومطبخ كامل
مطلوب ٥٥ ألف 
يوجد غرفه سائق وغرفه شغاله
تواصل واتس ٠٥٥٣٤٣١٠٦٨

للتواصل مكتب المسكن المريح للعقارات",141.03,New
الرياض,حي القادسية,جنوب,372,0,6,4,2,1,1,1,1,0,0,1,0,1,0,0,1,0,1,65000,"درج داخلي للايجار مع شقتين جديد    القادسية
مدخل سياره كبير
مشب كبير
مجلس رجال كبير مع حمام خاص
مقلط
صاله كبيره بمدخل خاص للنساء
مجلس نساء مع نافوره مياه 
موسس مصعد 
غرف نوم كبار سن
مطبخ كبير مع مستودع
الدور الثاني
4 غرف نوم منهم اثنين ماستر

الدور ا...",174.73,New
الرياض,حي الرمال,شمال,400,0,6,5,4,1,1,1,1,0,0,1,0,1,0,0,1,0,1,50000,"فيلا درج داخلي جديدة
مكونة من :

• الدور الأرضي :
مدخل سيارة وحوش ومشب وغرفة سايق
مجلس + مقلط + صالة وصالة جانبية + غرفة كبار سن
+ مطبخ ومستودع + دورتين مياه

• الدور العلوي :
صالة + 4 غرف نوم وحده منهم ماستر + 3 دورات مياه

• الدور الثاني :
غرفة + د...",125.0,New
الرياض,حي ظهرة البديعة,جنوب شرقي,500,36,5,5,2,1,1,0,1,0,0,1,0,1,0,0,1,0,0,60000,"فيلا على شارع عائشة بنت ابي بكر تقاطع المدينه
مطبخ خارجي ومستودع ودوره مياة
مجلس رجال ومقلط بدوره مياه
صاله وديوانيه ومجلس نساء بدوره مياه 
الدور الثاني ٥ غرف نوم بدورتين مياه وصاله
سطح غرفه خادمه ودوره مياة
من المالك مباشره..
والسعر غير قابل للمفاوض...",120.0,Old
الرياض,حي السليمانية,شمال,300,15,7,5,2,1,0,1,1,0,1,0,0,1,0,1,0,0,0,80000,"منزل للايجار مؤثث غرفة نوم رئيسية و غرفة ملابس وغرفة السائق والخادمة فقط مكيفات راكبة في جميع المنزل و مطبخ راكب 
التواصل على الواتس اب فقط
0555160791",266.67,Medium
الرياض,حي ام الحمام الشرقي,غرب,450,0,6,4,2,1,1,1,1,0,1,0,0,0,0,0,1,0,0,120000,فيلا جديدة بقرب من مستشفى الملك فيصل التخصصي يوحد بها مكيفات راكبه ومطبخ راكب,266.67,New
الرياض,حي ام الحمام الشرقي,شرق,600,0,5,3,1,1,0,1,1,0,0,0,0,0,0,0,0,0,0,100000,فيلا دور الواقعة على طريق تركي الاول بقرب من مستشفى الملك فيصل التخصصي,166.67,New
الرياض,حي الصحافة,شرق,350,6,3,4,1,1,1,1,1,1,1,0,1,1,0,0,1,0,0,140000,"للإيجار فيلا بحي الصحافة المربع الذهبي قريبة من جميع الخدمات
مؤثثة بالكامل بجميع الأثاث والخزائن

الدور الأرضي :
مدخل سيارة وغرفة سائق
مجلس وصالة كبيرة ومطبخ مجهز
الدور العلوي :
غرفة رئيسية وغرفتين نوم
السطح غرفة خادمة
مكيفات اسبليت
يوجد مسبح وإطلالة...",400.0,Medium
الرياض,حي الوادي,جنوب شرقي,910,10,5,5,4,1,1,1,1,1,1,1,0,1,0,0,1,0,1,220000,"1- المدخل :
حديقة + مدخل سيارة + غرفة سائق + ملحق مع دورة مياة مع مطبخ صغير

2- الدور الارضي :
مجلس + صالة + مطبخ مفتوحة على بعض + مطبخ داخلي المطبخ الثاني مطل على الصالة


3- الدور الاول :
‏A-غرفة رئيسية + جلسة + قسم للملابس + دورة مياة
‏B-غرفة مع د...",241.76,Medium
الرياض,حي القادسية,غرب,300,0,4,4,1,1,1,0,1,0,0,1,0,1,0,0,1,0,0,50000,"درج داخلي للايجار 
مكون من مشب ومجلس مقلط مطبخ وصاله مجلس نساء غرفة كبار السن ٤غرف نوم غرف شغاله  تصميم جميل جدا 
حي القادسيه",166.67,New
الرياض,حي طويق,غرب,450,0,5,5,2,1,1,0,1,1,1,1,0,1,0,0,1,0,0,50000,"السلام عليكم مساء الخير اعرض لكم فيلا للإيجار بمبلغ 50000 الف ريال مساحةالفيلا 450 تتكون
ملحق خارجي 
الدور الأرضي 
مجلس + غرفة معيشة +صالة +مجلس نساء+مطبخ مع مستودع +غرفة ماستر 
الدور الاول 
ثلاث غرف نوم ماستر+صالة
الدور الثاني
 غرفتي نوم بالإضافةإلى...",111.11,New
الرياض,حي الواحة,شمال,250,9,5,5,2,1,1,1,1,0,1,0,0,0,0,1,1,0,0,120000,"فله مرممه ترميم راقي ارضيات + تمديدات سباكه وكهرباء + واجهه .

التكييف والمطبخ راكب",480.0,Medium
الرياض,حي العارض,شمال,250,0,5,5,1,1,1,0,1,0,0,0,0,1,0,1,1,0,0,80000,"للايجار فيلا دبلكس في موقع ممتاز جدا بالقرب من كمباوند لبنى العليان والمدرسة العالمية الامريكية. الفيلا مكونة من:



######الدور الأرضي######
حوش امامي وحوش صغير خلفي
مجلس
صاله واسعه
مطبخ راكب (يفتح على الصاله وعلى الحوش)

######الدور الثاني######
٤ ...",320.0,New
الرياض,حي الرمال,غرب,430,0,5,5,2,1,1,1,1,0,1,1,0,1,0,0,1,0,0,60000,"للايجار فيلا حي الرمال التعمير درج داخلي شارع ١٥ غربي تصميم جميل جدا وراقى 
مكونه من حوش طيب ومدخل سياره ومشب مجلس رجال مقلط صاله مطبخ مجلس نساء غرفة كبار السن 
٥ غرف نوم غرفة شغاله مع مطبخ  ٥ دوراة مياه اعزكم الله 
السعر ٦٠ دفعتين أو ٥٥ الف دفعه أول...",139.53,New
الرياض,حي القادسية,جنوب,360,0,5,5,2,1,1,0,1,0,0,1,0,1,0,0,1,1,0,55000,"حي القادسية 
للايجار درج داخلي مساحه ٣٦٠ شارع ١٥ جنوبي تصميم جميل جدا وراقى 
مكونه من 
مشب مجلس مقلط صاله مطبخ مجلس نساء غرفة كبار السن ٤غرف نوم ٤دوراة غرفة شغاله مع دورة مياه وانتم بكرامه 
السعر ٥٥ دفعتين أو ٥٠ دفعه اولى",152.78,New
الرياض,حي الروضة,شرق,900,20,5,5,1,1,1,1,1,0,1,1,0,1,0,0,1,0,0,120000,فيلا مستخدمة ومجددة للايجار بحي الروضة موقع ممتاز مساحتها ٩٠٠م السعر قابل للمفاوضه,133.33,Old
الرياض,حي العليا,شرق,700,35,7,5,2,1,1,1,1,0,0,1,0,1,0,0,1,0,1,180000,"فيلا دورين  على شارعين شرقي غربي
مرمم الدور الاول قبل سنه الفيلا بحاله جيده
 حي العلياء الموقع غير دقيق

يمكن فصل الدورين عن بعض ويكون مدخلين مستقلات شرقي وغربي

ارجو التواصل للجادين فقط ( وتس اب فقط) من الساعه 5 عصرا وحتي 9 مساء

ملاحظه : الدفع  نص ...",257.14,Old
الرياض,حي السلام,جنوب غربي,375,15,5,5,2,1,1,1,1,0,1,1,0,1,0,0,1,0,0,70000,"فيلا للإيجار بحي السلام
شارعين قريبة من الخدمات
الدرج بالصالة
الدور الأرضي
مجلس رجال ومجلس نساء وصالة ومطبخ راكب ومستودع
الدور العلوي
غرفتين نوم نظام ماستر
غرفتين نوم بدورة مياه
السطح يوجد غرفة خادمة ومستودع
الحوش يوجد ملحق مع مشب",186.67,Medium
الرياض,حي العليا,جنوب,300,7,5,5,4,1,1,1,1,0,1,0,0,1,0,0,1,0,0,90000,فيلا للايجار في حي العليا درج صاله يوجد بالدور الأرضي مجلس رجال ومجلس حريم ودورتين مويه وصاله ومطبخ كبير مع حوش والدور الثاني يوجد به خمس غرف يوجد به غرفتين ماستر ويوجد غرفه خدامه مع السطح ويوجد غرفه سائق مكيفات اسبيلت دهانات جيده ونظيفه,300.0,Medium
الرياض,حي التعاون,جنوب شرقي,250,0,4,5,1,1,1,0,1,0,1,0,0,0,0,0,1,0,0,130000,"مجمع فيينا السكني

يتكون المجمع من 155 وحدة سكنية تحتوي على 144 شقة سكنية مكونه من 6 عمائر كل عمارة تتكون من 4 ادوار
الشقق تبدأ أسعارها من 60,000 إلى 100,000 بحسب اختلاف مساحة الوحدة

بالإضافة إلى 10 فلل سكنية 250 م بقيمة 130,000 ريال للوحدة

و خمسة ...",520.0,New
الرياض,حي المرسلات,جنوب,520,35,4,4,2,1,0,0,1,0,0,1,0,1,0,0,1,0,0,150000,"للإيجار فيلا حي المرسلات 
شارع الأمير مشهور بن عبدالعزيز 
الواجهة: جنوبية 
المساحة: ٥٢٠م 
الأطوال: ٢٦م في ٢٠م
سعر الإيجار:
١٥٠ ألف 
للمعاينة: لابد من موعد مسبق .
الغثراء للعقارات / نستقبل طلباتكم و عروضكم
٠٥٠٦٤٣٠٠٩٠ واتس اب أو إتصال",288.46,Old
الرياض,حي الملك عبدالعزيز,شمال غربي,600,10,6,5,4,1,1,1,1,0,1,1,1,1,0,0,1,0,1,140000,الفله داخل مجمع سكني حراس امن و كيمرات وحديقه و مسجد مجمع سكني متكامل,233.33,Medium
الرياض,حي الملك عبدالعزيز,شمال,375,0,6,5,3,0,1,0,1,0,0,0,0,0,0,0,1,0,0,90000,دورين ونص الفيلا جديدة بناء شخصي,240.0,New
الرياض,حي العارض,شمال,250,0,5,5,1,1,1,0,1,0,0,0,0,1,0,1,1,0,0,80000,"للايجار فيلا دبلكس في موقع ممتاز جدا بالقرب من كمباوند لبنى العليان والمدرسة العالمية الامريكية. الفيلا مكونة من:



######الدور الأرضي######
حوش امامي وحوش صغير خلفي
مجلس
صاله واسعه
مطبخ راكب (يفتح على الصاله وعلى الحوش)

######الدور الثاني######
٤ ...",320.0,New
الرياض,حي العارض,شمال,330,0,5,5,2,1,1,1,1,0,1,1,0,1,0,0,1,0,1,85000,"فله للايجار مكيفات ومطبخ راكب جديده 

للتواصل :0502823823",257.58,New
الرياض,حي العريجاء الوسطى,شمال,800,10,7,5,3,1,1,1,1,0,1,1,0,1,0,0,1,0,0,70000,فيلا مساحتها 800 قريبه من مستشفى الملك سلمان ومستشفى مرضى السكر من الممكن ان تكون سكن للممرضين لقربها من المستشفى,87.5,Medium
الرياض,حي عرقة,شمال,275,5,7,5,1,1,1,0,1,0,0,0,0,1,0,0,1,0,0,75000,"للتواصل جوال ‭055 078 6183‬
فيلاء للايجار الدور الارضي عبارة عن
مجلس رجال+ مقلط + مجلس نساء + صالة + مطبخ + حمامين + حوش + مدخل سيارة 
الدور الاول عبارة عن اربع غرف نوم + ثلاث حمامات
السطح عبارة عن غرفتين + حمام
ايجار سنوي 75000 الف
‭050 547 1275‬
05...",272.73,Modern
الرياض,حي العارض,شرق,300,0,5,5,2,1,1,1,1,0,1,1,0,1,0,1,1,0,0,120000,فيلا للايجار شمال الملك سلمان طريق ابو بكر الصديق المساحة ٣٠٠م الدور الأرضي استقبال ودور الأول 4 غرف صالة 3 دورة مياة مع مكيفاتة ومطبخها وجهزت راكبة والدور الثاني غرفة خادمة وغرفة غسيل وحمام الحوش واسع مع ملحق خارجي وغرفة سائق مع مضلة السيارة ((الدفع...,400.0,New
الرياض,حي الملك عبدالله,شمال,500,2,5,5,2,1,1,1,1,0,1,0,1,1,1,0,1,0,0,170000,"villa for rent
5 bedroom
4 bathroom
Swimming pool 
driver room&housemaid room",340.0,Modern
الرياض,حي الربيع,جنوب,405,3,3,5,1,1,1,1,1,0,1,1,0,1,0,0,1,0,0,120000,"فيلا شبه جديده في حي الربيع:
مجلس رجال كبير/مجلس عربي/غرفة طعام/صالة/مجلس نساء/مطبخين مع تمديد غاز/مكيفات/مطبخ راكب/مدخل سيارة/ملحقين خارجية/مخزن/غرفة سائق.
الدور العلوي:3 غرف بدورات مياه/مطبخ صغير/غرفة خادمة بدورة مياه/تمديد غسالة.

الايجار:120 الف ...",296.3,Modern
الرياض,حي الملك عبدالله,شرق,190,5,3,4,1,1,1,0,1,0,1,1,1,0,0,0,1,0,0,70000,"سعر الايجار السنوي المحدد أعلاه  دفعة واحدة شامل كهرباء ومياه وانترنت وصيانه مجانيه 
فيلا غير مؤثثة للايجار للعوائل فقط داخل كمباوند سكني حي الملك مخرج ١١
دورين ونصف
الدور الارضي صالة واحدة بمطبخ مفتوح على الصالة وحمام ومغسله
الدور الأول ثلاث غرف نوم...",368.42,Modern
الرياض,حي الوادي,شرق,315,3,4,4,3,1,1,0,1,0,0,0,0,1,0,0,0,0,0,120000,"المساحه ٣١٥
الدور الارضي مجلس رجال-مجلس نساء-صالة طعام-صالة- مطبخ
الدور الثاني 
٤ غرف نوم مع دورات المياه لكل غرفه- صاله- مطبخ صغير
الثالث غرفة شغالات- غرفة غسيل
الفيلا مرتبه 
اثاثها ب ٣٠٠ الف 
مغطاه بكاميرات مراقبه وحديقه
عند مخرج ٦ قريبه للدائري حي...",380.95,Modern
الرياض,حي اشبيلية,شرق,308,7,4,4,1,1,0,0,1,0,0,1,0,0,0,0,1,0,0,60000,"للايجار فيلا مستخدمه ٧ سنوات مجدد   تحت مجلس مقلط ملحق مشب صاله مطبخ راكب مجلس نساء الدور الثاني ٤ غرف نوم 
الدور الثالث ٢ غرفة نوم وسطح  
لايجار ب ٦٠الف دفعتان 
ت ٠٥٣١١٩٤٧١٠",194.81,Medium
الرياض,حي الملقا,شرق,200,0,3,5,2,0,0,0,1,0,0,0,0,1,0,1,1,0,0,120000,"ماشاء الله تبارك الله فيلا بحي الملقا بمدينة الرياض دبلوكس جديدة بناء شخصي للايجار. 

الدور الأرضي: مجلس رجال بدورة مياه، صالة، مطبخ مع غاز مركزي، مجلس نساء دورة مياه.

الدور الأول: غرفة نوم رئيسية مع دورة مياه مؤسس لها جاكوزي ، صالة، غرفة نوم بدورة ...",600.0,New
الرياض,حي طويق,غرب,420,0,7,5,1,1,1,1,1,1,1,1,0,1,0,1,1,0,1,55000,"للإيجار فله 
الموقع طويق حي الغروب 
المساحة 420 م2
شارع 20 شرقية 
تفاصيل الفله 
الدور الأرضي يتكون من 
مدخل سيارة حوش مشب  غرفة سائق 
مجلس رجال مقلط مجلس نساء صالة مطبخ راكب 
غرفة شغالة مستودع  3 دورات مياه 
الدور الثاني 
ثلاث غرف نوم ماستر  واحدة من...",130.95,New
الرياض,حي العارض,جنوب,250,2,5,5,2,1,1,1,1,0,0,0,0,0,0,1,1,0,0,85000,"يوجد الدينا فيلا  لم تنزل بالاعلان  بالعارض✅   فيلا اجار دبلوكس بدون شقق شارع ٢٥  م  
المساحه ٢٥٠م   ❌  هذي الفيلا راحت
 فوق سطح وغرفه غسيل وخدامه  لاول 
صاله علي اطلاله حوش  غرفه نوم  ريسيه  ماستر 
و٣غرف نوم 
تحت مجلس مقلط صاله مطبخ مستودع  غرفه
شما...",340.0,Modern
الرياض,حي العارض,شمال,250,0,5,5,1,1,1,0,1,0,0,0,0,1,0,1,1,0,0,80000,"للايجار فيلا دبلكس في موقع ممتاز جدا بالقرب من كمباوند لبنى العليان والمدرسة العالمية الامريكية. الفيلا مكونة من:



######الدور الأرضي######
حوش امامي وحوش صغير خلفي
مجلس
صاله واسعه
مطبخ راكب (يفتح على الصاله وعلى الحوش)

######الدور الثاني######
٤ ...",320.0,New
الرياض,حي النرجس,شمال,300,5,3,5,2,1,1,1,1,0,1,1,0,1,0,0,1,0,0,85000,فيلا للايجار بالكامل مكونه من الدور الارضي مجلس حريمي ومجلس رجالي واثنين حمام والدور الثاني مكون من غرفه النوم وصاله كبيره واثنين حمام الدور الثالث غرفه وحمام ومطبخ وسط خاص وفي مدخل سياره غرفه سائق الفيلا 85 الف  والموقع ممتاز وبها جميع الخدمات والله...,283.33,Modern
الرياض,حي المونسية,شرق,200,0,5,5,1,0,0,0,0,0,0,0,0,0,0,0,1,0,0,50000,فيلا درج داخلى مكونه من مجلس خارجى ومجلس داخلى ومجلط وصاله ومطبخ وحماميين فوق بعد الدرج اربع غرف نوم وصاله منهم غرفه ماستر فوق غرفتيين نوم وحمام وغرفه وسطح قريبه من جامع وطريق الأمير محمد بن سلمان مكيفات اسبلت مش راكبه,250.0,New
الرياض,حي العارض,شمال,365,0,4,4,1,1,1,1,1,0,0,1,0,1,0,0,1,0,0,75000,"للايجار بحي العارض فيلا ٣٦٥م شارع ٢٠م جديده 
مدخل سياره مجلس مقلط صاله كبيره غرفة كبار سن صالة طعام مطبخ 
فوق ٤ غرف نوم ٢ ماستر و٢ بحمام مشترك بدون سطح 
الاجار ب ٧٥ الف الكهرباء والمويه ١٥ الف .
ل
  لايجار .مع الكهرباء والماء  المدة سنه  ب٩٥ الف قابل...",205.48,New
الرياض,حي الرمال,جنوب غربي,360,0,5,2,3,1,1,1,1,0,0,0,0,1,0,0,1,0,1,150000,ست فلل اثنين درج داخلي شقتين واربعه منهم دور وثلاث شقق شغل عالي الجوده عوازل شارعين غربي وجنوبي شارع عشرين ومن الخلف شارع عشره شقق المستاجر مدخل من الخلف وغرفة سايق مجلس رجال كبير لجميع الفلل موقع جداً ممتاز جميع الفلل جبس وتاسيس مكيفات اسبلت وغرف كب...,416.67,New
الرياض,حي النرجس,شمال,300,4,5,5,2,1,1,0,1,0,1,0,0,1,0,0,1,0,0,100000,"للايجار فيلا في حي النرجس جديده درج صاله مكونه من
الدور الارضي مدخل سياره وحوش جانبي وغرفه سائق ومجلس ومقلط وصاله و٢دورات
ومطبخ راكب 
الدور العلوي ٣غرف نوم ماستر وصاله السطح غرفه نوم بحمامها وغرفه خادمه وسطح وسيع
السعر 100الف",333.33,Modern
الرياض,حي المونسية,شرق,420,0,5,5,2,1,1,1,1,0,0,1,0,1,0,0,1,0,0,80000,"فيلا  مسس مصعد للايجار جديده شارع ٢٠م   ٤٢٥م
المونسيه  مدخل سياره ملحق 
 الدور الارضي   مجلس  مقلط صاله   استقبال 
صاله  مطبخ  ٢   مغاسل   ودورات مياه  مستودع غرفة كبارلسن 
الدور الاول  غرفة نوم ريسيه ماستر    وغرفه  نوم ماستر ثانيه
 و٢ غرفه  نوم  بد...",190.48,New
الرياض,حي اليرموك,شمال,400,15,5,5,2,1,0,1,0,0,1,1,0,0,0,0,0,0,0,65000,فلا للإيجار درج داخلي,162.5,Medium
الرياض,حي الياسمين,شرق,400,0,3,5,3,1,0,0,1,0,1,0,0,0,0,0,0,0,0,200000,"عمارة جديدة بناء شخصي لم تسكن من قبل تبعد عن لولو هايبر ماركت ٢٠٠ متر تتكون من
 بيدروم مع دورة مياه 
دور أول استقبال 
مطبخ ودورة مياه
دور ثاني ٣ غرف مع دورتين مياه 
ملحق علوي يتكون من غرفة شغالة مع دورة مياه مع غرفة غسيل وصالة وسطح مستقل 
يوجد بها ٢ت...",500.0,New
الرياض,حي التعاون,شمال,130,0,3,3,1,1,1,1,1,0,1,1,1,1,1,0,0,0,0,130000,مجمع سكني متكامل على أحدث طراز مكون من فلل وشقق,1000.0,New
الرياض,حي المونسية,غرب,270,0,3,5,2,1,1,0,1,0,0,1,0,0,0,0,1,0,0,65000,"فيلا للايجار  غرب الصحابه المونسيه    
شارع ٢٠ مساحه ٢٧٠م 
الدور الاول به ٣غرف نوم 
الثانيه غرفة خادمه وغسيل
 الارضي ملحق صغير مجلس مقلط   ٢صاله مطبخ غرفة  رئيسيه  مستقله  بمرفق ها.  جديده لاجار   ب٦٥ ا قابل ..
مطلوب عايله صغيره   للايجار الفيلا.",240.74,New
الرياض,حي العزيزية,شمال,315,8,5,5,2,1,1,1,1,0,1,1,0,1,0,0,0,0,0,50000,نسعد فى خدمتكم فلا درج صالة 8غرف مطبخ راكب ومكيفات مدخل سيارة حوش كبير تواصل وتس 0540795185#0504805527نسعد لاختيارك الافضلوقابل التفاوض,158.73,Medium
الرياض,حي الياسمين,شمال,250,4,4,5,1,1,0,1,1,0,1,0,0,1,0,0,1,0,0,95000,"تم التاجر
تم التاجر



تم التاجر

تم التاجر",380.0,Modern
الرياض,حي الخالدية,شرق,500,20,7,5,2,1,1,1,1,0,0,1,0,1,0,0,0,0,0,70000,"فيلا بحي الخالدية قريبه من جميع الخدمات للايجار بالكامل
مجدده سباكة وكهرباء",140.0,Old
الرياض,حي العارض,شمال,250,0,5,5,1,1,1,0,1,0,0,0,0,1,0,1,1,0,0,80000,"للايجار فيلا دبلكس في موقع ممتاز جدا بالقرب من كمباوند لبنى العليان والمدرسة العالمية الامريكية. الفيلا مكونة من:



######الدور الأرضي######
حوش امامي وحوش صغير خلفي
مجلس
صاله واسعه
مطبخ راكب (يفتح على الصاله وعلى الحوش)

######الدور الثاني######
٤ ...",320.0,New
الرياض,حي الرفيعة,شرق,400,6,4,5,2,1,1,1,1,0,1,0,0,1,0,0,1,0,0,120000,"‎بالقرب من مركز الملك فهد الثقافي
‎الفيلا مكونة من دورين مع توفر موقف للسيارة بداخل الفيلا وغرفة سائق مع حمام. 
‎الدور الارضي: 
‎استقبال مع حمام للضيوف ومغاسل، صالة طعام مفتوحة على صالة كبيره للعائلة من خلال باب متحرك داخل الحائط، مطبخ راكب ومغاسل وح...",300.0,Medium
الرياض,حي القادسية,جنوب غربي,375,0,5,4,2,0,1,0,1,0,0,0,0,1,0,0,1,0,1,50000,"فرررصه لكم العقار

للايجار درج داخلي وشقتين 

حي القادسية مخطط قابوس 
على شارعين غربي ١٥ وجنوبي ١٥

درج داخلي +مشب +دورة مياه رجال+ مقلط +٢ صالة +مطبخ +دورة مياه نساء + كبار السن + دور الثاني 
+ ٣ غرف + ٢ دورة مياه + السطح + غرفه خادمه دوره مياه
السع...",133.33,New
الرياض,حي الملك فهد,جنوب,520,30,7,5,2,1,1,0,1,1,1,1,0,1,0,0,1,0,0,100000,وجود امكانيه عقد 5 سنوات او اكثر ، تحتاج الفله الى صيانه,192.31,Old
الرياض,حي العارض,شرق,315,0,7,5,2,0,1,1,1,0,0,0,0,1,0,0,1,0,1,75000,"فله للايجار جديده 75 الف بالسنه
يوجده شقه مستقاه ومدخل خاص مع الشقه الايجار 90 الف
شمال عبدالعزيز الموقع قريب من الخدمات",238.1,New
الرياض,حي العارض,جنوب,375,4,7,5,5,1,1,1,1,0,1,0,0,1,0,0,1,0,1,105000,"فله للايجار ميتخدمه مكيفات ومطبخ راكب الموقع جوهره الياسمين رقم ١١ 
قريب من الخدمات طريق الملك سلمان 
واصل مشرع الماء",280.0,Modern
الرياض,حي الياسمين,شمال,375,5,4,5,1,1,1,1,1,0,1,0,0,0,0,0,1,0,0,100000,"للايجار فيلا  بحى الياسمين 

للتواصل  فقط على هذا الجوال

0540598215
مصطفى  


مكيفات ومطبخ راكب 

مجلس وصاله كبيره

ومقلط  اربعه غرفه نوم 
بحي الياسمين",266.67,Modern
الرياض,حي السليمانية,غرب,300,5,5,5,1,1,1,0,1,0,1,0,0,0,0,1,1,0,0,90000,"فيلا دوبلكس بالسطح طابقين للايجار
الطابق الاول صاله كبيره وغرفه و2 دوره مياه ومطبخ كبير راكب
وتكيييف سقف مركزي للفيلا بالكامل 
الطابق الثاني
4 غرف نوم و3 دوره مياه والطابق الثالث سطح الفيلا
ويوجد بها مدخل للسياره
ويوجد بها غاز طبيعي 
وعداد كهربا مستق...",300.0,Modern
الرياض,حي الملز,غرب,300,33,5,5,2,1,0,1,1,0,0,0,0,1,0,0,0,0,0,50000,فيلا دورين درج داخلي مجددة,166.67,Old
الرياض,حي قرطبة,شمال شرقي,400,0,5,5,2,1,0,0,0,0,1,1,0,1,1,1,1,0,0,85000,"للايجار فله نظيفة جدا بحي قرطبة بالقرب من جامع البسام 
مدخل سياره 
ملحق صغير بدورة مياه 
مجلس كبير ومدخل كبير ودورة مياه 
مقلط 
صاله 
مطبخ مع مدخل خارجي ومستودع خارجي 
غرفه كبار سن مع دورة مياه 
الدور1 : 3 غرف نوم و دورتين مياه 
الدور 2: غرفة مع غرفه...",212.5,New
الرياض,حي الضباط,جنوب,600,30,5,5,5,1,1,0,1,0,0,1,0,1,0,0,0,0,0,75000,للايجار او البيع قريب من مستشفى قوى الأمن والخدمات,125.0,Old
الرياض,حي حطين,غرب,450,7,7,5,5,1,1,1,1,0,1,1,0,1,1,0,1,0,0,350000,"السلام عليكم و رحمة الله وبركاته 
الفيلا تتكون من التالي : 
قبو مكون من 
صالتين و عدد دورتين مياة بثلاث مداخل 
الدور الارضي 
مجلس كبير 
و صالة كبيرة جدا 
و دورتين مياة 
و مطبخ جانبي 
المطبخ الرئيسي بالخلف 
الدور الاول 
اربع غرف نوم كبيرة جدا 
و كل غر...",777.78,Medium
الرياض,حي العريجاء,شرق,312,15,5,5,2,1,1,0,1,0,1,1,0,1,0,0,0,0,0,60000,"فله ٣ أدوار للايجار، الدور الارضي، يتكون من مجلس ومقلط وصاله ومطبخ وغرفة طعام ودورتين مياه وحوش كبير ومدخل سياره
الدور الأول، يتكون من أربع غرف نوم منها ثلاث ماستر 
الدور الثاني، 
يتكون من غرفتين نوم وحمام غسيل ملابس ودورة مياه وسطح كبير
أغلب الغرف ي...",192.31,Medium
الرياض,حي العارض,شمال,270,4,4,5,2,1,1,1,1,1,1,1,0,1,0,1,1,0,0,120000,"للايجار فيلا دبلكس في جوهرة الياسمين
 مقابل مشارف هيلز 
 المساحة 270 متر
 شماليه شارع 15 م
العمر 5 سنوات
تكيف سبيلت ومطبخ راكب
حوش امامي وخلفي
 درج صاله
 الارضي :مجلس ومقلط وصالة كبيرة وحمامين ومطبخ
الدور الاول :صاله ٤ غرف نوم ١ ماستر ١ بحمام و ٢ بين...",444.44,Modern
الرياض,حي النفل,جنوب,250,8,5,5,2,1,1,1,1,0,1,0,1,1,0,0,1,0,0,100000,فيلا مستقله مجددة مساحتها 250 م  - ٥ غرف نوم - الدور الارضي  صالة كبيرةمفتوحة ومجلس ، شارع ١٥ مع ارتداد مستغل يعطي مساحة لمواقف اظافيه ( لا يوجد بناءسكني امام الفله ) .  مسبح اطفال في السطح فايبر قلاس ( 3×2 ) ، غرفة سائق،   مطبخ خارجي جاهز ومجدد - ٥ ...,400.0,Medium
الرياض,حي السليمانية,شمال,300,10,3,3,1,1,1,0,1,0,1,0,0,1,0,1,1,0,0,80000,"فيلا دوبلكس للإيجار بحي السليمانية، قريبة من جميع الخدمات وسط الرياض خلف شارع الأمير ممدوح تتكون من :

الدور الارضي : حوش + مدخل سيارة + غرفة للشغالة أو للحارس مع دورة المياه + صالات + مطبخ + دورة مياه

الدور العلوي : 1 غرفة نوم ماستر مع دورة مياه + ...",266.67,Medium
الرياض,حي العارض,شمال,250,0,5,5,1,1,1,0,1,0,0,0,0,1,0,1,1,0,0,80000,"للايجار فيلا دبلكس في موقع ممتاز جدا بالقرب من كمباوند لبنى العليان والمدرسة العالمية الامريكية. الفيلا مكونة من:



######الدور الأرضي######
حوش امامي وحوش صغير خلفي
مجلس
صاله واسعه
مطبخ راكب (يفتح على الصاله وعلى الحوش)

######الدور الثاني######
٤ ...",320.0,New
الرياض,حي العارض,جنوب,300,0,4,5,2,1,1,1,1,0,0,0,0,0,0,0,1,0,0,75000,"🏡فله مساحه 300م
حي العارض

الدور الادضي :
_مجلس
_صاله طعام
_صاله رئيسيه
_مطبخين داخلي وخارجي
_دورتين مياه 2

الدور الاول :
_صاله مع كورنر اوفس
_غرفتين نوم مع دوره مياه مشترك
_غرفه نوم مع دوره مياه خاصه ماستر
_غرفه رئيسيه مع دوره مياه خاصه ماستر
_انا...",250.0,New
الرياض,حي الصفا,شمال شرقي,500,35,5,5,2,1,0,0,0,0,0,0,0,0,0,0,0,0,0,50000,"فيلا قديمة تحتاج ترميم

زاوية شارعين، شارع 10 شمالي، شارع 10 شرقي

الدورى الارضي 
صاله + مجلس + غرفتين + عدد 2 حمام

الدور العلوي
صاله + 6 غرف + 3 حمامات

إمكانية تأجير الدور العلوي 
 
ارقام الاتصال الموضحه أدناه فقط
0502977897
0551968615

Old villa ...",100.0,Old
الرياض,حي الشهداء,شمال,300,0,3,5,3,1,1,1,1,0,1,1,0,1,0,1,0,0,0,100000,فيلا للايجار بالكامل مكونه من الدور الارضي مجلس حريمي ومجلس رجالي واثنين حمام والدور الثاني مكون من غرفه النوم وصاله كبيره واثنين حمام الدور الثالث غرفه وحمام ومطبخ وسط خاص وفي مدخل سياره غرفه سائق الفيلا 100 الف قابل للتفاوض والموقع ممتاز وبها جميع ...,333.33,New
الرياض,حي المؤتمرات,شمال,450,0,4,5,4,1,1,1,1,0,1,0,1,1,1,0,1,0,0,175000,,388.89,New
الرياض,حي المونسية,جنوب,360,2,5,5,1,1,1,1,0,0,0,1,0,1,0,0,1,0,0,55000,درج داخلي مدخل سياره غرفه سايق حوش ملحق خارجي مجلس مغلط وصاله مطبخ غرفه كبارسن مغاسل حمامات فوق ٣غرف نوم  في المونسيه مربع ٣٨ ديكورات جبس ممتازه,152.78,Modern
الرياض,حي الصحافة,شمال,375,5,5,5,4,1,1,1,1,0,1,1,0,1,1,0,1,0,0,135000,للإستفسار الاتصال ع الرقم,360.0,Modern
الرياض,حي الرمال,شمال,400,2,5,5,2,1,1,0,1,1,1,0,0,1,0,0,1,0,0,55000,الي الاجار فيلا في حي الرمال مخطط الواحه ماثثه بي الكامل الموقع ممتاز الاجار 55000الف ريال الي للمفاهمه 0558224554ابو إبراهيم,137.5,Modern
الرياض,حي العارض,جنوب,300,0,4,5,2,1,1,1,1,0,0,0,0,0,0,0,1,0,0,85000,"فله مساحتها 300م
مكيفات 
الدور الارضي
-مجلس
-صاله طعام
-صاله رئيسية
-مطبخين داخلي وخارجي
- دوررت مياه 2 
الدور الاول
- صاله مع كورنر اوفس
- غرفتين نوم مع دوره مياه مشتركة
-غرفه نوم مع دوره مياه خاصه
-غرفه نوم رئيسيه مع دوره مياه خاصه
-اناره طبيعيه (ش...",283.33,New
الرياض,حي العليا,شمال شرقي,355,5,1,5,4,1,1,1,1,0,1,1,0,1,0,1,1,0,0,95000,"الدور الارضي مجلس وصاله ومقلط ودورتين مياه ومبطخ مع مدخل سياره وحوش وغرفه خارس 
الدور الاول ٥ غرف نوم وصاله و٣ حمامات 
الملحق غرفه خدامه بدوره مياه ومكان للغسيل",267.61,Modern
الرياض,حي العارض,شمال,260,5,5,5,2,1,1,0,0,0,1,1,0,1,0,1,1,0,0,110000,,423.08,Modern
الرياض,حي القدس,جنوب,1350,22,7,5,2,0,1,1,1,0,1,1,0,1,1,0,1,0,0,150000,"للايجار فيلا كانت حضانه 

مساحتها 1350 
اطوالها 45 * 30 

للتراصل 
0533809354",111.11,Old
الرياض,حي العليا,شمال,300,8,4,4,2,1,1,1,1,0,1,1,0,1,0,1,0,0,0,70000,,233.33,Medium
الرياض,حي العارض,شمال,250,0,5,5,1,1,1,0,1,0,0,0,0,1,0,1,1,0,0,80000,"للايجار فيلا دبلكس في موقع ممتاز جدا بالقرب من كمباوند لبنى العليان والمدرسة العالمية الامريكية. الفيلا مكونة من:



######الدور الأرضي######
حوش امامي وحوش صغير خلفي
مجلس
صاله واسعه
مطبخ راكب (يفتح على الصاله وعلى الحوش)

######الدور الثاني######
٤ ...",320.0,New
الرياض,حي الخزامى,شمال,400,0,5,5,5,1,0,1,0,0,0,0,0,0,0,0,0,0,0,140000,"فيلا للايجار حي الخزامي تتكون من دورين وشقه 
الدور الارضي ب٦٠ الف 
الدور الاول علوي ٥٥الف
الشقه ملحق ٢٥ الف",350.0,New
الرياض,حي الدار البيضاء,جنوب,312,0,5,3,1,1,1,0,0,0,0,1,0,1,0,0,0,0,0,50000,"فله لليجار بالكامل م ٣١٢ دور وشقتين الدور يتكون  من خمس غرف وملحق خارجي و٣ دورات مياه ومطبخ
والشقتين من ٣ غرف نوم وصاله وحمامين ومطبخ
السعر الدور ٢٥ الف والشقتين٢٥ الف

في حال الفله كامله

واذا كان قطاعي عاد يختلف الاسعار",160.26,New
الرياض,حي الملقا,جنوب,200,3,5,4,2,1,1,0,1,0,1,0,0,1,0,0,1,0,0,90000,"فيلا للايجار ٢٠٠ م
مجلس مقلط صاله اربع غرف نوم
وغرفتين بالسطح
بالملقا
غرفة غسيل وخادمة مدخل سياره بها مطبخ راكب مكيفات اسبيلت

بدون غرفة سواق الإيجار ٩٠ الف

للتواصل ٠٥٨٣٩٨٠٢٥٦",450.0,Modern
الرياض,حي النرجس,شرق,371,0,7,5,3,1,1,1,1,0,0,1,0,1,0,0,1,0,0,160000,"للإيجار ..
يوجد لدينا عدد ٢ فله كل فله تتكون من دور أرضي و دور ثاني يتكون من شقتين .
كل شقه دورين وتحتوي على مجلس وصاله ومطبخ في الدور الأول و 2 غرفه نوم ماستر وغرفة شغاله وغرفة غسيل وسطح صغير في الدور الثاني ، ويوجد في كل شقه عدد 5 دورات مياه .
أما ...",431.27,New
الرياض,حي ظهرة لبن,شمال,450,2,6,5,2,1,1,0,1,0,1,1,1,1,0,0,1,0,1,200000,"يوجد غرفة للتحكم باجهزة الكاميرا ، يوجد غرفة خادمه اساسيه ف الدور الثاني ، يوجد سطح بمساحه مستفاده ، هذي اغلب الاشياء اللي ماسمح لي البرنامج بتنزيل صورها . 

العقار للايجار بدون الاثاث

ميزاتها : قريبه من حي السفارات واغلب الخدمات واصله لها ، الفله ت...",444.44,Modern
الرياض,حي العارض,شمال,450,0,5,5,3,0,1,1,1,0,0,1,0,1,0,0,1,0,1,75000,"عرض خاص وحصري 
فلة موقع ممتاز حي النرجس قريبة لطريق ابو بكر تحت استقبال مجالس وغرفة كبار سن ومطبخ وملحق خارجي وفوق ثلاث غرف نوم مع صالة والسطح غرفة غسيل وسطح كبير مع يوجد فديو لها للتواصل او الاستفسار ٠٥٤٤٤٠٩٣٢٣",166.67,New
الرياض,حي ظهرة لبن,شمال,300,0,4,5,2,1,1,0,0,0,0,0,1,1,0,1,1,0,1,60000,"فيلا دبلكس في ظهرة لبن مكونه من مجلس ومقلط مع دورتين مياه مجلس خارجي درج صاله فوق 4غرف نوم  كل غرفه معها دورة مياه فيها بدورم وحمام سباحه ودورة مياة مساحه300مترا شغل نظيف في مجال للتفواض
التواصل واتساب او اتصال 
جوال رقم 0540205893",200.0,New
الرياض,حي العارض,شمال,250,0,5,5,1,1,1,0,1,0,0,0,0,1,0,1,1,0,0,80000,"للايجار فيلا دبلكس في موقع ممتاز جدا بالقرب من كمباوند لبنى العليان والمدرسة العالمية الامريكية. الفيلا مكونة من:



######الدور الأرضي######
حوش امامي وحوش صغير خلفي
مجلس
صاله واسعه
مطبخ راكب (يفتح على الصاله وعلى الحوش)

######الدور الثاني######
٤ ...",320.0,New
الرياض,حي السليمانية,شرق,640,35,5,5,2,1,1,0,1,1,1,1,0,1,0,0,1,0,0,200000,"الدور الأرضي
مجلس نساء
مجلس رجال
سفرة
غرفة كبار السن
مطبخ
عدد ٢ دورة مياه
ملحق مع دورة مياه
غرفتين لالعاب الأطفال مع دورة مياه خاصه
مطبخ خارجي مع دورة مياه 
جراج سيارتين

الدور الأول
غرف نوم رئيسية مع دورة مياه
٥ غرف نوم 
٣ دورات مياه

السطح
غرفة خاد...",312.5,Old
الرياض,حي العارض,شرق,375,4,4,4,2,1,1,1,1,1,1,0,0,1,0,0,1,0,0,110000,الفله للايجار     موسسه والاثاث جديد الفله عباره عن تحت مجالس مع غرفه كبراء السنه  ومجالس رجال ومجالس نساء اساس كامل   ونظيف جدا ويوجد به كاميرات مراقبه وغرف تحكم,293.33,Modern
الرياض,حي العارض,جنوب,320,0,4,5,2,1,1,1,0,0,0,0,0,0,0,1,1,0,0,85000,"بسم الله وعلى بركة الله
فيلا فاخرة للإيجار
في دانة الياسمين شمال طريق الملك سلمان 
المساحة ٣٢٠ م
٤ غرف نوم كل غرفه بحمامها
غرفة سائق
السعر ٨٥.٠٠٠ ريال
الموقع غير دقيق
_______

يوجد غرفة سائق للإيجار (  الغرفة خارج هذا الأعلان) 
_______
يوجد مقيّم عقا...",265.62,New
الرياض,حي الملز,جنوب شرقي,1250,25,5,5,5,1,1,1,1,0,0,1,0,1,0,0,0,0,0,150000,"مساحه الارض١٢٥٠متر بها مبنى كبير ومبنى صغير
حوش كبير للسيارات تحتاج ترميم كامل
كانت بالسابق مدرسه 

للإستثمار  ترميم وتقسم شقق أو ازاله المباني وبناء أكثر من فيلا
للتواصل واتس ٠٥٤٩١٩٣١٤٢",120.0,Old
الرياض,حي العارض,شمال,260,5,5,5,2,1,1,0,1,0,1,0,0,1,0,1,1,0,0,120000,"فيلا دبلكس في شمال الرياض 

الدور الارضي :- 
- مجلس رجال عصري بدورة مياة + صالة طعام 
- صالة داخلية بالدور الارضي ١٢✖️٥.٥ تقريباً - بدورة مياة 
- مطبخ من مطابخ (القصر العصري)
- أجهزة مطبخ (أرستون) فرن سيراميك سطحي وداخلي . 
- ثلاجة + غسالة صحون 
- مس...",461.54,Modern
الرياض,حي الصحافة,غرب,320,4,5,5,1,1,1,1,1,0,1,0,0,1,0,0,1,0,0,90000,"للايجار فيلا درج صاله بحى الصحافة 
عبارة عن مدخل سيارة حوش واسع 
مجلس رجال ومجلس نساء 
ملقط وصاله مطبخ 
الدور العلوي 
5 غرفه نوم منهم غرفتين نوم ماستر 
وصاله 
السطح غرفه شغاله غرفه غسل 
والسطح واسع 
المطبخ راكبه المكيفات راكبه 
الفيلا مجدي بكامل 
قري...",281.25,Modern
الرياض,حي حطين,جنوب غربي,786,10,5,5,3,1,1,1,1,0,1,1,1,1,0,0,0,0,1,650000,"للبيع فلا درج صاله فقط 
حي حطين الموسي مساحه ٧٨٦ متر 
زاويه جنوبيه غربيه شوارع ١٥ متر 
الفلا عباره  عن  قبو 
دور ارضي وعلوي وملاحق بالسطح
مدخل سياره غرفه سائق 
ملحق خارجي القبو به مسبح سينما
نادي صحي  حمام مغربي
الارضي  قسم رجال بمساحه ٢٥٠متر قسم نسا...",826.97,Medium
الرياض,حي العارض,شمال,308,0,4,5,1,1,1,0,1,0,1,0,0,0,0,1,1,0,0,90000,"فيلا ايجار مساحة 308 بالنرجس
الدور الارضي عبارة عن ؛ ملحق + صالة + مطبخ (راكب) + مجلس + صالة طعام + غرفة خادمة + غرفة غسيل 
الدور الاول : غرفة ماستر + جناح + غرفتين بينهم حمام مشترك
المكيفات + المطبخ + الغاز المركزي راكب
ايجار 90 الف دفعه وحدة 
+ 200...",292.21,New
الرياض,حي الملك عبدالله,شرق,185,5,3,4,1,1,1,0,1,1,1,0,1,0,0,0,1,0,0,95000,"السعر ٧٥٠٠٠ سنوي دفعة واحدة غير مؤثثة
السعر ٩٥٠٠٠ سنوي دفعة واحدة مؤثثة
الفيلا داخل مجمع سكني مغلق به ٢٤فيلا وحراسات امنية",513.51,Modern
الرياض,حي الياسمين,جنوب,450,3,7,5,2,1,1,1,1,0,1,0,0,1,0,0,1,0,0,150000,فله فاخره بناء شخصي تتكون من دور أرضي يتكون من مجلس ومقلط  ومجلس جانبي دائري  وودورة مياه ومغاسل  صاله كبيره٦/٧  مجلس نساءمقفل ودورة مياه غرفه مع دورة مياه لكبار السن مطبخ مفتوح على الصاله مطبخ صغير مكون من تسليك غسالة اواني وملابس ونشاف وبراده ويوجد...,333.33,Modern
الرياض,حي ام الحمام الغربي,4 شوارع,165,30,5,4,2,1,1,1,1,0,1,0,0,1,0,0,1,0,0,75000,مجمع سكني على طريق الملك خالد مقابل الهيئة الملكية للجبيل وينبع,454.55,Old
الرياض,حي النموذجية,جنوب,700,30,7,5,1,1,1,1,0,0,0,1,0,1,0,0,1,0,0,120000,"للإيجار فله كامله 
تصلح تكون مكاتب 
لايوجد مكيفات",171.43,Old
الرياض,حي الصحافة,شمال,396,3,4,4,3,1,1,1,1,0,1,0,0,1,0,0,0,0,0,175000,"الايجار فيلا  عباره عن دور دور شقه 
الدور الاول 
مجلس وصاله ومقلط وثلاث غرف نوم الدور الاول  و3دورات مياه ومطبخ وغرفة شغاله 
الدور الاول مفروش بالكامل على ايجار 80 الف
الدور الثانى 
عباره عن 4 غرف نوم وصاله ومجلس ومقلط 4دورات مياه ومطبخ وغرفة شغاله 
...",441.92,Modern
الرياض,حي السويدي الغربي,غرب,400,17,4,5,2,1,1,0,1,0,1,0,1,1,0,0,1,0,0,75000,فله نظيفه تحتاج لبعض الصاينه كما هو موضح في الصور موقع ممتاز قريبه من المساجد والمدارس وجميع الخدمات للاستفسار الرجاء التواصل مع المالك  ابو احمد الرقم 0554116009,187.5,Old
الرياض,حي الملز,شمال,300,15,5,3,1,1,0,0,0,0,0,0,0,0,0,0,0,0,0,70000,,233.33,Medium
الرياض,حي القيروان,شمال شرقي,400,0,4,5,1,1,1,1,1,0,1,1,0,0,0,0,1,1,0,140000,"فله على شارعين شرقيه شماليه  بالقيروان قيت ( مخطط العجلان ) بالقرب من حديقة عجلان واخوانه والمدارس العالمية والتربية النموذجيه مخارج الحي للملك فهد والملك سلمان الموقع مميز وبالقرب  من جميع الخدمات البناء شخصي .
الدور الارضي / ملحق خارجي واسع ومجلس ر...",350.0,New
الرياض,حي الحزم,غرب,325,6,4,3,2,1,1,0,1,0,1,1,0,0,0,1,0,0,0,450000,فلل دبلوكس للايجار الدور الارضي ثلاث غرف نوم مجلس مقلط صاله ثلاث حمامات مطبخ غرفه خدامه مدخل سياره الدور الاول اربع غرف نوم اصاله و ثلاثه حمامات سطح ملحق و ثلاث غرف موقع ممتاز يوجد جميع المدارس 45000,1384.62,Medium
الرياض,حي غبيرة,شرق,450,32,7,5,2,0,1,0,0,0,0,1,0,1,0,0,0,0,0,50000,الفله قديمه يوجد ٢١غرفه +١٣حمام+٣مطبخ+مسلخ صغير,111.11,Old
الرياض,حي العارض,شمال,250,0,5,5,1,1,1,0,1,0,0,0,0,1,0,1,1,0,0,80000,"للايجار فيلا دبلكس في موقع ممتاز جدا بالقرب من كمباوند لبنى العليان والمدرسة العالمية الامريكية. الفيلا مكونة من:



######الدور الأرضي######
حوش امامي وحوش صغير خلفي
مجلس
صاله واسعه
مطبخ راكب (يفتح على الصاله وعلى الحوش)

######الدور الثاني######
٤ ...",320.0,New
الرياض,حي سلطانة,شمال,700,20,7,4,4,1,0,1,1,0,1,1,0,1,0,0,0,0,0,55000,"فرصه للايجار فيلا 
في حي سلطانه بجوار المدارس 

فيلا كبيره تتكون من دورين وملحق ارضي  مساحه 700م 
الدور الاول:صاله كبيره + 3 دورات مياه +4 غرف + مطبخ
الدور الثانى: 4غرف كبيره ومطبخ و3 دورات مياه وصاله كبيره 

الملحق غرفتين ودوره مياه 
سطح كبير جدا وح...",78.57,Old
الرياض,حي السليمانية,جنوب,220,6,4,4,3,1,1,0,1,0,1,1,0,1,0,0,1,0,0,90000,"فيلا للايجار بحي السلمانية 
قريبة من طريق العروبة والملك فهد 

4 غرف + 3 صالة + 4 دورات مياه + مطبخ +
 غرفة خدامة + مدخل سيارة  + حوش 
الايجار سنويا او نصف سنوي
تكييف مركزي المطبخ راكب موقع ممتاز قريبة من جميع الخدمات 
جوال 0542043458.      054563316...",409.09,Medium
الرياض,حي العليا,شرق,600,30,5,5,2,1,0,0,0,0,0,1,1,1,0,0,1,0,0,100000,"فيلا دورين وملحق ١٠ غرف ٦ حمام و٢ صاله الغرف كبيرة ٧في٥ متر تنفع سكن عمال مطاعم عاملات مستشفيات  مع حوش ومسبح الفيلا قديمة معمول لها صيانة للسباكة والكهرباء للتواصل  0578704380 
villa 10 rooms and 6 bathrooms with large rooms suitable for staff housi...",166.67,Old
الرياض,حي الرمال,غرب,300,0,4,5,2,1,1,0,1,0,1,1,0,1,0,0,0,0,0,550000,"فيلا للايجار بحي القادسيه
مساحه ٣٠٠
شارع ٢٠ غربي
تتكون من حوش ومجلس  مقلط وصاله  جلوس غرفه كبار سن مطبخ فوق ٣ غرف نوم مع السطح وغرفه شغاله غرفه غسيل
للتواصل 0500106766",1833.33,New
الرياض,حي الملقا,غرب,480,0,4,5,2,1,1,1,1,0,1,1,0,0,0,0,0,0,0,200000,للايجار فيلا  حي حطين النموذجي مساحة ٤٨٠م مسبح خمس غرف نوم مكيفات مطبخ راكب الايجار ٢٠٠ الف دفعة واحدة  مواقع غير صحيح,416.67,New
الرياض,حي النرجس,شمال,300,0,3,5,3,1,1,1,1,0,1,1,0,1,0,1,1,0,0,100000,فيلا للايجار بالكامل مكونه من الدور الارضي مجلس حريمي ومجلس رجالي واثنين حمام والدور الثاني مكون من غرفه النوم وصاله كبيره واثنين حمام الدور الثالث غرفه وحمام ومطبخ وسط خاص وفي مدخل سياره غرفه سائق الفيلا راكب مكيفات اسبلت  الفيلا 100 الف قابل للتفاو...,333.33,New
الرياض,حي الوزارات,3 شوارع,300,0,7,5,1,1,1,1,1,1,1,1,0,1,0,0,1,0,1,150000,"فيلا شمال الرياض بحي العارض مؤثثه اثاث جديد راقي جداً للايجار 
 عدد غرف النوم فوق ثلاث غرف وتحت غرفة كبار سن وصاله مفتوحه على غرفة نسا ومجلس رجال ومقلط رجال والسطح مظلل بالكامل به ثيل صناعي ومكيف صحراوي وغرفة خادمه وغرفة غسيل وألعاب اطفال والمطبخ يوج...",500.0,New
الرياض,حي الصحافة,شمال,390,15,3,4,3,1,1,0,1,0,1,1,0,1,0,0,1,0,0,95000,"السلام عليكم ورحمة الله وبركاته 
فيلا للايجار  بحي الصحافة مربع ٧
المساحة ٣٩٠م٢ 
الدور الارضي: مجلس رجال ٤×٥ ودورة مياه و٢ مغاسل  ، صالة ٣×٤ طعام، صالة ودورة مياه ٦×٥ و٢ مغاسل ، مجلس نساء٣×٤،
مطبخ٤×٤ مع مستودع.
الدور الأول غرفة نوم رئيسية٥×٤ حمام ماس...",243.59,Medium
الرياض,حي العارض,غرب,499,0,7,5,4,1,1,1,1,0,0,1,0,1,0,0,1,0,0,150000,"فيلا   الايجارحي العارض مساحته499 يوجد ملحق خارجي وغرفه سائق وصالتين رجال وصاله نساء ومقلط وغرفه  للكبار السن  ومطبخ وغرفه كنترول في دوار الارضي 
دوار الاول غرفتين ماستر وغرفتين عاديه مع حمام مشترك 
دورار ثاني  غرفتين وحمام
 قريبه من مسجد الوالدين عل...",300.6,New
الرياض,حي الصحافة,شمال,390,15,4,4,3,1,1,1,1,0,1,1,0,1,0,0,1,0,0,95000,"السلام عليكم ورحمة الله وبركاته 
فيلا للايجار  بحي الصحافة مربع ٧
المساحة ٣٩٠م٢ 
الدور الارضي: مجلس رجال ٤×٥ ودورة مياه و٢ مغاسل  ، صالة ٣×٤ طعام، صالة ودورة مياه ٦×٥ و٢ مغاسل ، مجلس نساء٣×٤،
مطبخ٤×٤ مع مستودع.
الدور الأول غرفة نوم رئيسية٥×٤ حمام ماس...",243.59,Medium
الرياض,حي العارض,شمال,290,0,5,5,3,1,1,1,1,0,1,0,0,1,0,1,1,0,0,125000,,431.03,New
الرياض,حي الربيع,شمال,370,6,6,5,2,1,1,0,1,0,1,1,0,1,0,0,1,0,0,140000,"للايجار فيلا بحي الربيع الشرقي مقابل مدارس المملكة تبعد ١٠٠م عن طريق الملك عبد العزيز 
مجددة بالكامل 
اجميع مكيفات الدور الارضي مركزي  وباقب الفيلا تكييف اسبليت 

الدور الارضي  مدخل سيارة وحوش وملحق خارجي بدورة مياه 
ومجلس رجال ومقلط وصالة ومطبخ ودور...",378.38,Medium
الرياض,حي الرائد,جنوب,340,8,5,3,1,1,1,1,1,0,0,0,0,0,0,0,0,0,0,90000,"للايجار فيلا بحي الرائد 
المساحة /340م دبلكس 
جنوبية شارع 20م 
4غرف نوم 
استقبال 
مدخل سيارة 
غرفة حارس",264.71,Medium
الرياض,حي السويدي الغربي,غرب,400,17,4,5,2,1,1,0,1,0,1,0,1,1,0,0,1,0,0,75000,فله في حي السويدي الغربي قريبه من الدائري الغربي موقع ممتاز قريبه من جميع الخدمات يحيطها 3 مساجد وقريبه من المطاعم والمدارس حي هادىء تحتاج لبعض الصيانه كما هو موضح في الصور سوف يخصم للمستاجر من الايجار في حال كانت الصيانه عليه للتواصل الاتصال عالرقم ...,187.5,Old
الرياض,حي العارض,شمال,250,0,5,5,1,1,1,0,1,0,0,0,0,1,0,1,1,0,0,80000,"للايجار فيلا دبلكس في موقع ممتاز جدا بالقرب من كمباوند لبنى العليان والمدرسة العالمية الامريكية. الفيلا مكونة من:



######الدور الأرضي######
حوش امامي وحوش صغير خلفي
مجلس
صاله واسعه
مطبخ راكب (يفتح على الصاله وعلى الحوش)

######الدور الثاني######
٤ ...",320.0,New
الرياض,حي النرجس,شمال,300,3,3,5,3,1,1,1,0,0,1,0,0,1,0,1,1,0,0,85000,"فيلا ،،،،،للايجار،،،،،،
حي النرجس ،،،،،شمال الملك سلمان،،،،
مكونه من،،،،،،
٣ غرف ،،،،،وسيعه،،،،،مجلس،،،،،(رجالي)،،،،،،مجلس(حريمي)،،،،،صاله،،،،،،٥حمامات،،،،،،
مطبخ امريكي ،،،،،،مكيفات سبيلت،،،،،،
غرفه سايق،،،،،،حوش،،،،،مدخل (سياره)،،،،السعر 850000ريال...",283.33,Modern
الرياض,حي العارض,غرب,372,2,4,5,1,1,1,0,1,0,0,1,0,1,0,0,1,0,0,75000,"حي العارض غرب عبد العزيز  
فله للايجار 
السعر ٧٥ الف 
مستخدما سابقا 
الدور الارض مجلس ومجلط ومجلس نساء ومبطخ ودورتين مياه وملحق خارجي 
الدور الثاني اربع غرف نوم ٢ بدورة مياه واحدهو وثنتين كل وحده بدورة مياه مستقله
السطح غرفة شغاله",201.61,Modern
الرياض,حي النفل,غرب,500,0,4,5,2,1,1,1,1,0,1,0,0,1,0,0,1,0,0,160000,"للإيجار فيلا مودرن جديدة بحي النفل


المواصفات : 
• مدخل سيارة 
• غرفة سائق 
• مجلس رجال ونساء 
• صالة طعام 
• صالة عائلية واسعة 
• مطبخ + غرفة خادمة 
• غرفة كبار سن 

الدور الأول :
• 3 غرف نوم 
• صالة عائلية + سيرفس 

الدور الثاني : 
• غرفة خادمة 
•...",320.0,New
الرياض,حي الربيع,جنوب,405,3,3,5,2,1,1,1,1,0,1,1,0,1,0,0,1,0,0,115000,"للإيجار فيلا بحي الربيع الشرقي
عبارة عن دور ونصف
مساحة ٤٠٥م
شارع ٢٠ جنوبي الفيلا عمرها تقريبآ ثلاث سنوات ومجددة بالكامل ( شبه جديدة) 
قريبة من طريق أبي بكر الصديق
والجامعة الإلكترونية

↩️ الدور الأرضي :
مدخل سيارة وغرفة سائق وحوش  وملحق خارجي مع دورة...",283.95,Modern
الرياض,حي ظهرة لبن,شرق,350,0,5,5,2,1,1,0,1,0,1,1,0,1,0,1,0,0,0,70000,"فيلا دبلكس جديد فخمه جدا بداية لبن 
راكب مكيفات جديد بالدور الارضي
راكب مطبخ جديد
تتكون من 
الدور الاول
مدخل عوائل ومدخل رجال وحوش مدخل سياره مجلس رجال ومقلط  وصاله وسيعه جدا ومجلس حريم وغرفة كبار سن ومطبخ راكب ومكيفات راكبه. 
بدون الاثاث
والدور الثا...",200.0,New
الرياض,حي الصحافة,شمال,396,3,4,4,3,1,1,1,1,0,1,0,0,1,0,0,0,0,0,160000,"للايجار فيلا سكنيه عباره عن دور دور شقه 
الدور الاول 
مجلس وصاله ومقلط وثلاث غرف نوم و3دورات مياه ومطبخ وغرفة شغاله   الدور الاول جاري 80 الف
الدور الثانى 
عباره عن ثلاث غرف نوم وصاله ومجلس ومقلط 3دورات مياه ومطبخ وغرفة شغاله الدور الثاني 60الف

الشق...",404.04,Modern
الرياض,حي العارض,شمال,400,2,5,5,2,1,1,0,0,0,1,1,0,1,0,0,1,0,1,80000,"للايجار فيلا بحي العارض درج داخلي 
تتكون من 
مجلس ومقلط ومشب خارجي
وصاله وغرفه كبار سن ومطبخ 
ومستودع مع المطبخ 
فوق ثلاث غرف نوم كل غرفه بها دورة مياه 
وبالسطح غرفتين اطفال 
ويوجد سطح ويوجد فوق السطح مشب بشكل خيمه 
الفيلا يوجد بها 11 مكيف اسبلت راكب...",200.0,Modern
الرياض,حي الرمال,شمال شرقي,350,0,5,5,1,1,1,0,1,0,1,1,0,1,0,0,1,0,1,60000,"درج داخلي للايجار الرمال التعمير
وجهه شمال شرقى على شارعين زاويه
مساحه الفيلا 350متر 
مدخل سياره
مشب 
مجلس رجال كبير
مقلط
صاله كبيره بمدخل للنساء
مجلس نساء
غرف كبار سن
مطبخ راكب 
مكيفات راكب
الدور الثاني 3 غرف نوم منهم وحده ماستر
الدور الثالث غرف نوم...",171.43,New
الرياض,حي العليا,جنوب,500,22,7,5,2,1,1,1,1,0,1,1,0,1,0,0,1,0,1,80000,فيلا دورين,160.0,Old
الرياض,حي السليمانية,شمال,300,28,6,5,2,1,0,1,1,0,0,0,1,1,0,0,1,0,0,95000,,316.67,Old
الرياض,حي الياسمين,شرق,375,3,5,5,2,1,1,1,0,0,0,0,0,0,0,0,1,0,0,95000,للأيجار فيلا درج صاله في حي الياسمين مربع ٢٤ مساحه ٣٧٥م  تتكون من الأرضي استقبال مدخل سياره غرفه سايق مجلس رجال مقلط صاله وربع غرف نوم كل غرفه بحمام في السطح ثلاث غرف نوم   الا يجار ٩٥ الف راكب مطبخ بدون مكيفات للتواصل جوال ابو يوسف 0503733355,253.33,Modern
الرياض,حي الملز,شمال,462,10,5,5,3,1,1,1,1,1,1,1,0,1,0,0,0,0,0,140000,"فيلا كبيرة تم تحديثها عام ٢٠١١م دور رئيسي ارضىي مكيفات اسبلت استقبال ومطبخ جاهز رئيسي مع غرفة نوم رئيسية مكيف اسبلت  ملحق بها دورة مياه
 دور علوي عدد ٤ غرف نوم مكيف اسبلت ملحق بها دورة مياه و عدد ٢ غرف نوم مكيف اسبلت بدون دورة مياه وصالة مجهزة بمطبخ ...",303.03,Medium
الرياض,حي الرمال,شرق,330,0,5,5,2,1,0,0,0,0,0,0,0,0,0,0,1,0,0,50000,"فيلا درج داخلي للإيجار مساحه ٣٣٠ الرمال التعمير شارع ٢٠تحت مجلس مقلط صاله غرفه كبار سن ومجلس حريم ر فوق ٣ غرف نوم وصاله
مطلوب ٥٠ ألف سنوي قابل للتفاوض للصامل",151.52,New
الرياض,حي القادسية,شمال,384,0,5,5,2,0,1,1,1,0,0,1,0,1,0,0,1,0,0,80000,"تنسيق مسبق
لايجار فيلا جديدة حي القادسية
الارضي
مجلس+مقلط+غرفتين+صالة+مطبخ+مستودع+3دورات مياه
علوي(1)
غرفةماستر+غرفتين نوم+صالة+دورةمياه
علوي(2)
غرفة خادمة+دورة مياه+سطح
★غرفة سائق
★مدخل سيارة
★مشب
★حوش خلفي
★مؤسس ألياف بصرية+كميرات مراقبة
الايجار
80...",208.33,New
الرياض,حي العارض,شمال,250,0,5,5,1,1,1,0,1,0,0,0,0,1,0,1,1,0,0,80000,"للايجار فيلا دبلكس في موقع ممتاز جدا بالقرب من كمباوند لبنى العليان والمدرسة العالمية الامريكية. الفيلا مكونة من:



######الدور الأرضي######
حوش امامي وحوش صغير خلفي
مجلس
صاله واسعه
مطبخ راكب (يفتح على الصاله وعلى الحوش)

######الدور الثاني######
٤ ...",320.0,New
الرياض,حي العارض,شمال,200,5,5,5,2,1,1,1,1,1,1,1,0,1,0,1,1,0,1,110000,"فيلا لليجار حي دانه الياسمين 
مؤثثه بالكامل اثاث جديد 
الدور الارضي مجلس خارجي
 مجلس رجال وصاله استقبال كبير 
ومطبخ مع كامل اجهزته
 ودورتين مياه
 مدخل خاص بالرجال ومدخل بالنساء 
الدور الثاني صاله غرفه نوم رئيسيه 
وغرفتين اضافيه ودورتين مياه 
الدور ال...",550.0,Modern
الرياض,حي الصحافة,غرب,375,2,5,5,1,1,1,0,1,0,1,1,0,1,0,0,1,0,0,90000,"للايجار فيلا درج صاله بحى الصحافة 
عبارة عن مدخل سيارة حوش واسع 
مجلس رجال ومجلس نساء 
ملقط وصاله مطبخ 
الدور العلوي 
5 غرفه نوم منهم غرفتين نوم ماستر 
وصاله 
السطح غرفه شغاله غرفه غسل 
والسطح واسع 
المطبخ راكبه المكيفات راكبه 
الفيلا مجدي بكامل 
قري...",240.0,Modern
الرياض,حي العارض,شمال,200,5,5,5,2,1,1,1,1,1,1,1,0,1,0,0,1,0,1,110000,"فيلا لليجار حي دانه الياسمين 
مؤثثه بالكامل اثاث جديد 
الدور الارضي مجلس خارجي
 مجلس رجال وصاله استقبال كبير 
ومطبخ مع كامل اجهزته
 ودورتين مياه
 مدخل خاص بالرجال ومدخل بالنساء 
الدور الثاني صاله غرفه نوم رئيسيه 
وغرفتين اضافيه ودورتين مياه 
الدور ال...",550.0,Modern
الرياض,حي العقيق,شمال,480,5,5,5,3,1,1,1,1,0,1,0,0,1,0,0,1,0,0,180000,"للإيجار فيلا ممتازه vip حي عقيق الموسى مكونه من الدور الارضي غرفة سائق بدورة مياه ملحق خرجي كراج سيارة حوش كبير
مجلس و مقلط و صاله كبيره و مطبخ و دورين مياه 
الدور الاول مكون من ٤ اجنحه وصاله كبيره و ٤ دورات مياه 
الدور الثاني مكون من غرفتين و صاله و...",375.0,Modern
الرياض,حي العارض,غرب,330,0,5,5,1,1,0,0,1,0,0,1,0,0,0,0,1,0,0,75000,"فيلا للايجار عوائل في حي العارض
مدخل سيارة و ملحق خارجي صغير و مجلس و مقلط و صالة مطبخ و فوق اربع غرف نوم نوم و فوق غرفة شغالة و سطح كبير و عدد 6 حمام
الإيجار 75الف دفعتين
بدون شئ راكب",227.27,New
الرياض,حي اليرموك,شمال,300,9,4,3,1,1,0,0,0,0,0,0,0,0,0,0,0,0,0,65000,"فيلا  للايجار
اليرموك  الغربي 
موقع  ممتاز 
الفيلا  نظيفه 
جميع الخدمات",216.67,Medium
الرياض,حي الملقا,شرق,200,0,3,5,2,0,0,0,0,0,0,0,0,1,0,1,1,0,0,120000,"دبلوكس بحي الملقا للايجار 

الدور الأرضي: مجلس رجال بدورة مياه، صالة، مطبخ مجلس نساء دورة مياه. 

الدور الأول: غرفة نوم رئيسية مع دورة مياه صالة، غرفة نوم بدورة مياه، غرفة نوم ثانية.
الواجهة شمالية زاوية شوارع 20
تشطيب شخصي 
كاميرات مراقبة
أجهزة انتر...",600.0,New
الرياض,حي العليا,شمال,300,3,5,5,3,1,0,1,1,0,1,1,0,1,0,0,1,1,0,100000,فيلا لايجار بالكامل في حي العليا خلف مكتب الملك فهد الدور الأرضي يتكون من غرفه نوم وصاله ومجلس و٢حمام ومطبخ راكب مكيفات راكب اسبلت الدور الأول علوي يتكون من ٤ غرفه نوم وصاله ومجلس و٣حمامات ومخزن ومطبخ راكب مكيفات راكب الدور الاخير يتكون من غرفه نوم و...,333.33,Modern
الرياض,حي العارض,شمال,250,0,3,2,1,1,1,1,1,0,1,0,0,1,0,0,1,0,0,85000,"فيلا للايجار بالعارض 
مساحة ٢٥٠م 
شارع ٢٠ شرق 
مدخل سيارة 
غرفه سايق
 مجلس مقلط صاله مستودع حوش مطبخ دورتين مياة 
الاول ثلاث غرف منهم غرفة ماستر 
السطح صاله العاب ونظيفة
وغرفه خادمة ومستودع 
مطبخ ومكيفات راكبة
٨٥ الف دفعتين",340.0,New
الرياض,حي الياسمين,جنوب,300,4,4,5,1,1,1,1,1,0,1,0,0,1,0,1,1,0,0,85000,"لايجار فله في حي الياسمين مربع 4
درج صاله دبلكس متلاصق من الجانبمساحة 300
شارع 14 جنوبية
مجلس و صاله ومقلط ومطبخ وغرفه سواق 
ومستودع الدور الاول 4 غرفه نوم وصاله 
ا
السطح غرفه شغاله وغسيل غرفه بدوره مياه 
85000 دفعتين 
80000 دفعة وحده 
لتوصل على الرق...",283.33,Modern
الرياض,حي العارض,شمال شرقي,375,0,5,5,3,1,1,1,1,0,1,0,0,1,0,0,0,0,0,90000,"فيلا اللا يجار 
في حي العارض 
شمال التمانين
مجلس رجال بدورة 
وصاله 
وومقلط
وغرفه طعام 
ومدخل سياره 
وغرفه سائق 
وكمارات 
العلوي 
خمس غرف نوم 
وصالهوالسطح سطح 
وغرفه خادمه 
مطبخ والمكيفات راكب 
السعر ٩٠ الف ريال دفعتين",240.0,New
الرياض,حي الندى,شمال,260,9,5,5,1,1,1,1,1,0,1,0,1,1,0,1,1,0,0,120000,"للايجار فيلا دوبلكس في حي الندي 
عباره عن 
4غرف نوم منهم 2ماستر ومجلس ومقلط وصاله و5حمام
راكب مطبخ وراكب مكيفات اسبليت وغرفة خادمه وغرفة سايق
وحوش ومسبح ومدخل سياره 
الموقع ممتاز قريبه من جميع الخدمات",461.54,Medium
الرياض,حي الملقا,جنوب,353,3,4,3,2,1,1,0,1,1,1,0,1,0,0,0,1,0,0,140000,"@4tunerealty

للايجار فلل داخل كمباوند بيوت التلال الذكية بحي الملقا
 مدخل خاص ومدخل كراج الدور الارضي مجالس وغرفة خادمة وغرفة غسيل
 الدور العلوي 3 غرف نوم منها واحدة ماستر ومجلس مطل على الحديقة 
مؤثثة بالكامل مع حديقة مشتركة ونادي رياضي ومسبح وساونا...",396.6,Modern
الرياض,حي الملقا,شمال,606,0,4,4,2,0,1,1,1,0,1,0,1,1,1,0,1,1,0,450000,"(( نعتذر للوسطاء ))
فيلا ((مودرن )) 
* الدور الارضي : مجلسين رجال، مقلط، صالة مفتوحة مجلس نسا صاله طعام  ، مطبخ  مستودع 3دورات مياه
* الدور الاول: جناح رئيسي مع دورة مياه وغرفة ملابس، غرفتين نوم بدورة مياه، غرفة نوم بدورة مياه، بوفيه، صالة 
بدروم مسب...",742.57,New
الرياض,حي النرجس,شمال,220,2,3,3,1,1,1,1,1,0,1,0,1,1,0,1,1,0,0,143000,"للإيجار فيلا في كمباوند النرجس
3 غرف نوم 
صالة علوية
صالة استقبال
غرفة خادمة
غرفة سائق 
مدخل سيارة
مكيفات راكبة 
مطبخ راكب 
مسبح مشترك رجالي
نادي رياضي
حراسة امنية 24 ساعة",650.0,Modern
الرياض,حي الملك عبدالله,شرق,200,0,4,4,3,1,1,0,1,1,1,1,1,1,0,0,1,0,0,95000,الفيلا مؤثثة ومفروشة بالكامل,475.0,New
الرياض,حي العارض,شمال,250,0,5,5,1,1,1,0,1,0,0,0,0,1,0,1,1,0,0,80000,"للايجار فيلا دبلكس في موقع ممتاز جدا بالقرب من كمباوند لبنى العليان والمدرسة العالمية الامريكية. الفيلا مكونة من:



######الدور الأرضي######
حوش امامي وحوش صغير خلفي
مجلس
صاله واسعه
مطبخ راكب (يفتح على الصاله وعلى الحوش)

######الدور الثاني######
٤ ...",320.0,New
الرياض,حي الملك عبدالله,شرق,200,0,4,4,3,1,1,0,1,1,1,1,1,1,0,0,1,0,0,95000,الفيلا مؤثثة ومفروشة بالكامل,475.0,New
الرياض,حي الرائد,غرب,750,10,5,5,2,1,1,0,1,0,1,1,1,1,0,0,1,0,0,250000,"للايجار فيلا بحي الرائد مساحة 750م شارع 20 غربي مع حديقة ومسبح (مجدده بالكامل)
تتكون من = مدخل سياره + غرفه سائق مع مطبخ ودوره مياه + حديقه خارجيه + مسبح 
الارضي= مجلس رجال رئيسئ مع اخر فرعي أوبن + مجلس نساء + غرفة لكبار السن + سفره طعام + صاله مفتوح...",333.33,Medium
الرياض,حي العارض,شمال,270,3,4,5,2,1,1,1,1,0,1,1,0,1,0,1,1,0,0,100000,"دبلكس بقراج وغرفة سائق 
حوش امامي 15 متر 
حوش خلفي 10 متر .. 
خيمة.. 
ارضي : مجلس بحمام مقلط صالة كبيرة بحمام ومطبخ .. 
اول : غرفتين ماستر وغرفتين بينهم حمام وصالة .. 
ثاني : غرفة خادمة بحمامها و صالة غسيل سطح كبير و غرفة العاب كبيرة زجاج .. 
صالات ب...",370.37,Modern
الرياض,حي الملك عبدالله,شرق,200,0,3,4,3,1,1,0,1,1,1,1,1,1,1,0,1,0,0,95000,الفيلا مؤثثة ومفروشة,475.0,New
الرياض,حي التعاون,جنوب شرقي,250,0,4,5,1,1,1,1,1,0,1,0,1,0,0,1,1,0,0,130000,"للإيجار   فلل وشقق   بكمباوند في حي التعاون

الموقع ممتاز ومتوفرة جميع الخدمات
يتكون المجمع من 155 وحدة سكنية
 تحتوي على 144 شقة سكنية مكونه من 6 عمائر كل عمارة تتكون من ا ادوار الشقق تبدأ أسعارها من 60,000 إلى 100,000 بحسب اختلاف مساحة الوحدة بالإضا...",520.0,New
الرياض,حي الخزامى,جنوب,250,15,2,3,1,1,1,0,1,0,0,0,0,0,0,0,1,0,0,100000,"فيلا تتكون من صالة + مطبخ + حمام في الدور الارضي
غرفتين + حمامين مع كل غرفة في الدور الاول
غرفة شغالة + مع حمام في الدور الثاني
مطبخ راكب جديد + ثلاجة جديدة + فرن كهربائي جديد
مكيفات جديدة
فيلا داخل مجمع فلل سكنية يوجد مسبح عام ونادي رياضي وحدائق",400.0,Medium
الرياض,حي العزيزية,جنوب غربي,800,20,5,5,4,1,1,1,1,0,1,1,0,1,0,0,1,0,1,80000,سكني + تجاري,100.0,Old
الرياض,حي المدينة الصناعية الجديدة,شمال غربي,800,20,5,5,4,1,1,0,0,0,0,1,0,1,0,0,1,0,0,100000,سكني,125.0,Old
الرياض,حي النزهة,غرب,730,10,5,5,3,1,1,1,1,1,1,0,0,1,0,0,1,0,0,350000,"للإيجار فيلا فاخره دورين عدد ٩ غرف ومكتبين ومطبخين وغرفة حارس وغرفة خادمه وحديقة في حي النزهة بالقرب من مجمع النخيل وبالقرب من مسجد طلال بن عبدالعزيز. 

للتواصل رقم 0569676892",479.45,Medium
الرياض,حي الخزامى,جنوب,400,0,5,5,2,1,1,1,1,0,1,1,1,1,1,0,1,0,0,330000,,825.0,New
الرياض,حي الملقا,شمال,270,2,3,4,2,1,1,0,0,0,0,0,0,0,0,0,1,0,0,140000,"فيلا للأجار 270 م 

 3 غرف نوم مجلس صالة",518.52,Modern
الرياض,حي الملقا,شمال,270,3,3,3,1,1,1,0,1,0,1,0,0,1,0,0,1,1,0,140000,"فيلا للأجار 270 م 
 3 غرف نوم مجلس صالة
الفيلا تشطيب فاخر و مرتب",518.52,Modern
الرياض,حي الملقا,شمال,270,2,3,3,1,1,1,1,1,0,1,0,0,1,0,0,1,0,0,140000,"فيلا للأجار 270 م 
 3 غرف نوم مجلس صالة
الفيلا تشطيب فاخر و مرتب",518.52,Modern
الرياض,حي الندى,شمال شرقي,950,7,5,5,3,1,1,1,1,1,1,1,1,1,1,0,1,1,0,350000,للإيجار فلا بحي الندى مؤثثه,368.42,Medium
الرياض,حي النهضة,شرق,300,15,5,5,5,1,0,0,0,0,0,0,0,0,0,1,0,0,0,50000,فله للاجار حي جدا هادي و راقي، طبعا الفله اكانيه تقسيمها دورين تنفع لعائلتين او اكثر.,166.67,Medium
الرياض,حي العارض,شرق,375,0,5,5,2,1,1,1,1,1,1,1,0,1,0,0,1,0,1,100000,"الوصف
فيلا للايجار مؤثثه شمال الرياض حي العارض..
مساحة  ٣٧٥م شارع ٢٠شرقي 

مكتمله الفيلا بها مطبخ ومكيفات ومجالس مؤثثه بالكامل اثاث جديد 

يوجد غرفة خادمه

يوجد غرفة سايق

يوجد ملحق خارجي

يوجد نت فايبر الياف بصريه لكامل الفيلا

يوجد كميرات 

يوجد غر...",266.67,New
الرياض,حي طويق,شرق,215,2,5,5,2,1,1,0,1,0,0,0,0,0,0,0,1,0,1,90000,,418.6,Modern
الرياض,حي العارض,شرق,375,0,5,5,2,1,1,1,1,1,1,1,0,1,0,0,1,0,1,100000,"الوصف
فيلا للايجار مؤثثه شمال الرياض حي العارض..
مساحة  ٣٧٥م شارع ٢٠شرقي 

مكتمله الفيلا بها مطبخ ومكيفات ومجالس مؤثثه بالكامل اثاث جديد 

يوجد غرفة خادمه

يوجد غرفة سايق

يوجد ملحق خارجي

يوجد نت فايبر الياف بصريه لكامل الفيلا

يوجد كميرات 

يوجد غر...",266.67,New
الرياض,حي العارض,شمال,250,0,5,5,1,1,1,0,1,0,0,0,0,1,0,1,1,0,0,80000,"للايجار فيلا دبلكس في موقع ممتاز جدا بالقرب من كمباوند لبنى العليان والمدرسة العالمية الامريكية. الفيلا مكونة من:



######الدور الأرضي######
حوش امامي وحوش صغير خلفي
مجلس
صاله واسعه
مطبخ راكب (يفتح على الصاله وعلى الحوش)

######الدور الثاني######
٤ ...",320.0,New
الرياض,حي المونسية,شمال,300,0,4,5,1,0,1,1,1,0,0,0,0,1,0,1,1,1,1,80000,"يوجد لدينا مجمع فلل للايجار مساحة 300 شوارع 15 
بدون شقق بناء حديث مودرين 
بحي المونسية الشرقية قريب من الصحابة 
نظام الايجار لانأجر فيلا لوحدها انما الفلل كلها 
نفضل مهندسين او قريبة من هذي الوظائف 
ونفضل الشركات ونفضل العقود لمدة طويلة 
ملاحظة لانؤ...",266.67,New
الرياض,حي الحمراء,غرب,420,10,4,4,1,1,1,1,0,0,0,0,0,0,0,0,1,0,0,130000,للايجار فله بحي. الحمراء الشرقية  420م درج صالة غرفة سائق مدخل. سيارة تحت استقبال فوق 4 غرف  وصالة  السطح. غرفه للشغالة   تحت الصيانة حاليا.   مطبخ. راكب.  130الف  للمشاهدة التواصل واتساب 0556548925,309.52,Medium
الرياض,حي الصحافة,غرب,320,0,5,5,2,1,1,1,1,0,1,0,0,1,0,0,1,0,0,95000,"للايجار فيلا درج صاله بحى الصحافة 
عبارة عن مدخل سيارة حوش واسع 
مجلس رجال ومجلس نساء 
ملقط وصاله مطبخ 
الدور العلوي 
5 غرفه نوم منهم غرفتين نوم ماستر 
وصاله 
السطح غرفه شغاله غرفه غسل 
والسطح واسع 
المطبخ راكبه المكيفات راكبه 
الفيلا مجدي بكامل 
قري...",296.88,New
الرياض,حي الصحافة,شرق,350,6,3,5,2,1,1,1,1,1,1,0,1,1,0,1,1,0,0,135000,"فلة بحي الصحافة المربع الذهبي 
 مفروشة اثاث ممتاز 
مساحة 350م 
يوجد بها 3 غرف نوم 
يوجد صالتين مفتوحه هلى بعض 
يوجد مجلس 
4 حمامات غرفة سائق وغرفة خادمة 
مكيفة بالكامل تكييف اسبليت 
شارع 20 امامها حديقة
140 الف دفعه واحده",385.71,Medium
الرياض,حي العزيزية,شمال,300,5,5,5,1,1,1,0,0,0,1,1,0,0,0,0,0,0,0,50000,"فلة عبارة عن دور ارضي وشقه علوي درج داخلي ::
-الدور عبارة عن٤ غرف ( ملحق بدورة مياه ومجلس ومقلط وصالة ومجلس نساء ودورة مياة ومطبخ )
-الشقة عبارة عن ٤ غرف (ماستر غرفتين ودورة مياه وغرفتين ودورة مياه ودورة مياه للغسيل )
جميع الغرف مكيفة سبلت   والمطبخ ...",166.67,Modern
الرياض,حي الحمراء,شمال,600,0,5,4,2,1,1,1,1,1,1,1,1,1,0,0,1,1,1,270000,"فيلا جديدة موثثه بالكامل فيلا مودرن  تصميم  رائع  
الفيلا بناء شخصي  

الدور الارضي 
مدخل سياره + جلسه خارجيه +  مدخل للنساء  

مجلس للرجال كبير   + مجلس  صغير مع مغاسل للرجال + مقلط مع سفره كبيره + صاله كبيره + مطبخ راكب مع مستودع   مع مسبح مغطي خاص...",450.0,New
الرياض,حي الخليج,شمال,625,4,5,5,3,1,1,0,1,1,1,1,0,1,0,0,1,0,0,120000,"فلة للايجار بتصميم حديث مؤثثة بالكامل ومكيفة 
الدور الارضي (مجلس رجال+صالتين مفتوحة على بعض +مجلس نسائي بتصميم متميز 
الدورالاول(غرفة نوم ماستر+أربع غرف نوم لكل غرفة دورة مياه خاصة .
الدورالاول الثاني(غرفة ماستر +غرفة مع دورة مياة)+مجالس خارجي+مطبخ خ...",192.0,Modern
الرياض,حي النسيم الغربي,غرب,450,0,7,5,3,1,0,0,0,0,0,0,0,0,0,0,0,0,0,70000,"فيلا كامله للايجار 

مرممه نظيفه جدا مكونه من 
3 ادوار كل دور 5 غرف وصاله وحمامين ومطبخ تصلح عزاب لسركه او موسسة


نعتذر لعدم الرد في بعض الاوقات وذالك نظرا لضغط الاتصالات 
في حال عدم الرد يرجى ارسال رساله واتس اب بالطلب 
تمنياتي للجميع بالتوفيق",155.56,New
الرياض,حي العليا,شمال,250,0,1,2,3,1,0,1,1,0,1,1,1,1,0,0,1,0,0,75000,مسبح مشترك مع حديقة صاله كبيرة مدخل سيارة  حديقة  ٣ ماستر روم,300.0,New
الرياض,حي الفيحاء,شمال شرقي,575,21,5,5,2,1,1,1,1,0,1,0,0,0,0,0,1,0,0,65000,"السلام عليكم ورحمة الله وبركاته
للايجار فلة مكونه من
الدور الارضي
 مجلس و مقلط وصاله كبيرة مع غرفه كبار سن ماستر
الدور الاول
5غرف نوم وصاله
السطح غرفتين مع دورت مياة
الفله نظيفة وعلى شارعين
للاستفسار
0551000696",113.04,Old
الرياض,حي الفيحاء,شرق,600,0,5,5,2,1,1,1,1,0,1,1,0,1,0,0,1,0,0,85000,"السلام عليكم ورحمة الله وبركاته
للايجار فله
عمرها 18
مساحه 600 متر
الفلة تفتح شرقيه",141.67,New
الرياض,حي المونسية,جنوب,400,10,5,5,1,0,0,0,1,0,0,0,0,0,0,0,0,0,0,70000,,175.0,Medium
الرياض,حي المونسية,جنوب,265,10,5,5,1,1,1,0,0,0,1,0,0,1,0,1,0,0,0,80000,,301.89,Medium
الرياض,حي العارض,شرق,280,0,6,4,2,1,1,1,1,0,0,0,0,1,0,1,1,0,0,70000,"فله دبلكس  ٢٥٠ م 
جديده
- سطح + غرفة خادمه + غرفة غسيل
دور علوي ٤ غرف ٣ دورات مياه
-دور ارضي : مجلس + غرفة طعام
صاله + ٢ دورات مياه
- غرفة سائق",250.0,New
الرياض,حي العارض,شمال,250,0,5,5,1,1,1,0,1,0,0,0,0,1,0,1,1,0,0,80000,"للايجار فيلا دبلكس في موقع ممتاز جدا بالقرب من كمباوند لبنى العليان والمدرسة العالمية الامريكية. الفيلا مكونة من:



######الدور الأرضي######
حوش امامي وحوش صغير خلفي
مجلس
صاله واسعه
مطبخ راكب (يفتح على الصاله وعلى الحوش)

######الدور الثاني######
٤ ...",320.0,New
الرياض,حي الواحة,جنوب,500,10,5,5,3,1,1,1,1,1,1,1,1,1,1,0,1,0,0,250000,"فيلا للايجار بحي الواحة 
مؤثثة 
بالرياض
‏مساحة الارض ٥٠٠م٢
‏مساحة المباني ١١٠٠م٢
‏يوجد بها بدروم بمساحة ٢٦٠م٢ وبه مسرح منزلي وخيمة داخلية
‏الدور الارضي مساحة ٢٦٠م٢ مكون من مجلسين وصالة طعام وصالة كبيرة في الوسط 
‏الدور الاول ٥ غرف نوم والغرفة الرئيسي...",500.0,Medium
الرياض,حي العارض,شرق,375,3,5,5,2,1,1,1,1,1,1,1,0,1,0,0,1,0,1,140000,"بسم الله مشاء الله تبارك الله 🏖
يوجد لدينا فله فاخر في العارض  🌹
موثثه تاثيث كامل  جديد🌱
📁السباكه كله ممتازه 
📁الكهرب جديد انارات مخفيه
📁درج داخالي
📁يوجد مدخل سياره
📁يوجد حوش
📁يوجد غرفه سايق
📁يوجد غرفه شغاله
📁يوجد غرف كبار سن
📁يوجد مشب
📁...",373.33,Modern
الرياض,حي الخزامى,شمال,330,10,4,5,3,1,1,1,1,0,1,0,0,1,0,0,1,0,0,120000,فله حي الخزامى مودرن موقع مميز بجانب فلل وقصور قريبة من جامعة الملك سعود مميزة الموقع,363.64,Medium
الرياض,حي قرطبة,جنوب,441,6,5,5,4,1,1,1,1,1,1,1,0,1,0,0,0,0,1,130000,"بسم الله مشاء الله ↩     
فيلا للاجار↪      فاخر جد
فيلا درج داخلي ⏬
مطله على ط محمد بن سلمان بقرطبة الغربيه  ❗
⭕مدخل سياره ♾✅
⭕ملحق 
⭕مجلسين رجال متقابلين 
⭕مجلسين نساء متقابلين 
〽️⭕احداها وضع به غرفة كبار سن مؤقته 
⭕مقلط مطبخين متجاورين حوش حديقة خ...",294.78,Medium
الرياض,حي الربيع,شرق,300,9,4,5,2,0,1,0,0,0,0,0,0,1,0,0,0,0,0,60000,"فيلا امام مسجد للايجار
مكونات الفيلا

مجلس رجال
مقلط
صاله
مجلس نساء مفتوح
مدخل سيارة وحوش كبير

٤ غرف نوم وصاله

بدون مكيفات بدون مطبخ


للمعاينه     من ٤.٣٠ الى ٩",200.0,Medium
الرياض,حي قرطبة,جنوب,441,6,5,5,4,1,1,1,1,1,1,1,0,1,0,0,1,0,1,130000,"🏡فيلاء للإيجار حي قرطبه
موقع استراتيجي 📍
درج داخلي
قرطبه الغربيه

الارضي:
مدخل سياره وملحق ومجلسين رجال متقابلين
مجلسين نساء احداها وضع به غرفه لكبار السن
مقلط ومطبخين متجاورين
حوش وحديقة خلفيه

الدور الاول :
غرفه نوم ماستر مع غرفه ملابس ودوره مياه...",294.78,Medium
الرياض,حي الحمراء,شمال,618,7,5,5,1,1,1,1,1,0,1,0,1,1,0,0,1,0,0,150000,"فله للايجار بحي الحمراء الغربيه 
للمفاهمه يرجي التواصل
0533022244",242.72,Medium
الرياض,حي الورود,جنوب,400,21,4,5,2,1,1,1,1,1,1,0,0,1,0,0,1,0,0,80000,"للايجار فيلا مساحة ٤٠٠م شارع ١٢ غربي عمرها فوق ٢٠ سنة مؤثثة مكيفات مطبخ راكبه قريبه من مسجد وحديقة وطريق العروبة
مطلوب فيها ٨٠ الف سنوي",200.0,Old
الرياض,حي القادسية,غرب,375,0,6,1,2,1,1,1,1,1,1,1,1,1,0,0,1,0,1,80000,لتواصل على الرقم 0548907466,213.33,New
الرياض,حي الملك عبدالله,جنوب,300,13,4,5,2,1,1,1,1,0,1,0,0,0,0,0,0,0,0,80000,"للأيجار فيلا 300م 
عدد 4 غرف نوم وصاله واستقبال تحت مدخل سياره غرفة سائق 

الثابتي للعقارات",266.67,Medium
الرياض,حي الروضة,غرب,2000,18,4,4,1,1,0,1,1,0,1,0,1,1,0,0,1,0,0,300000,كومباوند ٥ فلل للايجار يوجد فيه نادي رياضي للمفاهمة ابوعبدالمحسن,150.0,Old
الرياض,حي المهدية,جنوب,370,0,5,5,3,1,1,1,1,0,0,0,0,1,0,1,1,0,1,70000,,189.19,New
الرياض,حي العليا,جنوب,600,10,5,5,2,1,1,1,1,0,1,0,1,1,0,0,0,0,0,110000,يجار فله  الاتصال على هذا رقم 0537053193,183.33,Medium
الرياض,حي الملز,شرق,700,30,7,4,4,1,1,1,1,0,0,1,0,1,0,0,1,0,0,80000,"فيلا للايجار 


لمزيد من التفاصيل 
نرجو التواصل عالرقم

0538698695",114.29,Old
الرياض,حي العارض,شمال,250,0,5,5,1,1,1,0,1,0,0,0,0,1,0,1,1,0,0,80000,"للايجار فيلا دبلكس في موقع ممتاز جدا بالقرب من كمباوند لبنى العليان والمدرسة العالمية الامريكية. الفيلا مكونة من:



######الدور الأرضي######
حوش امامي وحوش صغير خلفي
مجلس
صاله واسعه
مطبخ راكب (يفتح على الصاله وعلى الحوش)

######الدور الثاني######
٤ ...",320.0,New
الرياض,حي الملك فيصل,شرق,450,5,5,5,2,1,1,1,1,0,1,1,0,1,0,0,1,0,0,60000,مكيفات سبلت... مطبخ راكب... غاز مركزي... فضلا التواصل واتس لايوجد صور المعاينه على الطبيعه,133.33,Modern
الرياض,حي القيروان,غرب,320,0,4,3,1,1,0,0,0,0,1,1,0,0,0,0,1,0,0,140000,للإيجار فيلا جديدة بحي القيروان,437.5,New
الرياض,حي الربيع,شمال,350,4,4,5,2,1,1,1,1,0,1,0,0,1,0,0,1,0,0,150000,فيلا  نظيفه جدا  موقع مميز  خلف مدارس المملكه,428.57,Modern
الرياض,حي المحمدية,غرب,750,10,5,5,2,1,1,1,1,0,1,1,0,1,0,0,1,0,0,150000,فيلا  مجدده بالكامل  بالمحمديه,200.0,Medium
الرياض,حي القادسية,غرب,375,0,6,5,2,1,1,1,1,1,1,1,0,1,0,0,1,0,1,80000,لتواصل على الرقم 0548907466,213.33,New
الرياض,حي الواحة,جنوب,500,20,7,5,2,1,1,1,1,0,0,1,0,1,0,0,1,0,0,90000,للايجار فيلا نظيفه بحي الواحة مجلس ومقلط وصالة وصالة طعام وغرفه نساء وملحق خارجي ومدخل سياره  والدور العلوي غرفه ماستر مع حمام وثلاث غرف نوم وصاله علويه والسطح غرفة خادمة وغرفة غسيل,180.0,Old
الرياض,حي المروج,جنوب شرقي,350,14,4,5,1,1,1,0,1,0,0,1,0,1,0,0,1,0,0,100000,"فلة زاوية في حي المروج قريبة من طريق الإمام 
التواصل عن طريق الواتس اب",285.71,Medium
الرياض,حي الوادي,غرب,1200,20,7,5,5,1,1,1,1,1,1,1,0,1,0,1,1,0,1,350000,"للإيجار فلة (600 متر) و استراحة (600 متر)
العمر 20 سنة .. مجددة بالكامل و بحالة ممتازة
يوجد مكيفات جديدة ..

الفلة عبارة عن دبلوكس نظام دور دور شقة
الاستراحة مجالس و غرف


من المالك مباشرة ..

رقم الحارس:

0550548277

( نرحب بالوسطاء وعسى الله يرزق ا...",291.67,Old
الرياض,حي الفلاح,شمال غربي,380,3,5,5,2,0,1,1,1,0,1,0,0,1,0,0,1,0,0,110000,"فيلا للايجار 
مجلس و مقلط و صالتين و اربع غرف نوم و غرفة خادمة و غرفة خادمة و غرفة سائق 
راكبة معظم المكيفات",289.47,Modern
الرياض,حي العريجاء الغربية,شمال غربي,400,36,7,5,5,1,1,0,0,0,0,0,0,1,0,0,0,0,0,50000,مناسب سكن ومكاتب لشركات,125.0,Old
الرياض,حي ظهرة لبن,جنوب,500,0,3,5,3,1,1,1,1,0,0,1,0,1,0,0,0,0,1,50000,"فيلا جديده دور أرضي للايجار

التواصل على الرقم 
٠٥٥٤٤٤٤٨٣٦",100.0,New
الرياض,حي العارض,شمال,250,0,5,5,1,1,1,0,1,0,0,0,0,1,0,1,1,0,0,80000,"للايجار فيلا دبلكس في موقع ممتاز جدا بالقرب من كمباوند لبنى العليان والمدرسة العالمية الامريكية. الفيلا مكونة من:



######الدور الأرضي######
حوش امامي وحوش صغير خلفي
مجلس
صاله واسعه
مطبخ راكب (يفتح على الصاله وعلى الحوش)

######الدور الثاني######
٤ ...",320.0,New
الرياض,حي الملك فهد,شرق,400,20,3,4,2,1,0,0,0,0,1,0,0,0,0,0,1,0,0,110000,,275.0,Old
الرياض,حي الملقا,شرق,255,0,3,2,2,1,1,1,1,0,1,0,0,1,0,0,1,0,0,130000,"فيلا سكنية للأجار تشطيبات فاخرة 
على شور",509.8,New
الرياض,حي الرفيعة,غرب,450,0,5,5,2,1,0,0,1,0,1,0,0,0,0,0,0,0,0,75000,"عدد 2 فلة في حي الرفيعة جديدة راكب فيها مكيفات مطابخ سخانات داخل مجع سكني خاص 
قريبة من مستشفى الملك فيصل التخصصي ومستشفى الدارة والديوان الملكي 
75 الف للفلة الواحدة",166.67,New
الرياض,حي المعيزلة,غرب,360,0,5,5,4,1,1,0,1,0,0,0,0,1,0,0,0,0,0,90000,"فيلا للايجار دور ارضي. و٢ شقه موقع ممتاز جدا
وبتو للجميع 🌹الإيجار لن يحدد
إيجار الدور الأرضي
او الشقق لن
يحدد سيتم تحديد
الإيجار لاحقا",250.0,New
الرياض,حي جرير,3 شوارع,1652,20,6,5,3,1,1,1,1,0,1,0,0,1,1,0,1,0,0,350000,ثلاثه مليون وتص,211.86,Old
الرياض,حي الملقا,شمال,260,0,4,4,2,0,1,0,0,0,0,0,0,1,0,1,1,0,0,100000,فيلا دبلكس متصل للايجار شغل مودرن مدخل سياره وحوش مجلس بدورة مياه مقلط صاله وغرفة كبار سن ودورة مياه ومطبخ الدور الاول ثلاث غرف نوم منها واحده ماستر وغرفتين بينها دورة مياه حي فاخر وقريب من جميع الخدمات وايضا من جميع الطرق الرئيسية والمداخل والمخارج ...,384.62,New
الرياض,حي الرمال,جنوب,325,0,4,5,1,0,0,0,0,0,0,0,0,0,0,0,1,0,0,60000,للأجار فله بحي الخنيني تفصيل ممتاز,184.62,New
الرياض,حي بدر,غرب,280,5,7,4,4,1,1,0,0,0,1,0,0,1,0,1,1,0,0,50000,"فيلا درج صالة مع ملحق علوي وسطح 
المحلق العلوي / 
غرفتين ومطبخ و صالة ودورة مياه وسطح 
الفيلا عبارة عن : 
4 غرف نوم - مجلس - مقلط - صالة ومطبخ 
4 دورات مياه اعزكم الله  
للصامل السعر قابل للتفاوض 
نرجو مراعاة وقت الاتصال .
والدفع على دفعتين .
ادراة ا...",178.57,Modern
الرياض,حي العليا,شمال,300,0,5,4,3,1,1,0,1,0,0,1,0,1,0,1,1,0,0,90000,"نظيف جميع المرافق بجانبك الاتصال ب الرقم لمشاهدة الفلا

‭055 891 3797‬   الحارس",300.0,New
الرياض,حي قرطبة,جنوب,441,6,5,5,4,1,1,1,1,1,1,1,0,1,0,0,1,0,0,130000,"فيلا مؤثثه بالكامل 
درج داخلي مطله على ط محمد بن سلمان بقرطبة الغربيه  
مدخل سياره ملحق مجلسين رجال متقابلين مجلسين نساء متقابلين احداها وضع به غرفة كبار سن مؤقته 
مقلط مطبخين متجاورين حوش حديقة خلفيه 
 الثاني غرفه ماستر مع غرفة ملابس مع حمام جاكوزي ...",294.78,Medium
الرياض,حي المنصورة,شمال,500,7,5,3,2,1,0,1,1,0,0,1,0,1,0,0,0,0,1,70000,"لليجار التواصل معا الرقم 0581771210


قابل لي المفوضه 

لي المزيد من المعلومات تواصل معناء",140.0,Medium
الرياض,حي الرمال,جنوب,400,0,4,5,1,0,1,1,1,0,0,1,0,0,0,0,0,0,0,52000,للأجار فله درج داخلي مساحه٤٠٠م بالرمال الذهبي تشطيب فاخر جديده,130.0,New
الرياض,حي ام الحمام الغربي,3 شوارع,1600,28,5,5,2,1,1,1,1,0,0,1,0,1,0,0,0,0,0,250000,"فيلا للايجار مع استراحة مساحتها 1600 م  على 3 شوارع عمرها 28 سنة يوجد بها 24 غرفه ويوجد بالاستراحة غرف ودورات مياه لايوجد بها مكيفات ولا مطابخ 

قريبة جدا  من مجمع ذا ووك بأم الحمام الغربية خلف محطة الدريس.",156.25,Old
الرياض,حي العارض,شمال,250,0,5,5,1,1,1,0,1,0,0,0,0,1,0,1,1,0,0,80000,"للايجار فيلا دبلكس في موقع ممتاز جدا بالقرب من كمباوند لبنى العليان والمدرسة العالمية الامريكية. الفيلا مكونة من:



######الدور الأرضي######
حوش امامي وحوش صغير خلفي
مجلس
صاله واسعه
مطبخ راكب (يفتح على الصاله وعلى الحوش)

######الدور الثاني######
٤ ...",320.0,New
الرياض,حي الخليج,جنوب,1000,18,6,3,2,1,0,0,0,0,0,0,0,0,0,0,0,0,0,50000,"دور ارضي للايجار بحي الخليج 
0557822668",50.0,Old
الرياض,حي الياسمين,شمال,250,6,3,3,1,1,0,0,1,0,1,0,0,0,0,1,1,0,0,65000,"مطبخ راكب
محتاج كاش 65 الف المالك",260.0,Medium
الرياض,حي الصحافة,غرب,230,7,5,5,2,1,1,1,1,0,1,1,0,1,0,0,1,0,0,80000,للايجار فيلا كاملاً ب 80000 ريال,347.83,Medium
الرياض,حي العارض,شرق,350,0,4,4,1,1,1,1,1,0,0,0,0,1,0,0,0,0,0,100000,فله بحي النرجس بلقرب من طريق ابو بكر تبعد 500 متر تقريبا للايجار جديده لم تسكن بعد مساحتها 350 متر مربع واجهه بعرض 18 متر الدور الارضي مجلس وصاله وغرفة خادمه بالمطبخ وغرفة سائق ومدخل سياره الدور الثاني صاله واربع غرف بدورة مياه كلن منها بدون سطح السط...,285.71,New
الرياض,حي الياسمين,غرب,300,5,5,5,1,1,0,1,1,0,0,1,0,1,0,0,1,0,0,100000,"فيلا للايجار بالياسمين 
الموقع غير دقيق 
للتواصل وتس اب 
0534520870",333.33,Modern
الرياض,حي العارض,جنوب,300,3,3,4,1,0,1,1,1,0,0,0,0,1,0,0,1,0,0,52000,فيلا مدخل سياره غرفة سايق مجلس مقلط صاله مجلس نساء مطبخ وغرفة بدورة مياه وثلاث غرف نوم واحده ماستر سطح بغرفة غسيل وشغاله,173.33,Modern
الرياض,حي الفيحاء,جنوب شرقي,484,17,5,5,2,1,0,1,0,1,0,0,0,1,0,0,0,0,1,60000,فيلا دور ونصف نظيفه مكيفات راكب ومطبخ,123.97,Old
الرياض,حي العليا,غرب,600,7,6,5,4,1,1,1,1,0,1,0,0,1,0,0,1,0,0,200000,فلة نظيفة جدا مكيفة والمطبخ جاهز  ومجدده البويات والارضيات,333.33,Medium
الرياض,حي العريجاء الوسطى,شمال,400,25,5,4,2,1,1,0,0,0,0,0,0,1,0,0,0,0,1,50000,فيلا للايجار دور ارضي مكون من ٤ غرف ومجلس ومقلط و٤ دورات مياه والدور الثاني ٣ غرف وصاله كبيره و٢ دورات مياه مع سطح غرفه ودوره مياه,125.0,Old
الرياض,حي الرمال,جنوب,400,0,4,5,1,1,1,1,1,0,0,0,0,0,0,0,1,0,0,60000,"للأجار فله درج داخلي جديده
ملاحظه يوجد عدد٢ شقه متاحه للأجار في الفله",150.0,New
الرياض,حي النرجس,جنوب,250,5,5,5,3,1,1,1,1,1,1,0,0,1,0,1,1,0,0,120000,فيلا مؤثثه بوضعيه ممتازه مع جاكوزي,480.0,Modern
الرياض,حي العقيق,جنوب,812,20,7,5,2,1,1,1,1,0,0,0,0,0,0,0,0,0,0,150000,"للايجار
فيلا قديمة بالعقيق 
على شارع تجاري 36م
طولها على شارع التحليه 25م
تنفع للروضه او مكاتب داخليه 
812م
الايجار 150000 ريال",184.73,Old
الرياض,حي العليا,غرب,1200,15,6,5,4,1,1,1,1,0,1,1,0,1,1,0,1,0,1,300000,"فلة بمساحة 600 واستراحة بجانب البيت بملحق ومجلس وقبو ومطبخ وغرفتين نوم و4 مواقف سيارات
**للبيع او الايجار**

0504344559",250.0,Medium
الرياض,حي الملك فهد,جنوب,520,25,5,5,2,1,1,0,1,0,1,1,0,0,0,0,1,0,0,100000,"سعر الايجار قابل للتفاوض
الرجاء التواصل هاتفيا
(رسائل الموقع غير مفعلة)",192.31,Old
الرياض,حي الرمال,شرق,300,0,6,4,2,1,1,0,1,0,0,1,0,1,0,0,1,0,1,130000,"فله مساحه ٣٠٠م
شارعين 
٢٠ شرقي 
١٠ غربي 
الموقع / خلف السوق الشعبي",433.33,New
الرياض,حي العارض,شمال,250,0,5,5,1,1,1,0,1,0,0,0,0,1,0,1,1,0,0,80000,"للايجار فيلا دبلكس في موقع ممتاز جدا بالقرب من كمباوند لبنى العليان والمدرسة العالمية الامريكية. الفيلا مكونة من:



######الدور الأرضي######
حوش امامي وحوش صغير خلفي
مجلس
صاله واسعه
مطبخ راكب (يفتح على الصاله وعلى الحوش)

######الدور الثاني######
٤ ...",320.0,New
الرياض,حي اليرموك,شمال,320,0,5,5,2,1,1,1,1,0,0,0,0,1,0,0,1,0,1,75000,"فله درج داخلي جديد مودرن لايجار 

تواصل واتس 




مكتب اصول الاختيار",234.38,New
الرياض,حي العارض,جنوب غربي,432,0,3,5,2,1,1,1,1,0,1,1,0,1,0,0,1,0,0,120000,"فيلا + شقتين للايجار مساحه ٤٣٢ م زاويه شارع ٢٠ غربي جنوبي ١٥ 

الفيلا جديده وبناء شخصي مكيفات ومطبخ راكبه  

بجانب جامع كبير  وجميع الخدمات متوفره 

خدمة الالياف البصريه متوفره



الفيلا ١٢٠ الف 
الشقه الدور الاول ٢٥ الف 
الدور الثاني ٢٧ الف مع سطح خ...",277.78,New
الرياض,حي السليمانية,جنوب شرقي,400,20,7,5,2,1,1,1,1,1,0,0,0,0,0,0,0,0,0,120000,فلة للبيع او للايجار بجوار وزارة الدفاع خلف جامع العز بالسليمانيه,300.0,Old
الرياض,حي الخزامى,شمال,350,11,4,4,2,1,0,1,0,0,1,0,0,1,0,0,1,0,0,160000,"فلة تشطيب راقي حي الخزامى 
ايجار ٠٥٦٤٨٠٠٠٤٨",457.14,Medium
الرياض,حي الاسكان,غرب,250,0,3,3,2,1,1,0,1,0,0,0,0,1,0,1,1,0,1,800000,"دبلكسات متلاصقة
مساحات من ٢٤٥ الى ٢٥٠ م 
شارع ١٥ امام حديقة 
حي طيبة 
غربيات
واجهات حجر 
الدور الاول :
مشب 
مجلس رجال 
حمام رجال 
مقلط رجال 
صالة 
مجلس نساء 
حمام نساء مطبخ 
درج داخلي 
الدور الثاني :
صاله 
٤ غرف نوم ماستر بحماماتها
الدور الثالث : 
غر...",3200.0,New
الرياض,حي العارض,شرق,375,3,3,4,2,1,1,1,1,1,1,1,0,1,0,0,1,0,0,200000,"فيلا شمال الرياض بحي العارض مؤثثه اثاث جديد راقي جداً للايجار مساحتها٣٧٥ شارع عشرين شرقي
 عدد غرف النوم فوق ثلاث غرف وتحت غرفة كبار سن وصاله مفتوحه على غرفة نسا ومجلس رجال ومقلط رجال والسطح مظلل بالكامل به ثيل صناعي ومكيف صحراوي وغرفة خادمه وغرفة غسي...",533.33,Modern
الرياض,حي العزيزية,جنوب,270,0,5,5,4,1,1,0,0,0,1,1,0,0,0,1,1,0,0,80000,"# لاصحاب الذوق الرفيع #
انا صاحب الفله والفله جديده حي العزيزيه شارع نهاوند بعد أسواق قريش باتجاه الجنوب قبل الكبرى على جهة اليسار عباره عن 28 فله تبع التميمي رقم فلتي 17 متميزه عن باقي الفلل بوضوح قريبه من المدارس الأبناء والبنات لم تستخدم يوجد بها ...",296.3,New
الرياض,حي الملقا,شمال,400,4,4,4,2,1,1,1,1,0,1,0,0,1,0,1,1,0,0,100000,"للايجار فيلا درج صاله في ملقا الحمدان 
الدور الاراضي مجلس ومقلط حمام ومطبخ راكب 
غرفة سائق وغرفة شغاله كبير 
حوش كبير 
مكيفات اسبلت وتكيف مخفي 
الدور العلوي 
اربع غرفة نوم وحمامين 
جميع الغرفه اللي في الفيلا موحود فيها تكيفات من اسبلت ومخفي 
للايجار ...",250.0,Modern
الرياض,حي الصحافة,جنوب,375,10,7,5,2,1,1,1,1,1,1,1,0,1,0,0,1,0,1,120000,"فله للايجار في الصحافه 
الايجار بيكون بنظام برنامج الايجار 
غير السعي وغير الضريبه وغير موقع عقار",320.0,Medium
الرياض,حي طويق,شمال شرقي,400,32,7,4,3,1,1,0,0,0,0,0,0,1,0,0,0,0,0,85000,دور وشقتبن لعمالة الشركات,212.5,Old
الرياض,حي السليمانية,غرب,250,4,3,3,2,1,1,1,1,0,1,0,1,0,0,0,1,0,0,80000,فيلا صاله ومطبخ وحمام ٣غرف نوم و٣ حمامات  وصاله مع غرفة للشغاله وغرفة سائق  داخل مجمع مع حديقة ومسبح وصاله حفلات,320.0,Modern
الرياض,حي الياسمين,غرب,350,6,4,5,1,1,1,1,1,0,1,0,0,1,0,0,1,0,0,95000,"للايجار فيلا  درج  صاله  فى حى الصحافه

مكيفات ومطبخ راكب 

مدخل سيارة  وغرفه سائق  

مجلس  ومقلط  وصاله  ومجلس نساء  ومطبخ

فوق  اربع غرف  نوم  كل  غرفه  بحمام

والسطح  غرفه شغاله  وغرفه  غسيل",271.43,Medium
جدة,حي الروضة,شرق,100,0,2,3,1,1,0,0,0,0,1,0,1,0,0,0,1,0,0,62000,"مجمع ديار الروضة السكني يوفر لك جميع الخدمات والمرافق التي تحتاجها العائلة الصغيرة
-مسبح للكبار والصغار 
-نادي رياضي
-جلسات خاصة بالعوائل داخلية
-جلسات خاصة للعوائل خارجية
-كاميرات وامن ٢٤ ساعة 
-موقف خاص لكل وحدة سكنية خارجية",620.0,New
جدة,حي طيبة,شرق,312,0,5,5,3,1,1,1,1,0,0,1,0,1,0,0,1,0,0,70000,"للايجار فيلا دبلكس منفصلة مخطط الرحيلي_مدينة_طيبة_قريب من طريق المدينة_جدة
المساحة: 312 متر
شارع: 16م
واجهة : شرقية
يوجد غرفة سائق بحمام
يوجد غرفة خادمة
جوش
نوافذ شتر
❁تتكون الفيلا من دورين وملحق
✿الدور الارضي
-مجلسين رجال ونساء بمدخلين ، مجلط ،صالة ...",224.36,New
جدة,حي المحمدية,شرق,375,9,5,5,2,1,0,1,1,0,0,1,1,1,0,0,1,0,0,100000,"فيلا للإيجار  خلف شركة المياة حي المحمدية_مدينة جدة
●التفاصيل :
الموقع : حي المحمدية
مساحة الارض : 375 م
مساحة المباني : 500 م
شارع : 16 م
●المواصفات :
تتكون الفيلا من دورين وملحق
• الدور الارضي : 
يتكون من صالونين الاول يستوعب 15 شخص. والاخر صالون ك...",266.67,Medium
جدة,حي المحمدية,شمال,250,8,4,3,2,1,1,1,1,0,1,1,0,1,0,0,1,0,0,130000,"فيلا اداريه مكونه من ٣ غرف نوم دورين وملحق موقف سياره 
غرفه حارس مقسمه غرف",520.0,Medium
جدة,حي الزمرد,شمال,312,2,5,5,3,1,1,1,1,0,0,1,0,1,0,1,0,1,1,55000,"فله للايجار في ابحر الشماليه نظام ادوار
الدور الارضي عباره عن مجلس رجال وصاله ومطبخ ودورتين مياه غرفتين نوم الدور الثاني اربع غرف نوم وصاله ومطبخ وثلاث دورات مياه الملحق عباره عن مجلس وصاله غرفة شغاله دورتين مياه    مطلوب ٥٥الف",176.28,Modern
جدة,حي الياقوت,شرق,280,0,5,5,3,1,1,1,0,0,0,1,1,1,0,1,1,0,0,50000,فلل للايجار في ابحر الشماليه مخطط الياقوت دورين وملحق خمسه غرف وثلاث صالات ومطبخ خمس دورات مياه مطلوب ٥٠الف,178.57,New
جدة,حي البساتين,جنوب,350,10,4,4,2,0,1,1,1,0,1,1,0,1,0,1,0,0,0,90000,"فيلا في حي البساتين دوبلكس
مكونه من اربعه غرف نوم ووحده منهم ماستر 
مجلسين رجال وحريم بس الحمامات وصاله ومطبخ 
موقف سيارة غرفه حارس 
ملحق غرفه خادمه غرفه غسيل بداخل الحمام وسطح،،",257.14,Medium
جدة,حي الزهراء,جنوب,400,7,5,5,3,1,1,1,1,0,1,1,1,1,1,1,1,0,0,160000,"فيلا للايجار بحى الزهراء مكيفات ومطبخ راكب 
6 غرف نوم ويوجد مسبح",400.0,Medium
جدة,حي الزمرد,غرب,300,0,5,4,2,1,0,0,1,1,1,0,1,1,0,0,1,0,0,220000,"فيلا للايجار السنوي  في شاطىء البردايس 

6 غرف نوم 
5 دورة مياه 
مسبح مشترك 
صالون كبير 
اطلاله على البحر مباشرة",733.33,New
جدة,حي الشاطئ,شمال,300,0,5,5,2,1,1,1,1,1,1,1,1,1,0,1,1,0,0,250000,,833.33,New
جدة,حي البساتين,شرق,650,20,7,5,2,1,1,1,1,0,1,1,0,0,0,0,1,0,0,120000,فيلا  للإيجار تنفع مكتب محاما او سكني مباشره على طريق المدينة,184.62,Old
جدة,حي الياقوت,غرب,250,0,5,5,3,1,1,1,1,0,1,1,0,1,0,1,1,1,0,80000,فيلا للايجار بحى الياقوت مكيفات ومصعد ومطبخ راكب فيلا مفصوله,320.0,New
جدة,حي الروضة,شرق,110,0,2,3,1,1,0,0,1,0,1,0,0,0,0,0,1,0,0,65000,"مجمع ديار الروضة السكني يوفر لك جميع الخدمات والمرافق التي تحتاجها العائلة الصغيرة
-مسبح للكبار والصغار 
-نادي رياضي
-جلسات خاصة بالعوائل داخلية
-جلسات خاصة للعوائل خارجية
-كاميرات وامن ٢٤ ساعة 
-موقف خاص لكل وحدة سكنية خارجية",590.91,New
جدة,حي الروضة,جنوب غربي,250,10,4,4,2,1,0,0,0,0,1,1,0,1,0,1,1,0,0,100000,"فيلا للايجار في حي الروضه
مكونه من اربعه غرف نوم بس الحمامات وواحده ماستر مطبخ سيرفيس وصاله معيشه 
الدور الارضي 
مجلسين رجال ومجلس حريم حمامين وصاله مسبح مطبخ راكب
الملحق 
غرفه خادمه غرفه غسيل وسطح",400.0,Medium
جدة,حي الشاطئ,شمال شرقي,300,2,3,4,1,1,1,0,1,1,1,0,1,1,0,1,1,0,0,150000,"فلل فندقيه فاخره للايجار الشهري والسنوي بجانب الردسي مول وتبعد ٢٠٠ م عن الكورنيش
الفيلا دورين مكونه من ٣ غرف نوم وصالتين و ٤ حمامات ومطبخ كيير وغرفة خادمه 
نادي صحي متكامل للموقع كامل
الايجار الشهري / ٢٥٠٠٠ الف مع الخدمات بدون كهرباء
الايجار السنوي /...",500.0,Modern
جدة,حي الزهراء,غرب,350,4,6,5,1,1,1,1,1,0,1,0,0,1,0,1,1,0,0,160000,"الدور الأرضي
مجلس 
مطبخ 
دورة مياه 
غرفة سائق + دورة مياه 
مواقف داخل الحوش يتسع 3 سيارات 

الدور الأول 
4 غرف 
3 دورات مياه 

الدور الثاني 
غرفة غسيل 
مخزن 
غرفة بدورة مياه 
سطح كبير 
 
ملاحظة يوجد تأمين مسترد 15٪؜ من قيمة العقد",457.14,Modern
جدة,حي ابحر الشمالية,شمال,170,0,2,3,1,1,1,0,0,0,1,1,1,1,0,1,1,0,0,50000,"فلل جديدة  للايجار دبلكس غرفتين نوم  داخل المجمع أبحر
رمز العقار : مجمع الفيلا 7060
الملكية مناسبة لإسكان الموظفين - الأسرة التنفيذية والمعيشة الفردية
عمر العقار الجديدة لم تستخدم 
مساحة  الفيلا  SQM 170
الإجمالي للوحدات 38
نوع الوحدات  3 غرف نوم و غ...",294.12,New
جدة,حي الزهراء,جنوب,380,5,4,4,4,1,1,1,1,0,1,1,0,1,0,1,1,0,1,185000,"فيلا فاخرة مودرن مجهزة بالكامل  للايجار  الشاطي  قرب من شارع أمير سلطان  
دورين و ملحق و حوش خارجي
مساحة الارض ٣٧٠ م
مساحة المباني ٥٨٠ م 
إجمالي  4 غرف  نوم  4 صوالين مجلس  نساء و مجلس رجال
و مطبخ
مميزات 
موافق سيارات
حوش داخلي
مكيفات  سبليت   
موافق...",486.84,Modern
جدة,حي البساتين,شمال,300,13,4,5,3,1,1,1,1,0,1,1,1,1,0,1,1,0,0,80000,فيلا للايجار فى البساتين,266.67,Medium
جدة,حي الزهراء,غرب,350,5,7,5,1,1,1,1,1,0,1,0,0,1,0,1,1,0,0,160000,"دوبليكس سوبر لوكس للإيجار بحي الزهراء 

الدور الأرضي 
صالة استقبال 
مجلس 
دورة مياه
مطبخ  + مخزن 
حديقة خلفية 
غرفة سائق + دورة مياه 
موقف سيارة داخلي

الدور الأول 
٣ غرف نوم كل غرفة بحمام مستقل 
مجلس
مطبخ خدمة سيرفس


الدور الثاني 
غرفة ساونا 
غرفة ...",457.14,Modern
جدة,حي الزهراء,شمال,450,6,4,3,3,1,1,1,0,0,1,1,0,1,0,1,1,0,1,220000,"فيلا دبلكس مكتبية للإيجار  مع مجمع الأعمال بحي الشاطيء- جدة. 
موقع مميز قريب بطريق الملك عبدالعزيز و شارع الامير سلطان . 
التفاصيل: 
3 أدوار
12 مكاتب
4 دورات مياه
مكيفات  سبليت 
مواقف خاصة 
المكتب  مجهزة  بالكامل 

https://youtu.be/D-o2_gJDbj4

الايج...",488.89,Medium
جدة,حي المحمدية,غرب,350,0,5,4,3,1,1,1,1,0,1,1,0,1,0,1,1,0,0,100000,"فيلا جديدة دبلكس على شارع مزدوج   للاجار  مساحة الارض ٣٠٠م   حي المحمدية
مساحة البناء ٥٢٠ م 
مجهزة بالكامل سكني او تنفع اي نشاط تجاري 
موقع مميزة قريب من شارع امير سلطان  مع طريق المدينة  
التفاصيل:
دورين  و ملحق  
5 غرف نوم 
٦ دورات مياه
مكيفات   سب...",285.71,New
جدة,حي الخالدية,شرق,600,0,5,5,5,1,1,1,1,0,1,1,1,1,1,0,1,1,0,350000,فيلا فاخرة وتشطيب فاخر جدآ ( التكييف مركزي ) وعدد (8) اسبيليت،مكونه من مدخلين شرقي وجنوبي عدد 3 مواقف داخلية،البدروم مكون من غرفة سائق وغرفة حارس مع دورة مياه ، غرفتين للخادمات مع غرفه للغسيل ودورتين مياه للخادمات ، صاله كبيرة(جيم )الدور الأرضي صالتي...,583.33,New
جدة,حي الروضة,شمال,300,3,4,4,2,1,1,1,1,0,1,1,0,1,0,1,1,0,0,145000,"فيلا فاخرة مودرن مجهزة بالكامل  للايجار الروضة  قرب من شارع سعود الفيصل   
دورين و ملحق و حوش خارجي
مساحة الارض 320 م
مساحة المباني 470 م 
إجمالي  4 غرف  نوم  4 صوالين مجلس  نساء و مجلس رجال
و مطبخ
مميزات 
موافق سيارات
حوش داخلي
مكيفات سبليت  
موافق ...",483.33,Modern
جدة,حي الروضة,جنوب شرقي,350,5,3,4,4,1,1,1,1,0,1,1,0,1,0,1,0,0,0,130000,"فيلا دبلكس  ركنية  واسع مجدد بالكامل  للإيجار جدة حي الروضة 
مساحة الفيلا   م 450
مساحة الارض 300  م 
الحالة جاهزة للسكن
عدد الطوابق – دورين و ملحق  وبدروم 
تكيف  سبليت و مركزي مطبخ راكب 
 عددالمدخل 1
عدد  غرف نوم 3
عدد الصالة  4
عدد الحمامات 5
خزانة...",371.43,Modern
جدة,حي النعيم,شرق,375,7,5,5,3,1,1,1,1,0,1,1,0,0,0,1,1,0,0,90000,"فيلا للايجار في النعيم مكيفات ومطبخ راكب 

للتواصل ٠٥٣٨٨٧٣٨٢٠",240.0,Medium
جدة,حي الروضة,جنوب شرقي,400,3,6,5,4,1,1,1,1,0,1,0,0,0,0,0,1,1,0,120000,"شقة سكنية ( بنتهاوس )  نظام فيلا دورين ومدخلين مكونه من 

الدور الاول ( مجلس وصاله ومقلط وغرفتين ) ودورتين مياة ومطبخ جاهز  .

الدور الثاني ( أربع غرف نوم ماستر ) وصالة .

وغرفة خادمة .

للتواصل / نمر بن فهد 
0555558895",300.0,Modern
جدة,حي النعيم,شرق,480,7,5,4,3,1,1,1,1,0,1,1,0,1,0,1,1,0,0,130000,"فيلا دبلكس واسع     للايجار  حي المحمدية
مساحة البناء 480 م 
مجهزة بالكامل سكني او تنفع اي نشاط تجاري 
موقع مميزة قريب من مع طريق المدينة  
التفاصيل:
دورين  و ملحق   و بدروم 
5 غرف نوم 
٦ دورات مياه
مكيفات  ومطلبخ جاهزة    
مواقف خارجي   و داخلي 
ملا...",270.83,Medium
جدة,حي طيبة,غرب,645,0,5,5,4,1,1,1,1,0,0,1,0,1,0,0,1,1,0,180000,"فيلا جديدة
للايجار او الاستثمار السعر: 180,000 ريال
سعر البيع : 3 مليون ريال
فيلا راقية تطل على جهة الغرب تقاطع امتداد شارع البنك الاهلي مع امتداد شارع الرحيلي الرئيسي، حي طيبة، جدة
شارع 32م مع إنارة والمسجد على بعد خطوات
مساحة الارض 645م , مساحة الب...",279.07,New
جدة,حي الفلاح,غرب,312,5,7,5,2,0,1,1,0,0,0,1,0,1,0,1,1,0,0,60000,‏فلة للإيجار في حي الفلاح درج داخلي دورين وملحق,192.31,Modern
جدة,حي الخالدية,غرب,750,11,5,5,3,0,1,1,1,0,0,1,0,1,0,0,1,1,0,150000,فيلا خللايجار حى الخالديه مكونه من دورين وملحق ويوجد مصعد,200.0,Medium
جدة,حي البساتين,شرق,300,7,3,4,3,1,1,1,1,1,1,1,1,1,0,1,1,0,0,115000,"فيلا فاخرة للايجار  مؤثثة بالكامل حي البساتين 
رمز العقار 1031
عمر العقار  5 سنوات مجدد بالكامل 
يقع الفيلا   بمدينة شمال جدة حي البساتين قرين من مطار 
دورين والملحق و بدروم 
مساحة الارض 340 م 
مساحة المباني 490 م 
الدور الأرضي
صالة -صالون (مجلس)مطبخ...",383.33,Medium
جدة,حي الشاطئ,شمال,250,0,3,3,2,1,1,0,1,0,1,0,1,1,0,1,0,0,0,100000,"Compound Villas FOR RENT 3BHK Al Shati Cornish 	
3BDR-Duplex Villa in compound with facilities 		
Property CODE #	Compound Villa 	5036
Property TYPE 	Compound Villa 	
Location City 	Al Shati  	
Land Mark	Near Cornish 
Property Suitable for 	Family Li...",400.0,New
جدة,حي الشاطئ,شمال غربي,650,9,5,5,5,1,1,1,1,0,1,1,1,1,0,0,1,1,1,320000,"فيلا مستقلة فاخرة ركنية     للايجار  الشاطي ٠٣  قرب من كورنيش 
دورين و ملحق و حوش خارجي
مساحة الارض ٦٥٠ م
مساحة المباني ٥٥٠ م 
إجمالي  ٥ غرف  نوم  ٣ صوالين مجلس  نساء و مجلس رجال
و مطبخ
مميزات 
 مسبح 
مصعد 
موافق سيارات
حوش داخلي
مكيفات مركزي 
فيلا م...",492.31,Medium
جدة,حي الشاطئ,جنوب,400,7,4,5,4,1,1,1,1,0,1,1,1,1,0,1,1,0,0,160000,"فيلا دوبليكس حي الشاطئ ٦ موقع مميز  منطقة راقية مدخل مباشر على طريق الملك عبدالعزيز وفيصل بن فهد بالقرب من الكورنيش  وريد سي مول على شارع رئيسي ٣٦ متر شارع مزدوج    مساحة الارض ٣٣٠ م  
مساحة البناء ٥٢٠ م 
للإيجار السنوي
مجهزة بالكامل سكني او تنفع اي ...",400.0,Medium
جدة,حي الشاطئ,شرق,550,0,5,5,3,1,1,1,1,0,1,1,0,1,0,1,1,1,0,180000,"فيلا دوبلكس حديثة للايجار مع مكيفات ومطبخ  5 غرف نوم حي الشاطي بجدة 
رمز  العقار  فيلا 7033
مناسبة للأسر المعيشية
عمر العقار  جديدة 
مساحة الفيلا  م  550
مساحة الأرض م  300
الحالة جاهزة للسكنة
مميزات العقار 
عدد الطوابق 3
رقم المدخل 1
عدد غرف نوم 5
ر...",327.27,New
جدة,حي الشاطئ,شمال شرقي,600,0,4,5,2,1,1,1,1,1,1,1,1,1,0,0,1,0,1,195000,"فيلا مستقلة حي الشاطي١جديدة مع مسبح تنفع للتجارة و السكن
للايجار بالتكييفات ومطبخ كبير في الدور الارضي + حمامين ضيوف + ٢ صالون و سفرة
4 غرف نوم بحماماتها و بغرف ملابس 
غرفة شغالة وحمام و غرفة غسيل وغرفه العاب للاطفال
ايجار سنوي 195  الف + التأمين
يمك...",325.0,New
جدة,حي النهضة,شرق,320,10,4,4,2,1,1,1,0,0,1,0,0,1,0,1,1,0,0,85000,"فيلا للايجار مكونه من دورين 

الدور الارضي صوالين

والدور الاول اربع غرف نوم وصاله 

للتواصل ٠٥٣٨٨٧٣٨٢٠",265.62,Medium
جدة,حي البساتين,غرب,330,7,5,5,2,1,0,1,1,0,1,0,0,1,0,1,1,0,0,100000,"غرف النوم 5 
عدد الصوالين 2 
عدد الصالات 2 
مطبخ راكب 
عدد الحمامات 6 
لايوجد مصعد 
يوجد غرفة خادمه 
يوجد غرفة سائق 
لايوجد مسبح 
للمعاينه والفديو 0537060050 امين ثابت 
 رقم الحارس / 0591356848
     مكتب الصفقه الأساسيه للعقارات 
              وسيط ع...",303.03,Medium
جدة,حي الربوة,شمال شرقي,790,21,5,5,5,1,1,1,1,0,1,1,0,1,0,0,1,0,1,160000,"فيلا مستقلة  سكني  مساحة 790 م   للايجار  حي الربوة على الشارع تجاري    قرب من شارع الستين 
دورين و ملحق و حوش خارجي
تنفع فنصليات و الشركات الخاصة 
مساحة الارض 790 م
مساحة المباني 650 م 
إجمالي  6 غرف  نوم  ٣ صوالين مجلس  نساء و مجلس رجال
و مطبخ
مميز...",202.53,Old
جدة,حي النهضة,غرب,450,3,5,5,4,0,1,1,1,0,1,1,0,1,0,0,1,0,0,160000,"فيلا فاخرة مودرن مجهزة بالكامل  للايجار  حي النهضة  قرب من شارع أمير سلطان  
دورين و ملحق و حوش خارجي
مساحة الارض 400 م
مساحة المباني 450م 
إجمالي  5 غرف  نوم  4 صوالين مجلس  نساء و مجلس رجال
و مطبخ
مميزات 
موافق سيارات
حوش داخلي
مكيفات مركزي  و سبلي...",355.56,Modern
جدة,حي النعيم,غرب,300,3,3,5,4,1,1,1,1,0,1,1,1,0,1,1,1,0,0,120000,"فيلا فاخرة للايجار جدة حي المسرة مع مسبح و بدر وم  
رمز العقار 29022020
عمر العقار  مجدد 3 سنوات 
يقع الفيلا   بمدينة شمال جدة حي المسرة 
دورين والملحق و بدروم 
مساحة الارض 300 م 
مساحة المباني 350 م 
الدور الأرضي
صالة -صالون (مجلس)مطبخ داخلي وخارجي ...",400.0,Modern
جدة,حي النعيم,جنوب,450,2,5,5,5,1,1,1,1,0,1,1,0,1,1,0,1,1,0,175000,"فيلا فاخرة   منفصلة  مجهزة بالكامل  للايجار  حي  المسرة    
دورين و ملحق و حوش خارجي
مساحة الارض 450 م
مساحة المباني 550 م 
إجمالي  5 غرف  نوم  5 صوالين مجلس  نساء و مجلس رجال
و مطبخ
مميزات 
موافق سيارات
مصعد 
حوش داخلي
مكيفات مركزي 
موافق خاص 
فيلا ...",388.89,Modern
جدة,حي المحمدية,غرب,330,0,5,5,3,1,0,1,1,0,1,1,0,1,0,1,1,0,0,100000,"فيلا للايجار في حي المحمديه واجهه غربيه الفيلا جديده اول ساكن 
الدور الاوضي مجالس وصوالين 
الدور الاول اربع غرف نوم وصاله وسييرفس 
الملحق صاله وغرفتين نوم وغسيل 
مطلوب 100.000 ريال 
مكيفات اسبليت جديده 
للاستفسار ابو فراس 
0556776044",303.03,New
جدة,حي المحمدية,شمال,500,6,4,4,4,1,1,1,1,0,1,1,1,1,0,0,1,1,1,135000,"فيلا مستقلة  ركنية على شارعين  للاجار  مساحة 550 م   حي المحمدية 
مجهزة بالكامل سكني او تنفع اي نشاط تجاري 
موقع مميزة قريب من شارع امير سلطان  مع طريق المدينة  
التفاصيل:
دورين  و ملحق بالمصعد والمسبح 
5 غرف نوم 
12 غرف اجمالي 
٥ دورات مياه
مكيفات  ...",270.0,Medium
جدة,حي المحمدية,شرق,300,5,3,4,4,1,1,1,1,1,1,1,1,1,0,1,1,0,0,115000,"فيلا فاخرة للايجار  مؤثثة بالكامل حي البساتين 
رمز العقار 1031
عمر العقار  5 سنوات مجدد بالكامل 
يقع الفيلا   بمدينة شمال جدة حي البساتين قرين من مطار 
دورين والملحق و بدروم 
مساحة الارض 340 م 
مساحة المباني 490 م 
الدور الأرضي
صالة -صالون (مجلس)مطبخ...",383.33,Modern
جدة,حي النهضة,شمال,360,8,4,5,2,1,1,1,1,0,1,1,1,0,0,1,1,0,0,60000,"فيلا للايجار بمسبح

مكونه من دورين وملحق 

الدور الارضي صوالين وسفره 

الدور الاول ثلاث غرف نوم 

الملحق غرفه شغاله وغرفه نوم 

سعر الفيلا60,000
للتواصل ٠٥٣٨٨٧٣٨٢٠",166.67,Medium
جدة,حي الشاطئ,غرب,280,5,4,5,4,1,0,1,1,1,1,1,1,1,0,1,1,0,0,180000,"فيلا فاخرة مودرن مؤثثة بالكامل  للايجار  حي الشاطي 03  
دورين و ملحق و حوش خارجي و مسبح 
مساحة الارض 280 م
مساحة المباني 450 م 
إجمالي  4 غرف  نوم  5 صوالين مجلس  نساء و مجلس رجال
و مطبخ
مميزات 
موافق سيارات
مسبح خاص 
حوش داخلي
مكيفات مركزي 
موافق خا...",642.86,Modern
جدة,حي الزهراء,جنوب,400,6,5,5,3,1,1,1,1,0,1,1,1,1,1,1,1,0,0,160000,فيلا للايجار حى الزهراء مكونه من دورين وملحق ويوجد مطبخ ومكيفات ومسبح,400.0,Medium
جدة,حي الزهراء,شمال,350,6,5,5,4,1,1,1,1,0,1,1,1,1,0,1,1,0,0,160000,فيلا للايجار بحى الزهراء بدروم كبير,457.14,Medium
جدة,حي الياقوت,غرب,280,5,3,5,3,1,1,1,1,0,1,0,1,1,0,1,1,0,0,50000,"💥💥💥
فيلا دوبلكس للايجار 

مكيفات راكبه 
مسبح فايبر راكب 
٢ صالون وصاله 
٣ غرف نوم في الدور الاول
١ غرفه في الملحق 
ملحق صغير للشغاله 
يوجد ملحق في السطح 
حي اللؤلؤ 

في حال الرغبه بالمعاينه ارجو تحديد موعد مسبق التنسيق 
متوفر فيلا واحده فقط",178.57,Modern
جدة,حي النعيم,شرق,300,9,3,4,4,1,0,1,1,0,1,1,0,0,0,1,1,0,0,85000,"Renovated Duplex  Villa for Rent Jeddah Al Massarah 
3BDR Rooms   Duplex Villa WITH AC AND KITCHEN 
Property CODE 	Villa 	6092
Location City 	Massarah Naeem
Property Suitable for 	Family Living 	
Property Age 	 less than 10 Years Fully Renovated 	
Bu...",283.33,Medium
جدة,حي النعيم,غرب,375,9,4,5,2,1,1,1,1,0,1,1,0,1,0,1,1,0,0,80000,"فيلا للايجار مكيفات مركزي

مكونه من دورين وملحق 
الدور الارضي صوالين وسفره 

الدور الاول اربع غرف نوم وصاله

الملحق غرفه شغاله وغسيل وسطح 

للتواصل ٠٥٣٨٨٧٣٨٢٠",213.33,Medium
جدة,حي الشاطئ,جنوب,700,15,5,5,3,1,1,1,1,0,1,1,0,1,1,0,1,0,0,250000,"💥💥💥
فيلا راقيه كلاسك للإيجار 
 بناء شخصي 
حي الشاطئ ١٠٠م من الكورنيش الجديد 
مدخل مباشر من طريق الملك اهدا شريحه في حي الشاطئ
للإيجار بدون الأثاث 
بدروم غير منخفض بنظام حديث عباره عن صالون رجال و مكتب بمدخل خاص
نظام الفيلا نظام مفتوح بدرج جانبي مر...",357.14,Medium
جدة,حي المحمدية,جنوب غربي,550,9,5,4,3,1,1,1,1,0,1,1,1,1,0,0,1,1,0,135000,"فيلا مستقلة  ركنية على شارعين  للاجار  مساحة 550 م   حي المحمدية 
مجهزة بالكامل سكني او تنفع اي نشاط تجاري 
موقع مميزة قريب من شارع امير سلطان  مع طريق المدينة  
التفاصيل:
دورين  و ملحق بالمصعد والمسبح 
5 غرف نوم 
12 غرف اجمالي 
٥ دورات مياه
مكيفات  ...",245.45,Medium
جدة,حي الزهراء,غرب,400,6,7,5,3,1,1,1,1,0,1,1,1,1,1,1,1,0,1,160000,‏فيلا للإيجار في حي الزهراء مكونه من دورين ‏و ملحق وبدروم مكيفات ومطبخ ومسبح,400.0,Medium
جدة,حي البساتين,جنوب,300,8,3,3,2,1,1,1,1,0,0,1,0,0,0,1,1,0,0,85000,"فيلا للإيجار في البساتين 3 مجددتين بالكامل
المساحة 300 م لكل فيلا
مكونة من صوالين إستقبال في الدور الأرضي مدخلين.
موقف يتسع لثلاث سيارات.
الدور الأول 3 غرف نوم (غرفة نوم رئيسيه بحمام مستقل) وغرفتين نوم بحمام مشترك.
الملحق غرفة نوم + غرفة شغاله.
يزجد ...",283.33,Medium
جدة,حي الصالحية,جنوب,400,3,5,5,4,1,1,1,1,0,1,1,0,1,0,1,0,0,0,80000,"فيلا دبلكس  وسيع جدا  5 غرف نوم مجهزة  بالكامل للإيجار جدة حي الحمدانية 
مساحة  الفيلا  م 550
مساحة الارض 350 م 
غالبية المستأجرين من عائلة المحترفين
الحالة جاهزة للسكن
عدد الطوابق – دورين و ملحق  (ادوار منفص )
عددالمدخل 2
عدد  غرف نوم 5
رقم الصالة  ...",200.0,Modern
جدة,حي النعيم,جنوب,560,0,5,5,3,1,1,1,1,0,1,1,0,1,0,0,1,1,0,180000,"فيلا فاخرة 5 غرف نوم للايجار حي المسرة 
فيلا دوبلكس جديدة مع تكييف مركزي ومطبخ و مصعد وبدروم 
كود العقار VILLA 7800
نوع العقار فيلا
خلف جرير مول
الملكية مناسبة للمعيشة العائلية
عمر العقار جديد
مساحة البناء SQM 550
مساحة الأرض SQM 360
غالبية المستأجري...",321.43,New
جدة,حي المحمدية,غرب,350,0,5,5,3,1,1,1,1,0,1,1,0,1,0,1,1,0,0,110000,"فيلا جديدة دبلكس على شارع مزدوج   للايجار  مساحة الارض ٣٠٠م   حي المحمدية
مساحة البناء ٥٢٠ م 
مجهزة بالكامل سكني او تنفع اي نشاط تجاري 
موقع مميزة قريب من شارع امير سلطان  مع طريق المدينة  
التفاصيل:
دورين  و ملحق  
5 غرف نوم 
٦ دورات مياه
مكيفات  تم...",314.29,New
جدة,حي النعيم,غرب,375,7,4,5,2,1,1,1,1,0,0,1,1,0,0,1,1,0,0,100000,"فيلا للايجار امام حديقه 

للتواصل ٠٥٣٨٨٧٣٨٢٠",266.67,Medium
جدة,حي الخالدية,شمال,250,5,3,4,2,1,1,1,1,0,1,0,1,1,0,1,1,0,0,90000,"فيلا دوبلكس  3 غرف نوم داخلي مجمع  سكني حي الخالدية 
رمز  العقار فيلا كمبوند فيلا 5045
خاصية مناسبة للعائلة
عمر العقار 5
مساحة الفيلا 250 م 
غالبية المستأجرين  عوائل 
الحالة جاهزة للسكن 
مميزات العقار 
عدد الطوابق 2
رقم المدخل 1
عدد  غرف نوم 3
عدد صا...",360.0,Modern
جدة,حي طيبة,شمال,600,8,6,5,2,1,1,1,1,0,0,1,0,1,0,0,1,0,0,85000,فيلا كبيره مكونه من صوالين و٤غرف نوم و ٣ حمامات وملحق غرفتين ومطبخ وغرفه عسيل وسطح,141.67,Medium
جدة,حي المحمدية,غرب,450,5,5,5,3,1,1,1,1,0,1,1,1,1,0,1,1,1,0,140000,"فيلا دوبلكس واسعة للايجار جدة حي المحمدية 5 خلف اوتو مول 
عمر العقار  مجدد 6 سنوات 
دورين والملحق 
مساحة الارض 360 م 
مساحة المباني 450 م 
يوجد موقف سيارة داخل الكراج
مسبح
تكيف راكب 
الفيلا قريبة من جميع الخدمات 
ايجار سنوي 140الف
تأمين مسترد و رسوم ...",311.11,Modern
جدة,حي المنتزه,شمال,500,0,5,4,2,1,0,0,0,0,0,0,0,1,0,0,0,0,0,140000,فيلا للايجار بحي الأجواد على شارع تجاري  تصلح سكن شركه او مدرسه  روضة تتكون من ١٢ غرفه,280.0,New
جدة,حي ابحر الشمالية,شمال,185,0,3,3,1,1,1,0,0,0,1,1,1,1,0,1,1,0,0,60000,"فلل جديدة  للايجار دبلكس 3 غرف نوم  داخل المجمع أبحر
رمز العقار : مجمع الفيلا 7060
الملكية مناسبة لإسكان الموظفين - الأسرة التنفيذية والمعيشة الفردية
عمر العقار الجديدة لم تستخدم 
مساحة  الفيلا  SQM 185
الإجمالي للوحدات 38
نوع الوحدات  3 غرف نوم و غر...",324.32,New
جدة,حي الروضة,جنوب,500,10,5,5,4,1,1,1,1,0,1,0,1,1,0,0,1,0,0,250000,"فيلا  مستقلة  مجهزة بالكامل  للايجار  حي الروضة قريب من شارع صاري و حي الروضة    
دورين و ملحق و حوش خارجي
مساحة الارض 480 م
مساحة المباني 500 م 
إجمالي  5 غرف  نوم  5 صوالين مجلس  نساء و مجلس رجال
و مطبخ
مميزات 
موافق سيارات
مصعد 
حوش داخلي
مكيفات م...",500.0,Medium
جدة,حي الروضة,شمال شرقي,300,2,6,5,2,1,1,1,1,0,0,0,0,1,0,1,0,1,0,110000,"فيلا روف فاخره للإيجار
عدد غرف النوم 4 ماستر 
عدد الصوالين 2 
عدد الصالات 2 
غرفة طعام 
مطبخ غير راكب 
يوجد غرفة خادمه 
يوجد غرفة سائق 
ارضيات الفيلا رخام 
يوجد كاميرات مراقبه خارج العماره 
نظام الابواب الخارجيه كرت دخول نظام أمني
للمعاينه والإستفسار...",366.67,Modern
جدة,حي الشاطئ,غرب,250,6,6,5,3,1,1,1,1,0,0,0,1,1,0,1,1,1,0,150000,"فيلا دبلكس بحي الشاطئ ( دوبلكس ) مكونة من :
الدور الأرضي مجلسين وصاله وسفرة ودورتين مياة ومطبخ بالأضافة الى حوش ومسبح .
الدور ألأول  3 غرف نوم منها وحده كبيرة ( ماستر ) وغرفتين بحمام . 
بالاضافة الى غرفة خادمة وغرفة غسيل وغرفة سائق 
(العقار شبه جديد ...",600.0,Medium
جدة,حي المحمدية,جنوب,360,0,5,5,3,1,1,1,1,0,0,1,0,1,0,1,1,0,0,110000,"فيلا للايجار جديده 

للتواصل ٠٥٣٨٨٧٣٨٢٠",305.56,New
جدة,حي الياقوت,غرب,230,0,4,5,3,1,1,1,1,0,1,1,0,1,0,1,1,1,0,80000,فيلا مميزه جديده بمصعد,347.83,New
جدة,حي المحمدية,غرب,250,0,5,5,2,1,1,1,1,0,1,1,1,1,0,1,1,1,0,200000,"فيلا للإيجار بحي المحمدية
فاخرة وموقع مميز 
حوش امامي وخلفي مع حديقة
تشطيب مميز
الدور الارضي
مدخل -حمام مع مغسله-مجلس-صاله-غرفة جلوس مطله على المسبح-مطبخ
الدور الاور
٤ غرف بمنافعها-صاله
الدور الثاني الملحق
غرفة غسيل وخادمه-جناح خاص-صاله مطله على البل...",800.0,New
جدة,حي الصفا,شمال,450,18,5,5,3,1,0,1,1,0,0,1,0,1,0,0,1,0,0,65000,"فيلا تجارية للايجار بحي الصفا، كانت معهد نسائي 
تصلح مكاتب تجارية او مقر شركة أو أي نشاط تجاري
موقع مميز جدا جدا بحي الصفا ظهيرة شارع الأربعين مقابل قايدة حرس الحدود

دور وملحق

الدور عبارة ٦ غرف منها غرف واسعة جدا تزيد مساحتها عن ٨ف٨ م وصالة ومطبخ و...",144.44,Old
جدة,حي الشاطئ,جنوب,600,17,5,4,2,1,1,1,1,0,1,0,1,1,0,1,1,0,0,120000,"للتواصل / أبوعبدالعزيز 
٠٥٦٦٦٣٠١١٨",200.0,Old
جدة,حي المحمدية,شمال,300,4,7,5,3,1,1,1,1,0,1,1,1,1,0,1,1,0,0,150000,للايجار فيلا جديدة مكيفة في جدة المحمدية خلف اية مول امام مسجد و مركز الحي على حرف T مكونة دورين و ملحق الدور الارضي غرفة سائق + مدخلين + حوش + مسبح + صالون رجال + غرفة طعام + صالون نساء + صاله + مطبخ + دورتين مياه + درج داخلي + الدور الاول = صاله + ...,500.0,Modern
جدة,حي ابحر الشمالية,غرب,375,5,6,5,4,1,1,1,1,0,1,1,1,1,0,0,1,1,0,180000,"ڤيلا مودرن في مخطط البندر 
الڤيلا مكونة من 3 أدوار مشطبة تشطيب فاخر .
الدور الأول: 3 صالات كبيرة ، مطبخ رئيسي كبير ، حمامين بمغاسل ضيوف . 
الدور الثاني : جناح غرفة نوم رئيسية ، 3 غرف نوم لكل غرفة حمام داخلها ، صالة ، مطبخ خدمة  . 
الدور الثالث غرفتين...",480.0,Modern
جدة,حي الصفا,شرق,1200,12,7,5,3,0,1,1,1,0,0,1,0,1,0,0,1,1,0,200000,للتواصل / أبوعبدالعزيز.  ٠٥٦٦٦٣٠١١٨,166.67,Medium
جدة,حي الشاطئ,غرب,600,10,7,5,5,1,1,1,1,1,1,1,0,1,1,1,1,0,0,150000,"بسم الله الرحمن الرحيم 
فله مستقله بحي الشاطي تبعد عن الكورنيش ٥ دقايق بالسياره .
الدور الارضي
صالتين + حمام + مطبخ 
الدور الاول 
صالتين + ٤ غرف + مستودع 
الدور الثاني
٨ غرف + ٣ حمامات + مطبخ 
٤ مستودعات او غرف دواليب 
الدور الثالث
غرفتين + حمام + مس...",250.0,Medium
جدة,حي البساتين,شرق,375,6,6,4,3,1,1,1,1,0,1,1,1,1,0,1,1,0,0,120000,"فيلا للأيجار السنوي في حي البساتين ( 3 ) 
دورين وملحق موقع مميز 
شارع 25 م 
مطلوب 120000 الف 
يوجد صور

     مجموعة إعمار العقاريه 
نسعد بخدمتكم.  ورضاكم غايتنا",320.0,Medium
جدة,حي ابحر الشمالية,شمال,250,2,5,5,3,1,1,1,1,0,1,1,0,1,0,1,1,0,0,75000,"موقع مميز جداً حي الشاطي الذهبي قريب جدا من هايبر بنده وعابر القارات ومطاعم ومحلات  واجهة شمالية عدد الغرف ٧ غرف نوم ٢ صوالين ضيوف ٢ صالات ٦ حمامات وغرفة حارس
السعر قابل للتفاوض",300.0,Modern
جدة,حي الربوة,شمال,1000,14,5,5,3,1,1,1,1,0,1,1,1,1,0,0,1,0,0,100000,"فيلا مستقلة للايجار مساحة ١٠٠٠ متر بحي الربوة جوار مسجد التركي وظهيرة طريق المكرونة ((الثمانين)) على شارع ٢٥م

دورين وملحق ١٢ غرف و٣ صالات و٨ حمامات __سطح كامل __حوش +مسبح +غرفة حراسة +مدخل سيارة

تكييف مركزي مجهز

تصلح مقر شركة أو أي نشاط تجاري كونه...",100.0,Medium
جدة,حي الصوارى,غرب,250,2,5,4,3,1,1,1,0,0,0,1,0,0,0,0,1,0,0,50000,"لليجار فيلا 
تتكون من الدورالارضي 
مجلس رجال ودوره مياه ومجلس حريم وصاله ومطبخ ودوره مياه 
ومدخلين 
الدورالاول ٣غرف وصاله كل عرفه بدوره مياه 

الملحق غرفتين وصاله وسطوح و٢دوره مياه كل غرفه بدوره مياه 

مطلوب ٥٠الف سنوي 

الفيلا مستخدمه عمرها سنتين. ن...",200.0,Modern
جدة,حي الياقوت,شرق,312,2,7,5,3,1,1,1,1,0,0,1,1,1,0,1,1,0,0,70000,"فيلاتشطيب لوكس لليجار  جده ابحرالشماليه حي الياقوت  قريب الخدمات وشارع مسفلت 
تتكون الدورارضي مجس رجال ردوره مياه ومجلس حريم ودوره مياه 
وصاله كبيره ومطبخ  وغرفت حارس وسطوح مدخل سياره
الفلا مدخلين 
الدورالاول 
تتكون اربع عرص وصاله ومطبخ صغير و٣دورات ...",224.36,Modern
جدة,حي النهضة,شمال,1042,0,7,4,2,1,1,1,1,0,0,1,0,1,0,0,1,0,1,140000,فيلا توب روف فخمة تصميم عصري جذاب واجهة شمالية مفتوحة موقع متميز تجهيزات متكاملة تشطيب فاخر رائعة بمعنى الكلمة للسكن دور أول سكني مع كامل الغرف ودور ثاني تراس منطقة جلوس مجهرة ومنطقة للشوي وغرف تخزين مع مساحات متوفرة,134.36,New
جدة,حي ابحر الجنوبية,غرب,350,2,5,5,3,1,1,1,1,0,0,1,1,1,0,1,0,0,0,120000,فيلا راقيه بمسبح وصوالين كبيره و٤ غرف نوم وملحق لمزيد من التفاصيل يسعدني تواصلك,342.86,Modern
جدة,حي المرجان,شمال,240,4,4,5,2,1,1,1,1,0,1,1,1,1,0,0,0,0,0,150000,"ملحق : غرفه غسيل + غرفه شغاله + مخزن + سطحين .
الدور الاول : أربع غرف نوم كل غرفه بدوره مياه . 
الدور الارضي : مجلس رجال بدوره مياه + مجلس نساء بدوره مياه + مدخل خاص للرجال و مدخل خاص للنساء+ مطبخ .
مسبح + غرفه خاصه للحارس + موقف سيارات واحد اوتوماتي...",625.0,Modern
جدة,حي الشاطئ,3 شوارع,300,4,3,3,2,1,0,0,0,1,1,0,1,1,0,1,1,0,0,180000,"فلل فندقيه فاخره للايجار الشهري والسنوي جنوب دوار الكرة الارضيه وتبعد ٢٠٠ م عن الكورنيش
الفيلا دورين مكونه من ٣ غرف نوم وصالتين و ٣ حمامات ومطبخ كيير وغرفة خادمه ومسبح خاص داخل الفيلا ومسبح اخر مشترك
الايجار الشهري / ٣٠٠٠٠ الف مع الخدمات بدون كهرباء
...",600.0,Modern
جدة,حي الزمرد,شمال,1350,6,5,5,4,1,1,1,1,1,1,1,1,1,1,1,1,0,1,200000,"الفله  دورين وملحق الارضي  استقبال  
غرفة استقبال منفصلة بحمام ٧×٨
صالة كبيرة 10×10 
مطبخ 4×8
درج داخلي
الدور الثاني  ثلاث غرف نوم  بحمامات خاصة بكل غرفة 
مطبخ صغير  
صالتان 
صالة 5×6
صالة 10×12
🛁 حمام 
الملحق غرفة نوم بحمام خاص 
صالة 5×6
صالة 10×12...",148.15,Medium
جدة,حي الزمرد,شمال,400,8,4,4,1,1,1,1,1,1,1,1,1,1,1,0,1,0,0,200000,"* عروض سنويه مستعجلة جميع العروض دفعة واحدة وعقد سنه :
1_ متوفرة 3 فيلال موزعة بين شاطي الازرق &amp; الشاطئ الذهبي.
المبلغ المطلوب في الفيلا الوحده 200الف دفعة واحدة سنوي.
والعرض الثاني لنفس الفيلال 3 بشرط مره وحده تستاجرها 525الف دفعة واحدة ريال سنو...",500.0,Medium
جدة,حي الروضة,شمال,280,10,5,5,1,1,1,0,1,0,1,1,1,1,0,0,0,0,0,100000,"فيلا للايجار بحي الروضة مكونة من صاله وصالونين وثلاث غرف نوم ومطبخ راكب وتكييف مركزي راكب و دواليب راكبه وغرفة خادمة وملحق يوجد به مجلس كبير وسطح 
كما يوجد مسبح و حوش 
ملاحظة ** الفيلا داخل كامباوند**
للتواصل 0596674699
سعر الايجار ١٠٠ الف ريال قابل ...",357.14,Medium
جدة,حي البساتين,غرب,750,13,5,5,5,1,1,1,1,0,1,1,0,1,0,0,1,0,0,160000,للايجار فيلا في البساتين 3 مساحة  750 متر تتكون من دورين وملحق 25 غرفة مطلوب 160الف قابل التفاوض,213.33,Medium
جدة,حي طيبة,شرق,400,3,5,3,2,0,1,1,1,0,0,1,1,1,0,1,1,0,0,50000,"للايجار فيلا في حي طيبه الرحيلي المساحه 400متر 
الدورالارضي مجلسين وصاله و2 حمام ومطبخ 
ومسبح  والدور الثاني 4غرف و3 حمام  الملحق 
2غرفه و1حمام   موقف سياره الفيلا عمرها 3سنوات
قيمه الايجار 50الف للتواصل  شركة برج العقار 
ج/ 0550415111",125.0,Modern
جدة,حي المحمدية,شمال,356,10,5,5,3,1,1,1,1,0,1,1,1,0,0,0,1,0,0,125000,"*المساحه ٣٥٥.٦ متر*

*الواجهه شماليه شارع عرض ١٦ متر*


*تتكون من التالي*

*الدور الارضي:-*

٢ مجالس - صاله - مطبخ - مخزن

*الدور الاول:-*

غرفه نوم ماستر - غرفتين نوم بحمام مشترك - غرفه خارجيه - صاله - حمام

*الملحق:-*

غرفه خادمه - غرفه غسيل - حمام...",351.12,Medium
جدة,حي الرحمانية,غرب,300,0,5,5,3,1,1,1,0,0,0,1,0,1,0,0,1,1,0,65000,فيلا درج داخلي حي السعيد الحزاء(ا) دورين وملحق للايجار,216.67,New
جدة,حي السامر,شمال,400,0,7,4,2,1,1,1,0,0,0,1,0,1,0,1,0,0,0,70000,"فيلا للايجار بحي السامر جديدة 

مفصولة شقتين 

كل شقة مكونة من 
4 غرف و صالة كبيرة و 2 حمامات و مطبخ 
حوش كبير و غرفة سواق و سطوح كامل 
و مواقف خارجية 
قريبة منها المدارس و الخدمات و المطاعم
الفيلا جديدة لم تسكن من قبل 

للاستفسار او التواصل 

(( 054...",175.0,New
جدة,حي النعيم,شمال,350,7,5,4,2,1,1,1,1,1,1,0,0,1,0,1,1,0,0,110000,"بسم الله الرحمن الرحيم 
فله مستقله فاخره للايجار بحي النعيم تتكون من/
٥ غرف نوم ( ٣ غرف نوم ماستر) 
صالتين كبيره 
ومطبخ راكب فاخر 
و٤ دورات مياه من غير حمام غرفه السائق والخادمه 



ميزات للفله /
مطبخ راكب 
حديقه بالحوش 
مكيفات راكبه  ( ٨ مكيفات سبيل...",314.29,Medium
جدة,حي الزهراء,جنوب,375,5,5,5,3,1,1,1,1,0,1,1,1,1,1,1,1,0,0,170000,"فيلا دوبلكس للايجار بي حي الزهراء 
دورين وملحق وبيسمنت
البدروم-
صاله كبيره وغرفتين +حمام غرفه غسيل
الدور الارضي:
٢مجالس +سفره طعام+٢حمام +مطبخ راكب
الدور الاول :
٤ غرف نوم +صاله كبيره+٣حمامات+مطبخ سيرفس
الملحق:
حناج.غرفه +صاله + حمام+مطبخ سيرفس

مطبخ...",453.33,Modern
جدة,حي الياقوت,شرق,400,2,5,5,4,1,1,1,0,0,1,1,1,1,0,1,1,0,0,65000,"بسم الله الرحمن الرحيم 
فله فاخره للايجار بحي الياقوت تتكون من /
الدور الاول /
٢ صاله + مجلس + حمامين + مطبخ رئيسي راكب + ٤ مكيف لكامل الدور********* 
الدور الثاني / 
٣ غرف نوم ماستر + صاله + مطبخ صغير ( بوفيه )+ ٤ مكيف سبيلت لكامل الدور ******** 
ال...",162.5,Modern
جدة,حي الزمرد,غرب,125,0,3,3,2,1,1,1,1,0,1,0,1,0,0,0,1,0,0,100000,"يوجد لدينا كبائن على البحر في منتزه عائلي جديد
 
الفيلل الكبيرة 

270 متر مربع متكونه من دورين 
- 3 غرف - 2 صالة - 3 حمام - تراس - مكيفات سبلت راكبه 
موقف سيارة لكل فيلا 

الفيلا الصغيرة : 

125 متر مربع متكونه من دورين 
- 2 غرفه - 2 حمام - 1 صالة - ...",800.0,New
جدة,حي الاندلس,غرب,514,15,7,4,5,1,1,1,1,0,0,0,0,1,0,0,1,0,0,180000,"فيلا مساحتها تقريبا 500  

مكونة من 3 ادوار 

سكني او مكتب 

حاليا يتم تجديدها",350.19,Medium
جدة,حي الرياض,جنوب,492,5,5,5,4,1,1,1,1,1,1,1,1,1,0,0,1,0,0,55000,,111.79,Modern
جدة,حي السلامة,شمال شرقي,211,0,3,3,3,1,1,1,1,0,1,1,1,1,0,0,1,0,0,135000,"فيلا كبيرة فاخرة في كمباوند راقي (الأمل كمباوند) في حي السلامة شارع الامير سلطان 
للتواصل وإرسال الكتالوج الرجاء الإتصال على 0500545569",639.81,New
جدة,حي المحمدية,غرب,640,5,5,5,3,1,1,1,1,0,1,1,1,1,0,0,1,1,0,370000,"فيلا فاخرة وراقية في ضاحية البساتين (حي المحمدية) للايجار في مدينة جدة.

المساحة: 640 متر مربع.

تتكون من: غرفتين جلوس، صالة، غرفة طعام
5 غرف رئيسية وغرفتين في الملحق كإستراحة أو ديوانية
تكييف مركزي، مصعد، مسبح،كراج لسيارتين.

الفيلا مجددة بالكامل، ب...",578.12,Modern
جدة,حي ابحر الشمالية,غرب,300,3,4,4,3,1,1,0,1,0,0,1,1,1,0,1,1,0,0,180000,"بسم الله الرحمن الرحيم 
فيلا مستقله فاخره للايجار ( منتجع ) / 
مكونه من ٣ ادوار 
مجلس + صالتين 
٤ غرف نوم ( غرفه ماستر)
٤ دورات مياه 
غرفه خادمه 



( درج داخلي ؛
يوجد مسبح + سطح 
موقع استراتيجي على الشاطي 

الايجار السنوي / ١٨٠ الف ريال 

لمزيد من ا...",600.0,Modern
جدة,حي ابحر الجنوبية,4 شوارع,440,0,5,5,2,1,1,1,1,0,1,1,1,0,0,0,1,0,0,175000,"Beautiful Villa in a compound Available for rent in Al Basateen area - Obhur Al Janubiyah. 
Size: 440 Sqm. 
The Villa has 5 bedrooms and 5 bathrooms, 1 large saloon & 1 family room, fully equipped kitchen, maid\\\'s room with bathroom, storage room a...",397.73,New
جدة,حي الشاطئ,جنوب,380,8,7,5,2,1,1,1,1,0,1,1,0,0,0,0,1,0,0,100000,"فيلا دبلكس دورين وملحق الدور الرضي صالونين ومطبخ غرفة سفره غرفة طعام دورتان مياه الدورابثاني خمس غرف وغثلتث دورات مياه وصاله الملحق غرفتين ومطبخ وحمام 
مكيفات راكبه. المطلوب 100 الف. السنه",263.16,Medium
جدة,حي ابحر الجنوبية,جنوب,160,5,3,4,2,1,1,0,1,0,1,0,1,1,0,0,0,0,0,95000,"يوجد فلتين بنفس المواصفات شرق دوار عالم البحار

للتفاصيل التواصل مع الاخ عبدالله يحي
0548163436
من الساعة 9ص الى 5 مساءا",593.75,Modern
جدة,حي الصالحية,شمال,430,0,6,3,1,1,1,1,1,0,1,0,0,1,0,0,0,0,0,60000,السلام عليكم ،، فله للأيجار منفصله في حي الصالحيه مكونه من (٣ غرف نوم بدون مكيف ) ( ومجلس مكيف راكب ) (صاله كبيره مكيف راكب ) (مجلس رجال بدون مكيف ) ( مجلس نساء بدون مكيف ) غرفه غساله وغرفه خادمه ) ( موجود مطبخ وايضا مكيف راكب ) ( غرفه سائق ) ( قراج ...,139.53,New
جدة,حي الرحاب,3 شوارع,587,11,5,5,2,1,1,1,1,0,0,1,0,1,0,0,0,0,0,130000,"فيلا للايجار بحي الرحاب دورين وملحق على 3 شوارع مقابل حديقة ومسجد مساحتها 587 م عمرها 11 سنة تقريبا
الموقع غير دقيق
المطلوب 130 الف قابل للتفاوض
جوال 0550892991",221.47,Medium
جدة,حي الزمرد,شرق,280,0,6,4,3,1,1,0,1,1,1,1,0,1,0,1,1,0,1,50000,"للايجار فيلا دوبلكس بمخطط المروج قريب لخليج سلمان الفيلا جديده ولم تسكن بعد ومفروشه فرش جديد ومكيفات راكبه 
 مطلوب في السنه 50000 الف ريال للتفاهم 0548025557   محمد سلمان",178.57,New
جدة,حي الصوارى,شمال,350,0,5,5,2,1,1,1,1,0,1,1,0,1,1,1,1,1,0,95000,"💥💥💥
فرصه للإيجار 
فيلا دوبلكس منفصله للإيجار تشطيب سوبر ديلكس 

مودرن  جديده كلياً
مصعد راكب مساحات مفتوحه الصالات مكيفات دكت اسبليت راكب شركة يورك 

موقع مميز علي الجزء العلوي لمخطط الصواري (في التبه ) قريب من أكاديمية وعد 
بقية التكييف اسبليت غي...",271.43,New
جدة,حي المحمدية,شمال غربي,370,15,3,4,3,1,1,1,1,0,0,1,0,1,0,1,1,0,0,120000,"فيلا للإيجار في المحمدية شارع محمد بن حاطب (على شارعين)شمالي غربي. 
مساحتها ٣٧٠م 
تصلح لشركة أو مكاتب أو مشغل.
مكونة من: الدور الأرضي صالة كبيرة + مطبخ(سيرفس)+٣ حمامات+ ٤ غرف أو مكاتب.
الدور الثاني: ٤ غرف أو مكاتب بحمامين.
الملحق: ٣ غرف أو مكاتب وحما...",324.32,Medium
جدة,حي الخالدية,غرب,750,25,5,5,2,1,1,1,1,1,1,1,1,1,0,0,1,0,0,190000,"فيلا فاخره للإيجار بحي الخالديه خلف اسواق الخالديه مساحتها 750 م شارع 15 دورين وملحق مؤثثة
الدور الارضي مكون من صالونين مطله على المسبح + غرفة معيشة مطله + مطبخ رئيسي + دورتين مياه + مدخلين + غرفة مكتب
الدور الأول مكون من جناحين غرفتين نوم ماستر + غر...",253.33,Old
جدة,حي المروة,شمال,512,8,5,5,1,1,1,1,1,0,0,1,0,0,0,0,0,1,0,50000,"بسم الله و الصلاة و السلام على رسول الله 

فيلا روف  10 غرف خلف مسجد زيد الخير   : 

- عدد 7 غرف نوم
- عدد 2 مجلس
- صالة
- مطبخ
- مجلس نساء
- غرفة عاملة منزلية بدورة مياه
- عدد 6 دورات مياه
قيمة الايجار السنوي : 50 الف مرونة في الدفعات
رقم حارس المبن...",97.66,Medium
جدة,حي الزمرد,جنوب,1200,7,6,5,2,1,1,1,1,1,1,0,1,1,0,0,1,0,0,350000,"فيلا شاطئ الهدى للايجار اليومي او الشهري او السنوي 

⛔️فيلا بشاطئ خاص 100٪؜ قريبه من البحر المفتوح

6 غرف نوم
صالتين
منطقه رمليه للطفال 

سعر اليلة 5000
سعر الشهر غير مرسم 50 الف شامل كهربه وماء
سعر الشهر الموسم 90 الف شامل الكهربة وماء 

للاستفسار:0...",291.67,Medium
جدة,حي طيبة,غرب,313,2,7,5,3,1,1,1,1,0,1,1,1,1,0,1,1,1,1,65000,حي طيبة بشمال جدة : فيلا دوبلكس ، 312 م مربع الارض ، والبناء 600 متر مربع .، مكيفات مركزية في الدور ارضي راكبة ، مصعد اعلى مستوى استرا مع نظام الامان و عدم الاهتزاز ، مدخل اخضر و مسبح و جراج سيارة ، اربع غرف نوم بحماماتها زائد ملحق كبير بحمامه ... حم...,207.67,Modern
جدة,حي الشاطئ,شمال,300,8,5,5,2,1,0,1,1,0,1,0,1,1,1,1,1,0,0,150000,"فيلا فاخره للايجار

@ - كيانا العقارية 

https://linktr.ee/kayana.est?utm_source=qr_code",500.0,Medium
جدة,حي المرجان,غرب,330,4,4,4,2,1,1,1,1,0,1,1,1,1,1,0,1,0,0,120000,"فيلا للايجار مجمع القرية العربية
منطقة راقية بحي المرجان
نادي صحي
حمام سباحة غرفة حفلات لسكان المجمع 
غاز مركزي 
تكييق مركزي
سكيورتي + كاميرات",363.64,Modern
جدة,حي النعيم,شمال,300,12,5,4,2,0,0,1,0,0,1,0,0,0,0,1,1,0,0,75000,"فيلا دبلكس .. دورين وملحق
تحت استقبال .. فوق غرف النوم
مساحة الفيلا 300 متر
لا يوجد .. مسبح / ولا يوجد مصعد",250.0,Medium
جدة,حي الصوارى,شرق,550,0,7,5,2,1,1,1,0,0,0,1,0,1,0,1,0,0,0,115000,"فيلا دبلكس دورين وملحق ادوار مفصولة ابحر الشمالية الصواري
الدور الأرضي استقبال ومعيشة+مطبخ +صالة+٣ غرف و ٣ دورات مياه.
الدور الأول استقبال ومعيشة+مطبخ +صالة+٣ غرف نوم و ٣ دورات مياه.
ملحق غرفة ومطبخ ودورة مياه.
موقف ٢ سيارة مؤسس مصعد والدرج جانبي خزا...",209.09,New
جدة,حي المروة,شرق,400,9,5,5,2,1,1,1,1,0,0,0,0,1,0,0,0,1,0,50000,"بسم الله والصلاه علي رسول الله
 فيلا روف دور واحد مع سطح للايجار  في مخطط الحرمين 1 حي المروه 7 قريبه من مسجد ومن شارع حراء . 
التفاصيل :
- عدد 10 غرف واسعه ( مدخلين ) بالدور الثالث مكونه من 10 غرف + 2 صاله + غرفه خادمه + سطح + 6 دورات مياه * مطلوب50...",125.0,Medium
جدة,حي المحمدية,غرب,300,9,6,5,3,1,1,0,1,0,1,1,0,1,0,1,1,0,0,75000,فيللا دوبلكس علي شارع سكني تجاري موقع ممتاز. مكونة من صالة مفتوحة بالدور الارضي بطول ١٤ م وعرض٥ متر  ويمكن فصل صالون الرحال عن طريق الشتر. .مطبخ مؤثث بالدواليب ،. عدد ١غرفة نوم رئيسة بملابس وحمام خاص ٥ في ٨ متر مربع .  ٣ غرف نوم بحمامين. وصالة معيشة ...,250.0,Medium
جدة,حي البساتين,جنوب,300,8,4,5,3,1,0,0,0,0,0,1,0,1,0,1,1,0,0,85000,فيلا للايجار حي البساتين قريبة من دوار النافوره,283.33,Medium
جدة,حي الشاطئ,غرب,450,6,4,5,5,1,1,1,1,0,1,1,1,1,0,1,1,1,0,200000,"فيلا للايجار خلف ملاهي عطاالله
رؤية واضحة للبحر 
علي شارع الامير فيصل بن فهد",444.44,Medium
جدة,حي المحمدية,شرق,320,4,4,5,3,1,1,1,1,0,1,1,0,1,0,1,1,0,0,80000,"فيلا للايجار في حي المحمديه 
مكيفات ومطبخ راكب",250.0,Modern
جدة,حي الزهراء,شمال,400,8,6,5,3,1,1,1,1,0,1,1,1,1,1,1,1,0,0,160000,"فيلا تشطيب سوبر لوكس في موقع راجي جدا 

الفيلا بها بدروم ودورين وملحق 

البدروم كامل بمساحة الفيلا بدروم كبير ومسبح 
الدور الارضي مجلسين وصاله وحمامين ومطبخ وحمامين
‏الدور الأول عبارة عن أربع غرف نوم غرفتين ماستر غرفتين مع حمام مشترك وصالة كبيرة
‏الم...",400.0,Medium
جدة,حي النعيم,جنوب,360,7,4,4,2,1,0,1,1,0,1,1,0,1,0,1,1,0,0,70000,"فيلا للايجار دورين بدون ملحق

الدور الارضي صوالين وسفره

الدور الاول ٣عرف نوم وصاله ومطبخ 

مكيفات راكبه 

للتواصل ٠٥٣٨٨٧٣٨٢٠",194.44,Medium
جدة,حي الروضة,جنوب,300,4,4,4,2,1,0,1,1,0,0,0,0,0,0,0,1,1,0,85000,فيلا روف بحي الروضه,283.33,Modern
جدة,حي الخالدية,شمال,360,5,5,5,3,1,1,1,1,0,1,1,1,0,0,1,1,0,0,120000,"فيلا ايجار متميزه جدا تكييف مركزي 
يوجد مسبح 
و٥ غرف نوم ومجلسين وصاله",333.33,Modern
جدة,حي ابحر الجنوبية,شمال,250,9,6,4,1,1,0,0,0,0,0,1,0,0,0,1,1,0,0,55000,دور اول للايجار مع ملحق وسطح صغير,220.0,Medium
جدة,حي الحمراء,شرق,300,6,5,3,3,1,0,0,1,0,1,0,0,1,0,0,1,0,0,150000,ڤلة للايجار مجددة بالكامل لتكون كافي او مقر لشركة بموقع مميز قريب من طريق المدينة وطريق الملك وشارع عرفات بجانب شركات عالمية,500.0,Medium
جدة,حي مشرفة,جنوب شرقي,437,36,7,5,5,1,0,1,1,0,0,1,0,0,0,0,1,0,0,75000,"مبنى  ٣٩ غرفه بعضها بدورات مياه والاخرى مشتركه موءجر جزء منه ايجار شهري  مجدد جزء كبير من السباكه والكهرباء جاهز للسكن او الاستثمار للشركات وموظفين الشركات ثلات مداخل للمبنى ,  كما يوجد  مكتب استقبال عند المدخل 
 ويوجد مكتب او محل على الشارع 
وكيل تا...",171.62,Old
جدة,حي المحمدية,شرق,300,3,4,3,1,1,1,0,0,0,1,1,0,1,0,0,0,1,0,120000,"للايجار فلة بحي المحمدية

عبارة عن دورين منفصله 

الدور الارضي / 3 غرف نوم + دورتين مياه + مجلس + دورة مياه + مطبخ + حوش المدخل


الدور الاول / 3 غرف نوم + دورتين مياه + مجلس + دورة مياه + مطبخ + حوش المدخل + سطح

يوجد مكيفات اسبلت لجميع الغرف


المط...",400.0,Modern
جدة,حي النعيم,غرب,325,8,5,5,3,0,1,1,1,0,0,1,1,1,0,1,1,0,0,100000,فيلا فاخرة جدا رخام ارضيات وملحق متكامل بمثابة شقه مقابل حديقة مطل عليها وشرحه,307.69,Medium
جدة,حي الشاطئ,غرب,400,0,4,5,4,1,1,1,1,0,1,1,1,1,0,1,1,1,0,250000,"فلة للايجار بالشاطئ 1 
جديدة لم تسكن بعد 

المساحه ٤٠٠ م٢
الفيلا لها مدخلين 

الدور الاول:  مجلس وحمام خاص بة/ صالة للضيوف/ صالة طعام ( مطلوب على المسبح)/ مطبخ( امريكي) 

الدور الثاني: 4 غرف نوم واسعة جدا مع حماماتها ( نظام اجنحة) 

الدزر الثالث:  غر...",625.0,New
جدة,حي الزهراء,جنوب,350,5,5,3,3,1,1,1,1,0,0,1,1,1,1,0,1,1,0,160000,"فيلا فاخرة جدا 
مسبح 
مصعد 
تكيف مركزي 
بدرم صاله كبيره",457.14,Modern
جدة,حي المحمدية,جنوب,300,13,4,5,2,1,1,1,1,0,0,1,0,1,0,1,1,0,0,65000,"فيلا للايجار بحى المحمديه 
مطبخ راكب وبدون مكيفات 
4 غرف نوم",216.67,Medium
جدة,حي السلامة,شمال,350,11,6,5,3,1,1,0,0,0,1,0,0,0,1,1,1,0,0,80000,"فيلا روف دورين 6 غرف 
و3 صواين مفتوحه على بعض 
 4 حمامات. 
 مطبخين درج داخلي. 
التكيف مركزي وشياك وسبلت راكب 
 في حي السلامه قريبه من طريق المدينه وقريش 
والسديري
 المطلوب 80 الف رسال",228.57,Medium
جدة,حي الرحمانية,غرب,300,0,5,5,2,1,0,0,0,1,1,0,0,1,0,1,1,0,0,72000,"فيلا دوبلكس دورين منفصله حوش و سطح 
الدور الارضي : مدخلين + مجلسين + صاله + مطبخ + حمامين + حوش 
الدور الثاني : ٤ غرف + صاله + ٣ حمامات",240.0,New
جدة,حي الروضة,شمال شرقي,350,0,7,5,2,1,1,1,0,0,0,0,0,0,0,0,1,1,0,110000,"فيلا روف فاخرة للايجار
تشطيب سوبر وارضيات رخام
دورين
مدخلين الدور الاول 
مدخل الدور الثاني
درج داخلي
الدور الاول 
مجلس
صالة طعام
صالة
غرفة 
مطبخ مع الخدمات
دورتين مياه
الدور الثاني 
اربع غرف نوم
دورة مياة رئيسيه + جاكوزي
دورتين مياه
سطوح
غرفة سائق
مو...",314.29,New
جدة,حي البساتين,جنوب,375,7,6,3,3,1,1,1,1,0,0,0,1,1,0,0,0,0,0,110000,المواصفات ماشاء الله تبارك الله : مساحة الارض ٣٧٥ م٢ المباني ٥٠٠م٢ الشارع ٢٥ م الحي البساتين (٣) الدور الارضي مكون من صالونين احدهما بالحجم الطبيعي يمكنه استيعاب ١٥ شخص والاخر صالون كبير يمكنه استيعاب ٢٥ شخص وسفره تتسع ل ١٢ شخص كبار ومطبخ و(٢) دورات ...,293.33,Medium
جدة,حي النعيم,شمال,180,9,2,4,3,1,1,0,1,0,1,1,1,0,1,0,0,1,0,60000,"رقم العرض/ 955
نوع العقار / فيلا روف داخل كومباوند
الموقع /  جدة - حي النعيم المسره
المواصفات / غرفتين نوم ماستر 3 صوالين مطبخ 4 دورات مياه سطح خاص
المميزات / تكييف ومطبخ راكب مسبح مشترك 
الايجار / 60 الف + رسوم المكتب

لتواصل /  
 
0543777161 
05437...",333.33,Medium
جدة,حي المحمدية,غرب,350,0,7,2,5,1,1,1,1,0,1,1,0,1,0,1,1,0,0,100000,"العقار فيلا للايجار جديده
المدينه جده 
الحي المحمديه 
قريبه شارع الامير سلطان 
المساحه 350 متر 
المواصفات الفيلا 
الدور الارضي حوش كبير + كراج سيارات 
+ 2 صوالين + صاله + مطبخ + 2 دوره مياه 
الدور الاول 4 غرف نوم نظام ماستر 
+ صاله + ملحق غرفتين وصال...",285.71,New
جدة,حي البساتين,غرب,750,17,5,5,3,1,1,1,1,0,1,0,0,1,1,0,0,0,0,150000,"فيلا للايجارفي حي البساتين تتكون من 3دور وبدروم عددالغرف 24غرفه مجهز بي مخرج طوارا تصلح كروضه اوجمعيه اوسكن عمال شركه وسكن عايلي تسكن ثلاث عوايل للتواصل علا هذا

 الرقم 0562360535",200.0,Old
جدة,حي المحمدية,شرق,300,11,5,5,3,1,1,1,1,0,1,1,0,1,1,1,1,0,0,95000,فيلا دوبلكس دورين وملحق وبدرم ٣مدخل مكيف مركزي ومطبخ ركب المساحة تقريبا ٣٠٠م دوبلكس متصل الموقع غير دقيق قريب طريق المدينه الإيجار ٩٥ الف قابل للتفاوض,316.67,Medium
جدة,حي الروضة,3 شوارع,500,23,5,4,3,1,1,1,1,0,0,0,0,1,0,0,1,0,0,700000,فيلا للاستثمار بموقع مميز على شارع صاري على ٣ شوارع ... امكانية الاستثمار طويل الاجل ... ارجوا من الراغبين الجادين بالاستثمار فقط التواصل بقيمة ٧٠٠ الف ريال,1400.0,Old
جدة,حي الصالحية,شمال,320,4,7,5,2,1,1,1,1,0,0,1,0,1,0,1,1,0,0,55000,"فيلا للايجار مستقلة مساحة ٣٢٠م واجهة شمالية ظهيرة شارع ٥٢ بالقرب من سوبر ماركت الزين وأماكن دبي للتسويق،،،،، الحي هادئ ومتوفر به كافة الخدمات.... عبارة عن دورين  وملحق و درج داخلي... الفيلا مدخلين دور الأول ٣غرف وصالة كبيرة ومطبخ ٢دورة مياة..
الدور ا...",171.88,Modern
جدة,حي الصالحية,جنوب,300,0,1,5,3,1,1,1,1,0,0,1,0,1,0,0,1,0,0,60000,"فيلا للايجار مخطط السعيد دورين وملحق درج داخلي .
الدور الارضي مجالس 
الدور الاول ٤غرف نوم 
الدور الثاني غرف نوم مع سطح",200.0,New
جدة,حي المحمدية,جنوب,350,13,3,5,2,1,0,1,1,0,1,1,0,1,0,1,1,0,0,75000,"فيلا للايجار بحى المحمديه 
مكيفات ومطبخ راكب",214.29,Medium
جدة,حي الفيصلية,شمال شرقي,155,4,5,5,3,1,1,1,1,0,0,1,0,0,0,1,1,1,0,70000,"فيلا روف للايجار دورين 
مكونه من مدخلين 
مطابخ مجهزه مركبه
جوار مسجد ومدرسه بنات وخدمات وبالقرب من الصيرفي مول

عميلنا العزيز* 
*عدم الرد عليك لايعني أننا لسنا في خدمتك*
*ولكن إما اتصالك خارج أوقات الدوام * 
*او مشغولين بخدمة زبائن آخرين * 
*اترك رسا...",451.61,Modern
جدة,حي الاجاويد,شمال غربي,300,6,7,5,2,0,1,0,0,0,0,0,0,1,0,0,1,0,0,60000,"حي الاجاويد ١
فيلا للايجار دورين مع حوش خاص ومدخل سيارات 
الدور الارضي يتكون من :
-ثلاثة مجالس مساحه كل مجلس ٦*٤
-صاله بدرج داخلي 
-مطبخ 
-دورتين مياه 
الدور الثاني يتكون من /
_ اربع غرف نوم منها غرفه ماستر  مساحة كل غرفه ٦*٤
- صاله توزيع 
- صاله جلو...",200.0,Medium
جدة,حي الصوارى,جنوب,290,0,5,5,2,1,1,1,1,0,0,1,1,1,0,0,1,0,0,65000,"فيلا كاملة للإيجار .. Enter House for rent 
للتواصل +966551305557
Contact number +966551305557

الدور الأرضي : مجلس رجال - مقلط - صالة واسعة ومفتوحة على مجلس النساء بالكامل ومطلين على المسبح- مطبخ - 2 دورات مياه ..

الدور الأول :- 4 غرف نوم - صالة - ...",224.14,New
جدة,حي الياقوت,غرب,262,2,6,4,3,1,0,1,1,0,0,0,1,0,0,0,1,0,0,60000,"فيلا للايجار في ابحر الشماليه حي الياقوت 

مساحه ٢٦٢متر 
دورين وملحق قريب شارع الأمير عبد المجيد 

الدور الارضي مجلس رجال 

مجلس نساء 

صالة 

مطبخ 

٢دورات مياه 


الدور الأول 

 ٤غرف نوم

٣دورات مياه 

صالة


الملحق 

٢ غرف نوم 

سطح 


مطلوب ٦٠ ال...",229.01,Modern
جدة,حي الصوارى,غرب,200,7,7,5,2,1,1,1,1,1,1,0,0,1,0,0,1,0,0,80000,"*الدور الأرضي* 
مدخلين 
٢ مجلس ( واحد منها مؤثث ) والثاني فيه ورق جدران  
٢ دورة مياة 
صالة مفتوحه فيها ورق جدران وبيت درج مؤثث
مطبخ مفتوح والدواليب راكبه ويوجد فيه محطة تحلية للمياة  ومستودع او منور 

*الدور الأول* 
غرفة رئيسية وفيها غرفة ملابس ودور...",400.0,Medium
جدة,حي ابحر الشمالية,شرق,200,12,3,4,2,1,1,0,1,0,1,0,0,0,0,0,0,0,0,140000,"شالية مطل على البحر مباشرة ( منطقة اليخوت)

داخل مجمع النخيل ( اشراف شركة فنادق ماريوت )

كما تتوفر خدمات الصيانة - خدمات النظافة - حراسات - مسابح - مسطحات خضراء - مطاعم - مقاهي - ستاربكس - بالاضافة الى فندق",700.0,Medium
جدة,حي المحمدية,شرق,300,9,4,5,3,0,1,1,1,0,0,1,0,1,0,1,0,0,0,90000,فيلا للايجارفي حي المحمديه خلف البيك ٣صولين وصاله ومطبخ وحمامين الدور الاول ٣غرف نوم وغرفه صغيره الملحق غرفه وصاله وحمام الايجار ٩٠الف الفيلا نضيفه,300.0,Medium
جدة,حي البساتين,جنوب شرقي,575,10,6,5,3,1,1,1,0,0,0,1,0,1,0,0,0,0,0,170000,"فيلا مجدده من الداخل بشكل كامل

مكوناتها 

غرفه ماستر  بحمام 

غرفه بحمام 

غرفتين بحمام مشترك 

صالة نادي مع غرفة خادمه وحمام 


مجلس رجال 

مجلس نساء 

غرفة طعام 

صالتيتن 

مطبخ رئيسي 

حوش 


ديوانيه صغيره 

دورتين مياه خارجيه",295.65,Medium
جدة,حي الحمراء,شمال,400,5,5,4,3,1,1,1,1,0,1,0,0,1,0,1,1,0,0,200000,"دور الارضي 
دور الاول 
ملحق",500.0,Modern
جدة,حي ابحر الشمالية,جنوب,300,15,5,5,3,1,1,1,1,0,0,0,0,1,0,1,1,0,0,59000,"سعر خاص فيلا دوبليكس بافضل حي وهو البندر وافضل موقع في مقدمة الحي
 خلف ابحر مول
 وامام مسجد العباسي
 وحديقة وعلى حرف T .
بالقرب من هايبر بنده المتواجد في حي البندر اساسا .

الايجار سنوي 59,000 / السنة 

للاتصال+واتساب : 0500007650",196.67,Medium
جدة,حي الشاطئ,جنوب,750,20,5,5,3,1,1,1,1,0,1,1,1,1,0,0,1,0,0,350000,فيلا في البيوتات امام حديقة مجددة بالكامل بها موقفين سيارة و امامها مواقف سيارات ل ٦ سيارات,466.67,Old
جدة,حي الفردوس,جنوب,321,0,5,5,2,1,1,1,1,0,1,1,1,1,0,1,1,1,0,80000,"فيلا جديدة للايجار مدخلين  مع مكيفات ومصعد جاهز غرفة سائق
الدور الارضي 
مجلس رجال 
مجلس نساء تطل على مسبح
صالة كبيرة تطل على مسبح
دورات مياة 
الدور الثاني 
صالة 
اربع غرف نوم مع دورة المياة 
الملحق 
غرفتين نوم 
دورات مياة 
غرفة غسيل",249.22,New
جدة,حي الحمراء,شمال غربي,850,25,7,5,5,1,1,1,1,0,0,1,0,1,0,0,1,0,0,100000,"فيلا كبيرة للايجار سكن عاملين شركات مؤسسات
الفيلا على شارعين
حوش داخلي كبير جدا 
الفيلا اكثر من 11 غرفه 
ملاحق خارجيه 
مناسبه لسكن عماله

الفيلا بحاجه لاصلاحات داخليه بويه كهرباء ادوات صحيه وخلافه .. لذلك المبلغ عليه تفاوض في حال اصلاحه من قبل المستا...",117.65,Old
جدة,حي الياقوت,جنوب,312,0,7,5,3,1,1,1,1,0,0,1,0,0,0,0,1,0,0,55000,"شقه في الدور الأرضي مستقله بمدخلين  :-

 مكونه من 4 غرف صاله ومطبخ 3 دورات مياه 

الدور الأول :-  4 غرف صاله 
مطبخ 3 حمامات

الملحق :- 3 غرف صاله ودورتين مياه

السعر 55000 الف
للتواصل

 0551303641",176.28,New
جدة,حي الفيصلية,شرق,660,24,5,5,5,1,1,1,1,1,1,1,1,1,1,0,1,0,0,160000,"فيلا للايجار الاداري بحي الطيارين (الفيصلية) بجدة خلف عزيز مول
المساحة ٦٦٠م

الدور الأرضي ٤ غرف كبيرة و حمامين بمغاسل خارجية 
وغرفة غسيل ومطبخ مركزي
الدور العلوي ٥ غرف منها غرفة نوم رئيسية منقسمة لغرفتين كبيرة وفيها حمام خاص كبير
وغرفتين بحماماتها ال...",242.42,Old
جدة,حي الربوة,شمال,375,9,7,5,2,1,1,1,1,1,1,1,1,1,0,1,1,0,0,120000,"الموقع حي الربوة 
خلف سيتي ماكس 
امام مسجد الغامدي 
مساحة الارض ٣٧٥ 
مساحة البنا الدور الارضي ٢٠٠ متر
مساحة البنا الدور الاول ٢٠٠ متر
مساحة البنا الدور الثاني ١٠٠ متر
السطوح جهتين امامي وخلفي 
الدور الارضي ٣ غرف ومطبخ وحمامين وصالة 
الدور الاول غرفتي...",320.0,Medium
جدة,حي الامواج,غرب,515,0,4,5,3,1,1,1,1,0,1,1,1,1,0,1,1,1,0,135000,"دبلكس ٥١٥ متر
دورين وملحق جديد 
مسبح وشلال 
غرفه خادمه وغرفه سايق وموقف سياره 
مصعد 
٤ نوم ماستر
٣ صالات استقبال 
غرفه طعام 
تكييف مركزي",262.14,New
جدة,حي المحمدية,غرب,375,14,5,5,5,1,1,1,1,0,0,1,0,1,1,1,1,0,0,90000,"فلاه للايجار علي شارع الامير سلطان تجاري ادري تصلح مقر شرركه  الموقع بعد شركه المياه
فيها بدروم تتكون من دورين ونصف كبيره
كل دور ٤ وصاله والملحق ٣ غرفه",240.0,Medium
جدة,حي الشراع,غرب,300,4,6,5,3,1,1,1,0,0,1,1,0,1,0,1,1,1,0,65000,"فيلا بالشراع قريبة من جميع الخدمات مساحتها ٣٠٠ .
الدور الاول . مجلس رجال ومقلط ومجلس حريم وصاله كبيرة ودورتين مياة ومطبخ رئيسي مدخلين .
الدور الثاني اربع غرف وثلاث دورات مياة وصالتين وسيرفس صغير وخمس مكيفات اسبلت نظيفه .
الدور الثالث . سطوح كبير وغرف...",216.67,Modern
جدة,حي الياقوت,شرق,300,0,5,5,2,1,1,1,0,0,0,1,0,1,0,1,1,0,0,60000,"💥💥💥
موقع جديد مميز فيلا بحي الياقوت 
نظام شقق تمديد اسبليت حوش خلفي كل دور شقه من ٣ غرف وصاله والملحق ٢ غرفه وصاله 
متوفره ٤ فلل",200.0,New
جدة,حي الشراع,غرب,300,3,5,5,3,1,1,1,1,0,1,1,0,1,0,1,0,1,0,75000,"فيلا بالشراع ضهيرة التجاري قريبة من جميع الخدمات مساحتها ٣٠٠ .
الدور الاول . مجلس رجال ومقلط ومجلس حريم وصاله كبيرة ودورتين مياة ومطبخ رئيسي مدخلين .
الدور الثاني اربع غرف وثلاث دورات مياة وصالتين وسيرفس صغير وخمس مكيفات اسبلت نظيفه .
الدور الثالث . ...",250.0,Modern
جدة,حي الربوة,جنوب,650,30,7,5,2,1,0,1,0,0,0,1,0,1,0,1,1,0,0,50000,"الإيجار: 50,000 ريال للفلتين 
السعر : 2,300,000 ريال للفلتين
فيلاتين للإيجار أو البيع في شارع عاصم بن الوليد ، حي الربوة ، جدة ، جدة
الواجهة جنوب
عدد (2)فيلا نظام دوبلكس منفصلة 
نظام شقق دورين وملحق كل فيلا
3 غرف نوم +صالك + 2 حمام في كل شقة
كل فيلا ...",76.92,Old
جدة,حي المحمدية,شرق,300,5,6,4,1,1,1,1,1,0,1,1,0,1,0,0,1,0,0,80000,نظيفة للغاية ومجددة,266.67,Modern
جدة,حي الصوارى,شرق,250,0,5,5,2,1,1,1,1,0,0,0,0,0,0,0,1,1,0,70000,"فيلا للإيجارالموقع - جدة - حي الصواري

مساحة الإرض 250 متر 
شارع 15 غربي مسفلت ومنور 

الدور الأرضي :- مجلس رجال بدورة مياه 
مجلس نساء بدورة مياه + صاله 
مطبخ  + مدخلين تأسيس مصعد

الدور الأول :- غرفة نوم رئيسيه بحمام بغرفة ملابس
صالة + غرفتين نوم بد...",280.0,New
جدة,حي الرويس,3 شوارع,2500,15,7,3,1,1,1,0,0,0,0,1,0,1,1,0,1,0,1,65000,"مجمع جللوريا 

فيلا الايجار السنوي",26.0,Medium
جدة,حي الخالدية,3 شوارع,2700,10,7,5,5,1,1,1,1,1,1,1,0,1,0,0,1,1,0,450000,قصر فاخر مفروش للإيجار مساحة ٢٧٠٠ متر عبارة عن فيلا كبيرة وفيلا صغيرة مواقف داخلية ٤ سيارات تكييف مركزي امكانية عمل مسبح على ٣ شوارع تقاطع التحلية مع طريق الملك مطلوب ٤٥٠ الف,166.67,Medium
جدة,حي ابحر الشمالية,شمال,276,0,3,4,2,1,1,0,1,0,1,1,1,0,0,0,1,0,0,66500,"مجمع ديار ابحر السكني يوفر لك جميع الخدمات والمرافق التي تحتاجها العائلة:
-مسبح للكبار والصغار 
-نادي رياضي
-منطقة العاب اطفال
-ملعب كرة طائرة و كرة سلة
-جلسات خاصة للعوائل
-كاميرات وامن ٢٤ ساعة 
-موقف خاص لكل وحدة سكنية",240.94,New
جدة,حي الياقوت,غرب,310,0,6,4,2,1,1,1,0,0,0,1,0,0,0,1,1,0,0,52000,"٣ فلل دوبلكس على مساحة ٣١٠ للوحده
كل وحدة مكونه من دورين وملحق
كل من الدور الاول والثاني مكون من صاله و٣ غرف نوم ومطبخ وحمامين 
الملحق مكون من غرفتين وحمام
يوجد غرفة سائق

للاستفسار 
٠٥٨١٧٩٩٢٩٩
العمده ابو كنان",167.74,New
جدة,حي البوادي,جنوب غربي,608,10,7,5,3,1,0,1,1,0,0,1,1,1,0,0,1,0,1,250000,"فيلا للاجار او الاستثمار
17 غرفه
 ومسبح 
وواجهتين  تجارية 
شارع 25 غربي و16 جنوبي
 ومساحة 608  
وتنفع لشركات او مركز طبي او حضانه والموقع مجهز بلكامل بمخارج طواري وسلالم .

التواصل 
0503004887
0595959025",411.18,Medium
جدة,حي الياقوت,شمال,312,4,5,5,3,1,1,0,1,1,1,0,0,1,0,1,1,1,0,100000,"فيلا دبلوكس للايجار السنوي
موثثة بالكامل 
5 غرف نوم
6 دورات مياه
3 صوالين وطاولة طعام ومعيشة
وغرفة العاب 
سطوح بجلسه ومضله
حوش
موقف سيارة وحده

يمكن تركيب مصعد للمستاجر الصامل

يمكن دفع 12 الف شامل الكهربة خلال السنه والماء و 2000 ريال انترنت 
الدفع ...",320.51,Modern
جدة,حي الريان,شرق,500,10,5,5,3,1,1,1,0,0,0,1,0,1,1,0,1,0,0,150000,"للايجار بجدة حي الريان

فيلا مكونه من 15 غرفه وبدروم
امكانية فصل الادوار 

مساحة تقريبا 500 متر
تصلح مدارس او شركة "" استثمار""

.",300.0,Medium
جدة,حي الصالحية,شمال,300,0,5,5,2,1,0,0,0,0,0,0,0,1,0,0,0,0,0,50000,"فلا دورين نظام شقق للايجار 

كل شقه ٥غرف وصاله ومطبخ و٣حمامات مطلوب ٥٠.٠٠٠ريال",166.67,New
جدة,حي المرجان,غرب,500,2,7,5,2,1,1,1,1,0,0,1,1,1,0,1,1,1,0,220000,جديد مداخل واسعه تصاميم حديثه ينفع لشركات,440.0,Modern
جدة,حي الصوارى,غرب,250,4,5,5,4,1,1,1,1,0,1,1,1,1,0,1,1,0,1,65000,"التفاصيل:
فيلا للايجار بجدة تحديدا ابحر الشمالية قرب طريق الملك سعود الفيلا نظام أمريكي دبلوكس نظيفة الدور الأرضي غرفة ومطبخ وصالة كبيرة و 2 دورة مياه
الدور الثاني 3 غرف + غرفة الملابس وصالة ومطبخ سيرفس و3 دورة مياه
الدور الثالث 1 غرفة + غرفة خادمة و...",260.0,Modern
جدة,حي البساتين,شمال,300,10,5,5,3,1,0,1,1,0,1,0,0,1,0,1,1,0,0,100000,فلة للإيجار  في حي البساتين بجوار الصالة الملكية تم ترميم بعض الغرف والحمامات بالكامل رقم التواصل 0541017700 ارجو من اصحاب المكاتب وغير المستاجرين عدم التواصل معي. السعرغير قابل للتفاوض,333.33,Medium
جدة,حي الرحمانية,غرب,300,0,7,5,3,1,1,1,0,0,0,1,1,1,0,1,1,0,0,70000,,233.33,New
جدة,حي الصفا,شمال غربي,892,28,7,5,2,1,1,1,1,1,1,1,0,1,0,0,1,0,0,170000,"مبني بمواصفات ارامكو بتكيف مركزي كرير وعوازل للحراره والصوت للجدار الخارجي  وجبس مغربي 
متوفر جميع شروط الامن والسلامه للدفاع المدني",190.58,Old
جدة,حي الزمرد,جنوب,312,0,5,5,3,1,1,1,0,0,0,1,0,1,0,1,0,0,0,60000,"فيلا فاخره للأيجار  تصميم مودرين 

مفصوله من الامام ومن الخلف 

مساحه ٣١٢.٥ متر شارع ١٦ 
أدور الأرضي 
يوجد تأسيس مصعد 
مجلس رجال +مجلط+مجلس نساء 


+٢دورات مياه +صالون طعام 

أدور الأول غرفه نوم +غرفت ملابس +بدورات مياه +غرفه+بدروات مياه+غرفتين+بدورا...",192.31,New
جدة,حي الياقوت,شمال,220,5,5,5,2,1,0,1,1,1,1,1,0,1,0,1,0,0,0,70000,"فله دوبليكس للإجار
ابحر الشمالية 
حي الياقوت ٤
العمر / 5سنوات 
●مساحة٢٢٠م مع حوش وغرفة سائق 
●الدورالارضي/ مجلس وصالة وصالة طعام+ ٢ دورات مياه + مطبخ جاهز تفصيل فاخر من ايكيا بفرن كهربائي 

●الدور الاول/ غرفتين نوم وصالة وحمام 
مع غرفة النوم الرئيسية...",318.18,Modern
جدة,حي بني مالك,3 شوارع,400,9,7,5,3,1,1,1,1,1,1,1,0,1,1,1,0,1,1,60000,"للبيع  ٩ حمامات  و ٢ مطبخ ايكيا و٩ غرف و٤ صالونات ضخمه او الاجار  بي ٦٠ الف 
مع الاثاث ٧٠ الف",150.0,Medium
جدة,حي طيبة,شمال,325,2,5,5,5,1,1,1,1,1,1,1,1,1,0,0,1,1,0,120000,,369.23,Modern
جدة,حي الحمدانية,3 شوارع,300,0,5,5,3,1,1,1,1,0,0,1,0,1,1,0,1,1,1,1300000,"فيلا فاخرة حي الحمدانيه
مكونات المشروع دورين و ملحق 
الدور الأرض
مجلس رجال + مجلس نساء + + ٢ صاله + ٢ حمام + مطبخ +  موقف سياره+ تأسيس مصعد +استور
الدور الاول
٣ غرف + ٣ حمام + صاله + مغسله
الملحق 
غرفه شغاله + حمام + سطح أن منفصلان 
المساحه / ٣٠٠ م 
...",4333.33,New
جدة,حي النعيم,جنوب,600,17,5,4,5,1,1,1,1,0,1,1,1,1,0,0,1,1,0,170000,"الدول الاول : 4 صوالين دوره مياه ومطبخ سيرفيس 

الدور الثاني : 3 غرف نوم دورتين مياه وصاله ومطبخ 

الملحق : غرفه نوم و غرفه غسيل ومستودع  

بالاضافه : تكييف مركزي ومسبح و غرفه سائق",283.33,Old
جدة,حي ابحر الشمالية,غرب,310,0,6,5,2,0,1,1,1,0,0,1,0,1,0,0,1,0,0,50000,فله لها ٥ سنين لكن محد سكنها جديده دورين وسطح الموقع ممتاز قريبه جدا من شارع عابر القارات والمسجد قريب المساحه كبيره تكفي للعوائل الكبيره مدخل سياره وغرفة سايق وخادمه,161.29,New
جدة,حي الشاطئ,شرق,350,4,5,5,3,1,1,1,1,0,1,1,1,1,1,1,1,1,0,250000,"فيلا راقية مكونة بدروم وعدد 2 مجالس ومطبخ رئيسي وغرفة خادمة ومخزن 
دور ارضي مجلس وصالة معيشة وغرفة طعام وعدد 2 دورات مياه ومطبخ سيرفس 
الدور الاول عدد 4 غرف نوم وعدد 3 دورات مياه ومطبخ سيرفيس
الملحق مكون من غرفة نوم رئيسية مع صالة مصغرة وغرفة ملابس 
...",714.29,Modern
جدة,حي الياقوت,شرق,400,5,6,5,3,1,1,1,1,0,1,1,0,1,0,1,1,0,0,65000,"استخدام نظيف 
بويه جديده 
غرفه حارس 
حوش بطول الفله
جميع المعلومات في الصوره 
للمزيد من الاستفسار 
أم فهد 0566222797",162.5,Modern
جدة,حي الشاطئ,غرب,1141,0,5,5,2,1,1,1,1,1,1,0,0,1,0,1,1,1,0,170000,"(جديد!) عقار: فيلا الربيع

 WHATSAPP واتس اب فقط 0536423285

إذا كنت تبحث عن منزل في جدة، فلدينا بيتا مثاليا لك: فيلا ثلاثة طوابق في أحد أرقى أحياء جدة. يتمتع هذا العقار بالخصوصية، رمزه البريدي المميز في حي الشاطئ 1 ، والتشطيبات الراقية.


مشيدة حديث...",148.99,New
جدة,حي الروضة,جنوب شرقي,600,23,5,5,5,1,0,1,1,0,0,1,0,1,0,0,1,0,0,120000,"💥💥💥💥 
فيلا للايجار نظام شقق بحي الروضه شارعين 
قريبه من شارع سعود الفيصل 
بوجود دور ارضي مستقل وعدد ٤ شقق علويه
الفيلا ٣ أدوار عمرها قديم ولكن بحاله جيده 
صالح مشغل أو مقر لشركه 

الموقع غير دقيق ولكن قريب",200.0,Old
جدة,حي ابحر الشمالية,شمال غربي,312,17,6,5,2,1,1,1,1,0,0,1,0,1,0,1,1,0,1,65000,فيلا الشاطي الشاطي الذهبي شارع ١٥ غربي وشمالى مواقف خاصه وحديقه موقع مميز  مساحه ٣١٢ متر عمرها تقريبا ١٥ سنه  الدور الارضى مفصول   تماما عن الاول بدرج جانبي   الدور الاوضى مجلسيين  وصالتين  ومطبخ وحمامين والدور الاول مع الملحق مدخل خاص يتكون من اربع ...,208.33,Old
جدة,حي الصالحية,شمال,300,0,5,5,2,1,1,1,0,0,0,1,0,1,0,1,1,0,0,55000,فيلا ايجار جديده تحت مجالس وفق ٤الف نوم والملحق غرفتين مع سطح في حي الصالحين ٢,183.33,New
جدة,حي الزمرد,شرق,312,0,5,4,3,1,0,1,0,0,0,0,0,1,0,0,0,0,0,60000,"فيلا إيجار في حي الزمرد الخالدية جز ب

مساحه 312 مفضله

مكونات من ادور الأرضي مجلس رجال مع دوات مياه

ودور الأول 3 غرف نوم وصله 3 دورات مياه

والملحق غرفه 1دورات مياه وسحَوح

مطلوب 60 الف سنواي

لتوصل 0550951206 احمد قايد",192.31,New
جدة,حي الفلاح,جنوب,320,0,6,5,2,1,1,1,1,0,1,1,0,1,0,0,1,1,0,65000,"المطبخ جاهز 
٢ مكيفات ف الصاله وغرفة النوم",203.12,New
جدة,حي المنتزه,شمال شرقي,450,7,7,5,3,0,1,1,1,0,0,1,0,1,0,0,1,0,0,100000,"فلا كامل دورين وملحق تستلمها مجدده بالكامل 
الدور مكون من :-

٤ غرف 
صاله 
 ٢ مجالس 
٣ حمامات  

الملحق مكون من :-

غرفتين 
صاله 
مطبخ
حمام

الاجار السنوي ١٠٠",222.22,Medium
جدة,حي الزمرد,شرق,290,0,6,5,2,1,1,1,1,0,0,1,0,1,0,1,1,0,0,70000,فيلا جديده للايجار لم تسكن بعد ، منفصله,241.38,New
جدة,حي الحمدانية,شمال غربي,430,0,6,5,3,1,1,1,0,0,1,0,1,1,0,1,1,1,0,80000,فيلا فاخرة مكيفه مزوده بمصعد ودرج داخلي زجاج وشترات كهربائية على المسبح وموقف السيارة  سقف دبلكس شبابيك كبيرة واطلالة مميزة على الشارع موقع فسيح بالقرب من هايبر بنده ولولو هايبر ماركت وستي ماكس ومحطة ساسكو بالقرب من مسجدي التقوى وجامع عبداللطيف الفيل...,186.05,New
جدة,حي الامواج,غرب,312,2,6,5,2,0,1,1,1,0,1,1,0,1,0,1,0,1,1,65000,"فيلا بالشراع ضهيرة التجاري قريبة من جميع الخدمات مساحتها ٣٠٠ .
الدور الاول . مجلس رجال ومقلط ومجلس حريم وصاله كبيرة ودورتين مياة ومطبخ رئيسي مدخلين .
الدور الثاني اربع غرف وثلاث دورات مياة وصالتين وسيرفس صغير وخمس مكيفات اسبلت نظيفه .
الدور الثالث . ...",208.33,Modern
جدة,حي النهضة,شرق,500,3,5,5,5,1,1,1,1,0,0,1,0,1,0,1,1,1,0,250000,"فيلا للايجار تصلح مكاتب ادارية بحي النهضة الواجهه: شارعين- الادوار:3 وملحق الدور الاول عبارة عن صالة استقبال وعدد 4 مكاتب الدور الثاني عبارة عن 4 مكاتب وصالة كبيرة 
الملحق مكون من عدد 2 صالة اجتماعات كبيرة يوجد مواقف سيارات خارجيه
*للتواصل : 05377666...",500.0,Modern
جدة,حي الشراع,شرق,231,0,4,4,2,0,0,1,1,0,0,0,0,1,1,1,1,0,0,90000,"فلل الشراع .. فلل تنتظر إضافة ذوقك الخاص في موقع مميز تتكامل فيه أهم الخدمات .. استأجر الآن

مميزات الفلل:
-	موقع استراتيجي
-	واجهات بانورامية
-	تشطيب عالي الجودة
-	تراس واسع
مواصفات الفلل:

الدور الأرضي:
-	مجلس كبير مفتوح مع صالة الطعام 
-	المط...",389.61,New
جدة,حي الربوة,جنوب,500,27,5,5,2,0,0,0,0,0,0,0,0,0,0,0,0,0,0,55000,فيلا للإيجار دورين مكونه من عشر غرف وخمس دورات مياه مناسبة سكن للعمال مع وجود حوش وسطح,110.0,Old
جدة,حي البساتين,شمال,375,10,5,5,3,0,1,0,0,0,0,1,0,1,0,0,1,0,0,120000,"للمزيد من المعلومات حول العقار
يرجى التواصل مع الوسيط / نعيم الحربي 
0508247507
ملاحظه / الموقع غير دقيق",320.0,Medium
جدة,حي النعيم,جنوب,480,6,7,5,3,1,0,0,1,0,1,0,1,0,0,0,1,1,0,130000,فيلا روف دورين 9 غرف و8 حمامات ومطبخ راكب ومكيفات راكبه ويوجد مسبح,270.83,Medium
جدة,حي طيبة,شمال,950,4,7,5,4,1,1,1,1,1,0,0,1,1,0,0,1,0,1,95000,"مساحتها ٩٥٠ متر
بها مدخلين واحد للرجال والثاني للنساء
الدور الارضي به مجلس رجال ببلكونه..
 ومجلس حريم ببلكونتين..
مساحه المجلس الواحد 9/5
ويوجد غرفه نوم بحمامها
ويوجد مطبخ وحمامين احداهما لمجلس الرجال
 والاخر لمجلس الحريم...
الدور الاول..
به غرفه نوم...",100.0,Modern
جدة,حي الياقوت,غرب,312,10,3,5,1,1,1,1,0,1,0,0,0,1,0,0,0,0,0,60000,"للمزيد من المعلومات حول العقار
يرجى التواصل مع الوسيط /  ابو بتال  
0555845759
ملاحظه / الموقع غير دقيق",192.31,Medium
جدة,حي الاندلس,شمال غربي,400,2,7,5,3,1,1,1,1,0,1,1,0,1,1,0,1,0,1,220000,تشطيب ديلوكس,550.0,Modern
جدة,حي الحمراء,جنوب غربي,350,10,4,5,2,1,1,0,1,1,1,0,0,0,0,1,1,0,0,120000,فلل مفروشه في حي الحمراء للايجار السنوي بينها وبين مركز جمجوم شارع 20 قريبه من الكرنيش وجميع الخدمات,342.86,Medium
جدة,حي ابحر الجنوبية,جنوب غربي,600,6,3,3,2,1,1,1,1,1,1,1,1,1,1,1,1,0,0,95000,فيلا في مجمع فلل لسكن خاص,158.33,Medium
جدة,حي طيبة,غرب,312,0,5,5,3,0,1,1,1,0,0,1,0,1,1,0,1,1,0,85000,"العقار جديد بالكامل 
الموقع حي الرحيلي 
التفصيل  .. تتكون من : 
دورين و ملحق 
الارضي  : يتكون من : مجلس نساء + مجلس رجال + مقلط + صالة + مطبخ كبير + 3 حمامات . 
الأول : يتكون من 4 غرف + صالة كبيرة + 3 حمامات + بوفيه صغير + بلكون مطل عالحديقة 
الملحق ...",272.44,New
جدة,حي الورود,غرب,250,3,5,4,1,1,1,0,1,1,1,1,0,0,0,0,0,1,0,65000,فيلا روف في حي الورود مكونه من 5 غرف وغرفة خادمة وصالة ومطبخ و4 دورات مياة مؤثثه بمطبخ وغسالة وثلاجة وفرن ومايكرويف وتكييف مركزي لكامل الفيلا معادا غرفتين ويوجد سطح تابع للفيلا بمساحة 40م2 تقريباً ويوجد مسجد ملاصق للعمارة الفيلا نظيفة جداً جاهزة للسك...,260.0,Modern
جدة,حي الاندلس,شرق,980,31,7,5,3,1,1,1,1,0,0,1,0,1,0,0,1,0,0,130000,,132.65,Old
جدة,حي الزمرد,3 شوارع,1600,10,4,5,2,1,1,1,1,1,1,0,1,1,0,0,1,0,0,80000,"فيلا دورين الارضي مفروش والثاني غير مشطب
ثلاث واجهات شمالي وغربي وجنوبي
الشمال مواقف سيارات
الغرب ممر
الجنوب شارع مزدوج ٢٥ متر ومنطقة خدمات بعرض ٥٠ متر",50.0,Medium
جدة,حي الخالدية,جنوب,435,9,5,5,2,1,1,1,1,0,1,1,0,1,0,1,1,0,0,120000,فيلا للايجار في جدة عروض فلل ايجار الخالدية شارع الابتهاج لمزيد من التفاصيل يرجى تصفح الرابط التالي https://docdro.id/SF5pdBq,275.86,Medium
جدة,حي الزهراء,شمال,300,4,3,5,3,1,1,0,1,1,1,1,1,1,1,0,1,1,1,150000,"فلا للايجار السنوي
مفروشه فرش كامل
3 غرف نوم رئيسيه
3 صوالين
5 دورات مياه
غرفة شغاله",500.0,Modern
جدة,حي الشاطئ,4 شوارع,180,4,3,4,2,1,1,0,1,1,1,1,1,1,0,1,1,0,0,150000,,833.33,Modern
جدة,حي النهضة,شمال,300,4,7,5,5,1,1,1,1,0,1,1,0,1,0,1,1,0,0,100000,"العقار فيلا للايجار 
جديده استخدام سنتين فقط 
المدينه جده 
الحي النهضه الطحلاوي 
المواصفات الفيلا 
الدور الارضي حوش + مدخل سياره 
+ 2 صوالين + صاله + 2 دوره مياه 
الدور الاول 4 غرف نوم نظام ماستر + مطبخ + صاله 
+ ملحق غرفه شغاله + غرفه غسيل 
+ سطوح 
...",333.33,Modern
جدة,حي الروضة,شرق,500,20,7,3,1,1,1,0,0,0,0,1,0,1,0,0,1,0,0,80000,"فلا المبناء ممتاز جدا وتحتاج ترميم كامل 

موقع الفلة بحي الروضة شارع حمد الجاسر",160.0,Old
جدة,حي الحمراء,غرب,250,0,5,5,1,1,1,0,1,0,1,1,0,1,0,0,0,0,0,80000,فله سكنيه للايجار,320.0,New
جدة,حي الروضة,شمال,2500,0,5,5,5,1,1,1,1,1,1,1,0,1,1,0,1,1,0,1700000,العقار فيه مميزات كثير له وله تراخيص جاهزه مجهزه من الى لا والمطابخ كلها مؤثثة والمكيفات راكبه يعني فرصه جدا ثمينه  والي بياخذ الاجار من الاعلان هذا له مني اني اكلمة يطرح مبلغ ولاكن في حدود المعقول والله الموفق للتواصل ومعلومات اكثر الاتصال على 05549...,680.0,New
جدة,حي الصوارى,غرب,250,0,7,5,2,0,1,1,1,0,0,1,0,1,0,0,0,0,0,65000,"فيلا للإيجار في حي الصوارى 
مخطط الجمجوم 
مساحه 250م
نظام شقق
الدور الاول 4غرف وحمامين وصاله
الدور الثاني 4غرف و3حمامات وصاله 
والملحق 3 غرف وحمامين 
مطلوب 65الف 
ملحوظه الموقع غير دقيق
للتواصل 0500504291",260.0,New
جدة,حي البساتين,شمال,375,5,4,4,4,1,1,0,0,0,1,1,0,1,0,1,0,0,0,100000,"للمزيد من المعلومات حول العقار
يرجى التواصل مع الوسيط / نعيم الحربي 
0508247507",266.67,Modern
جدة,حي الخالدية,شرق,400,11,4,5,4,1,1,1,1,0,0,1,0,1,0,1,1,0,0,150000,"فله دبلكس منفصله دورين و ملحق 
الدور الاول ٣ صوالين مفتوحه على بعض وحمامين ومطبخ
الدور الثاني غرفه معيشه و ٤ غرف نوم ٢ماستر و٢ منفصله بينهم حمام
الملحق غرفه كبيره وغرفه غسيل وحمام وسطوح
ويوجد غرفه سائق في الحوش",375.0,Medium
جدة,حي النهضة,شمال,500,15,7,5,5,1,1,1,1,0,0,1,1,1,0,0,1,0,0,85000,"العقار فيلا للايجار  مستقله 
المدينه جده 
الحي النهضه 2 
المواصفات الفيلا 
المساحه 500 متر 
شارع 25 مزدوج 
تنفع شركات  او اي نشاط تجاري اداري 
الدور الارضي حوش + مسبح 
+ 3 صوالين + صاله + مطبخ راكب 
الدور الاول 4 غرف نوم + صاله 
+ ملحق غرفتين وصاله +...",170.0,Medium
جدة,حي الياقوت,شمال,250,5,5,5,2,1,1,1,1,1,1,1,0,1,0,1,1,0,0,80000,"للايجار فيلا في ابحر الشمالية (حي الياقوت) يوجد بعض الاثاث

الدور الارضي-
مجالس رجال
مجالس نساء
صاله مطبخ حمامين
المطبخ راكب جاهز

الدور الاول-
3 غرف نوم
صاله 
حمامين

الملحق-
غرفتين 
حمامين
غرفة شغاله

لزيارة الفيلا ارجو الاتصال برقم : 0555013819",320.0,Modern
جدة,حي الشاطئ,4 شوارع,170,4,3,4,2,1,1,0,1,1,1,1,1,1,0,1,1,0,0,150000,,882.35,Modern
جدة,حي اللؤلؤ,غرب,300,0,4,5,4,1,1,1,1,0,0,1,1,1,0,1,0,0,0,55000,"فلة جديدة(مجددة) للايجار فاخرة للعوائل 👍


الدور الارضي : صالتين مفتوحة +غرفة طعام + ٢ دورات مياه+ غرفة تصلح غرفة نوم او اي شيء +مطبخ راكب (جديد) +مدخلين


الدور الأول : ٣ غرف نوم + صالة كبيرة + ٢ دورات مياه....

الملحق: غرفة خادمة +غرفة غسيل +سطح ص...",183.33,New
جدة,حي الاصالة,شمال,385,7,7,5,5,1,1,1,1,1,1,1,0,1,0,1,1,1,1,250000,"فله للأيجار 
مؤثثة اثاث جديد فاخر 
مكيفات باردة جدا 
موقف سيارتين مظلة 
غسلات نشافات 
مطبخين مجهزه بالكامل 
٤افران ٤غسالات ونشفات 
ملحق للضيوف والكثير 
منوة الي يبي يسكن",649.35,Medium
جدة,حي المنتزه,غرب,800,11,7,5,5,1,1,1,1,0,0,1,1,1,1,0,0,0,1,250000,"مدخل خاص. 4 ادور العمار. والفله دورين عدد الغرف 22 غرفه مجدد وجاهزه لي السكن موقع مطل علي مدينه جده 
يوجد عدد كهرباء يوجد موقف وحوش مساحه كبيره",312.5,Medium
جدة,حي المرجان,جنوب,400,3,7,5,5,1,1,1,1,0,1,1,0,1,0,0,1,1,0,140000,"العقار فيلا للايجار 
المدينه جده 
الحي الشاطى 4 كرنيش زيني 
المساحه 400 متر
المراصفات الفيلا مستقله 
الدور الارضي حوش + 3 صوالين + صاله + مطبخ راكب 
+ 3 دوره مياه 
الدور الاول 4 غرف نوم ماستر + صاله 
+ ملحق غرفه شغاله + غرفه غسيل + غرفتين اضافيه + سط...",350.0,Modern
جدة,حي الياقوت,غرب,360,2,5,5,2,1,1,1,1,0,1,1,1,1,0,0,0,0,0,110000,"فيلا فاخرة جدا 
تشطيب راقي جبس جدران واسقف وورق فاخر جدا نجف فاخر جدا
مكيفات اسبلت LG راكبة 
مطبخ راقي راكب
حديقة خارجية 
كراج خارجي بمظلة
بجوار مسجد وحديقة وممشى 
من يرغب المعاينة الاتصال

يوجد تأمين مسترد 5000 ريال",305.56,Modern
جدة,حي النعيم,شرق,300,10,7,5,3,1,1,1,1,0,0,1,0,1,0,1,1,0,0,50000,"العقار فيلا للايجار 
المدينه جده 
الحي النعيم
المواصفات الفيلا 
الدور الارضي 2 صوالين + صاله 
+ 2 دوره مياه 
+ حوش + مدخل سياره 
الدور الاول 3 غرف نوم + صاله 
+ ملحق غرفه شغاله + غرفه غسيل 
ملاحظه الفيلا الحين تحت التجديد 
المطلوب 50 الف 
الرجاء التو...",166.67,Medium
جدة,حي الحمدانية,غرب,370,5,7,5,2,1,0,1,1,0,0,1,0,1,1,1,1,0,0,50000,"تقع الفيلا خلف سوبر ماركت كبير لولو هايبر ماركت وبجانب جامع الهجرة وتبعد ٢٠٠ متر عن قاعة لميس كما ان السعر قابل للتفاوض  المعقول الاتصال على المالك 0507477872

اوقات تواجد الحارس :
من ٧ الصباح الى ٤ونص عصرا 
ومن ٩ونص ليلا  الى ١٠ونص ليلا",135.14,Modern
جدة,حي الياقوت,غرب,300,0,4,5,4,1,1,1,1,0,0,1,1,1,0,1,0,0,0,60000,"فلة للايجار

 في حي الياقوت يعتبر ظهيرة شارع الأمير عبدالمجيد

*جميع الخدمات قريب من الفلة و امان و شارع منور

مكونة من دورين وملحق +غرفة خادمة +غرفة سائق +مسبح + قريب من مسجد +فوق ٣ غرف نوم+جراج...",200.0,New
جدة,حي ابحر الشمالية,غرب,280,3,7,5,2,0,1,1,1,0,0,1,0,1,0,1,1,0,1,70000,"للايجار فيلاه في ابحر الشماليه مخطط بالبيد 

مساحه ٢٨٠ متر شارع ١٥ غربي مطلوب ٧٠٠ الف",250.0,Modern
جدة,حي ابحر الشمالية,شمال,300,0,5,5,3,1,1,1,1,0,0,1,1,1,0,1,1,0,0,65000,للايجار فيلا دبلكس سنوي جديده كامله في ابحر الشماليه حي المروج خليج سلمان للتواصل واتس اب / ‪+966 56 890 3241‬,216.67,New
جدة,حي الياقوت,شمال,300,3,5,5,4,1,1,1,1,0,0,1,0,1,0,1,1,0,0,50000,"فيلا للايجار 

حي الياقوت
طريق الامير نايف 

 #ايجار _فيلا_جدة. #ابحر #البنك الاهلي",166.67,Modern
جدة,حي الصوارى,شرق,250,4,5,5,4,1,1,1,1,0,1,1,1,0,0,1,1,0,0,100000,"فيلا للايجار بجدة تحديدا ابحر الشمالية قرب طريق الملك سعود الفيلا نظام أمريكي دبلوكس نظيفة الدور الأرضي غرفة ومطبخ وصالة كبيرة و 2 دورة مياه
الدور الثاني 3 غرف + غرفة الملابس وصالة ومطبخ سيرفس و3 دورة مياه
الدور الثالث 1 غرفة + غرفة خادمة و 1 دورة مي...",400.0,Modern
جدة,حي الفلاح,غرب,450,0,5,5,4,1,1,1,1,0,0,1,0,1,0,1,0,0,0,80000,"فيلا دوبلكس نظام شقق للايجار
عبارة عن فيلا دور ارضي  ٦ غرف و صالة و ٥ دورات مياة وغرفة شغالة ومخزن
الدور الأول شقتين من ثلاث غرف وصالة ومطبخ وثلاث دورات مياه اعزكم الله
والملحق شقة من ٣ غرف و٣ دورات مياة وصالة ومطبخ وسطح كبير وفيه حمامات ومغاسل اكرمك...",177.78,New
جدة,حي النعيم,شرق,350,5,7,5,5,1,1,1,1,0,1,1,0,1,0,1,1,0,0,100000,"العقار  فيلا للايجار 
المدينه جده الحي النعيم 
المواصفات الفيلا 
حوش كبير + 3 صوالين + مطبخ + 2 دوره مياه 
+ الاول 4 غرف نوم نظام ماستر + صاله 
+ مطبخ سيرف يخدم الدور الاول 
+ ملحق غرفه شغاله وغرفه غسيل + سطوح 
المطلوب 100 الف سنوي 
التواصل على الرقم...",285.71,Modern
جدة,حي البساتين,غرب,400,5,7,5,5,1,1,1,1,0,1,1,1,1,0,1,1,0,0,100000,"العقار فيلا للايجار 
المدينه جده 
الحي البساتين البركه مقابل قصر خالد الفيصل 
المواصفات الفيلا 
الدور الارضي 2 صوالين + صاله مطله على المسبح 
+ 2 دوره مياه + مطبخ راكب 
الدور الاول 4 غرف نوم 
+ ملحق غرفتين وصاله + غرفه شغاله + غرفه غسيل 
+ سطوح 
المم...",250.0,Modern
جدة,حي الحمدانية,غرب,660,5,7,5,3,1,1,1,1,1,1,1,1,1,0,1,1,0,0,120000,"فيلا مجهزه باثاث واجهزه كهربائيه للايجار بشكل كامل .
التواصل فقط في التطبيق الايجار سنويا 120 الف
الموقع قريب من طريق الحرمين ، والمدارس والخدمات",181.82,Modern
جدة,حي الشاطئ,شمال,500,0,5,5,2,1,1,1,1,0,1,0,1,0,0,0,0,1,0,200000,"فيلا دبلكس بحي الشاطئ 
الفيلا لم تسكن جديدة بمنافعها كاملة المساحة 500 متر..

الدور الأرضي: صالونين و صالة طعام و مسبح التكيف في الدور الأرضي فقط مركزي 

الدور الأول :
4 غرف نوم  4 حمامات و صالة 

الدور الثاني:
غرفة بحمام و غرفة غسيل و غرفة خادمة بحم...",400.0,New
جدة,حي الفلاح,شمال شرقي,600,7,5,5,4,1,1,1,1,1,1,0,0,1,0,0,1,0,0,60000,"فيلا للإيجار في حي الفلاح ، جدة ، جدة
الواجهة شمال شرقيأكثر من 5 غرف نوم4 صالات5 دورات مياةعرض الشارع 16 متردرج صالةعمر العقار اقل من 6 سنواتغرفة سائقغرفة خادمةمؤثثةحوشمطبخملحقمدخل سيارةمكيفالمساحة 612 متر مربع
المطلوب60  الف كل سنه",100.0,Medium
جدة,حي السلامة,جنوب,660,23,5,5,3,1,1,1,1,0,0,1,0,1,0,0,1,0,0,180000,فيلا كبيرة للايجار  قريبه من شارع حراء وشارع سلطان وداور التاريخ تنفع لمعهد او روضه او سكن عمال,272.73,Old
جدة,حي الحمدانية,شرق,420,0,5,5,2,1,1,1,0,0,0,1,0,1,0,1,1,0,0,50000,"فله للايجار درج داخلي دورين وملحق 
مطلوب ٥٠٠٠٠ج  ممكن الدفع شهري",119.05,New
جدة,حي الفلاح,شمال شرقي,612,6,5,5,4,1,1,1,1,1,1,1,0,1,0,0,1,0,0,60000,"فيلا للايجار الحمدانيه حي الفلاح تتكون الفله من4 مجالس 4 صالات6 دوره مياه مطبخ راكب مكيفات الفيلا بالكامل راكب 2مجلس مفروش سطح كبير
التواصل
0538274196
0556163219",98.04,Medium
جدة,حي الشاطئ,جنوب,360,7,4,5,2,1,1,1,1,0,1,0,1,1,1,1,0,0,0,150000,"رقم العرض/722

نوع العقار / فيلا فاخره للايجار


الموقع /  حي الشاطي


المواصفات / تتكون من 2 صاولين وغرفه معيشه
الدور الاول / عدد 4 غرف نوم   غرفتين نوم كل غرفه بحمام مستقل  وغرفتين نوم بحمام  وصاله  وسيرفيس

الملحق / غرفه شغاله بحمامها وغرفه غسيل  ...",416.67,Medium
جدة,حي النعيم,غرب,350,7,7,5,5,1,1,1,1,0,1,1,0,1,0,0,1,0,0,120000,"العقار فيلا للايجار 
المدينه جده 
الحي المسره من ارقي الحياء  في جده 
المواصفات الفيلا الدور الارضي
مجلسين + صاله + مطبخ ركاب 
الدور الاول 3 غرف نوم  نظام ماستر  + صاله 
+ ملحق غرفه شغاله + غرفه غسيل + سطوح 
المميزات الفيلا تكيف مركزي + ارضيات رخام 
...",342.86,Medium
جدة,حي البساتين,شرق,350,2,7,5,5,1,1,1,1,0,1,1,0,1,0,1,1,1,0,120000,"العقار فيلا للايجار 
المدينه جده 
الحي البساتين 3 
المواصفات الفيلا
الدور الارضي حوش + 2 صوالين + صاله 
الدور الاول 5 غرف نوم نظام + صاله 
+ ملحق غرف خدم + سطوح 
المميزات الفيلا تكيف مركزي راكب + مصعد جديد
المطلوب 120 الف سنوي 
التواصل على هذا رقم فق...",342.86,Modern
جدة,حي الياقوت,شمال,325,5,5,5,2,1,1,1,1,0,1,0,0,0,0,1,1,0,0,65000,يوجد كم فله ولكن ليست جميعها بها مكيفات على نفس المجمع للتواصل 0555686826,200.0,Modern
جدة,حي الخالدية,شرق,400,0,7,5,5,1,1,1,1,0,1,1,1,1,0,0,1,0,1,150000,"العقار فيلا للايجار 
المدينه جده 
الحي الخالديه 
المواصفات الفيلا 
الدور الارضي حوش + جراج سيارات 
+ 2 صوالين + صاله + مصعد 
الدور الاول 4 غرف نوم نظام ماستر + صاله 
+ ملحق غرفتين وصاله + غرف خدم + سطوح 
المميزات الفيلا تكيف مركزي وسبلت راكب 
+ مصعد ...",375.0,New
جدة,حي الزمرد,غرب,300,0,2,3,1,1,1,0,0,0,1,0,1,1,0,1,1,0,0,100000,"للإيجار السنوي فقط......

مجمع فلل شاليهات عائلية مطله على البحر المفتوح الفلل الصغيره من غرفتين وصاله كبيره والفلل الكبيره من 3 غرف وصاله كبيره مع مسبح عام للكبار ومسح عام للصغار مع العاب اطفال.

للتواصل واتس اب 
0507474722
0563030352",333.33,New
جدة,حي طيبة,جنوب,325,2,5,5,5,1,1,1,1,1,1,1,1,1,0,0,1,1,0,120000,,369.23,Modern
جدة,حي الشاطئ,شمال,750,11,5,2,2,1,1,0,0,0,1,1,0,0,0,0,0,1,0,350000,"فيلا مكتبية للايجار بموقع مميز داخل مجمع البيوتات الفيلا بموقع مميز قريب للمواقف والمدخل والمسجد مجددة بالكامل التكييف مركزي جديد من اسبوع شامل صيانة دورية مجانية للمكيفات 
قابل للتفاوض",466.67,Medium
جدة,حي البساتين,غرب,600,9,5,5,5,1,1,1,1,0,1,1,0,1,1,0,0,0,0,150000,"فلة للايجار في حي الباساتين

*تصلح حضانة 
او سكن مهندسين 
او سكن خاص او
 ٣ عوائل او مصنع خياطة ثياب
 او... 

مساحة ٦٠٠م
دورين +ملحق +بدروم + حوش +غرفة سائق او حارس...
للمزيد من المعلومات الرجاء التواصل على



    ٠٥٤٥٥٥٧١١٢ /0545557112 واتساب فقط",250.0,Medium
جدة,حي الياقوت,غرب,300,0,5,5,4,1,0,1,1,0,0,1,1,0,0,1,0,0,0,60000,"فلة جديدة(مجددة) للايجار فاخرة للعوائل 👍


الدور الارضي : صالتين مفتوحة +غرفة طعام + ٢ دورات مياه+ غرفة تصلح غرفة نوم او اي شيء +مطبخ راكب (جديد) +مدخلين


الدور الأول : ٣ غرف نوم + صالة كبيرة + ٢ دورات مياه....

الملحق: غرفة خادمة +غرفة غسيل +سطح ص...",200.0,New
جدة,حي الروضة,شرق,670,10,7,5,5,1,0,1,1,1,1,0,0,0,0,0,1,0,1,200000,فيلا روضة للايجار السنوي تتكون من ١٦ غرفه وحمامات مقسمه جاهزه للروضة واثاث مركب جاهز زي ماهو موضح لديكم في الصورة موقعها خلف برج بن حمران وكذلك موضح في الصور,298.51,Medium
جدة,حي الصفا,غرب,400,15,4,2,3,1,1,1,1,0,0,0,0,1,0,0,0,0,0,199000,"منزل بناء مسلح400م على شارع 15واجهة غربي..مستأجر حاليا..عداد كهرباء والموية شبكة وكل الخدمات ..وسط مدينة الخرمة جنب الامارة في حي النزهة..خالية من اي عيوب ولا عليها بنك وجاهزة للافراغ الفوري .
صك اليكتروني رقمي حسب الصورة ادناه.
مطلوب من الاخير 199 ا...",497.5,Medium
جدة,حي الياقوت,غرب,310,0,5,4,2,1,0,1,1,0,0,1,0,1,0,1,0,0,0,55000,"فلل للإيجار 👇👇👇
 بحي الياقوت مخطط هشام
٤ دوبلكسات
 مساحة  الواحدة ٣١٠ متر
الواحدة  مكونة من دورين و ملحق 
الدور الأول
 ٣ غرف نوم +صالة +مطبخ + حمامين
الدور الثاني
٣ غرف نوم + صالة +مطبخ +حمامين
الملحق
 غرفتين + حمام
يوجد غرفة سائق
المطلوب /٥٥ ألف ...",177.42,New
جدة,حي الزهراء,جنوب,400,9,5,5,2,1,1,1,1,0,1,1,1,0,1,0,1,0,0,160000,فيلا VIP  للإيجار بمدخلين  في حي الزهرة في أرقى مناطق الزهره بالقرب من شارع صاري وطريق الملك مساحتها ٤٠٠ متر مربع دورين وملحق مع مكيفات مركزيه واسبليت فيها بدروم به صالون وغرفة رياضة وغرفة مكتب ومطبخ سيرفس وحمام ومغاسل ويوجد بالدور الارضي مجلس كبير و...,400.0,Medium
جدة,حي الزمرد,شمال,900,6,5,5,5,1,1,1,1,1,1,1,1,0,0,0,0,1,0,250000,"فيلا واسعة  للايجار مساحة ٩٠٠ متر   المبلغ ٢٥٠ الف 
مكيفة بالكامل جزء مركزي والآخر سبيلت يوجد بها مصعد ومسبح  ومطبخ راكب من الطباع متكامل
… الدور الأول استقبال.....
 الدور الثاني صاله واسعة ٥ غرف نوم متفاوتة الأحجام  و٥ حمامات 
..... الدور الأخير عبا...",277.78,Medium
جدة,حي الصفا,شمال شرقي,600,0,5,5,2,1,0,1,1,0,1,0,0,1,0,1,1,1,1,100000,"الصفا 2 المربع الذهبي
فيلا دوبلكس
درج داخلي
دور وملحق
عدد 2 مطبخ
عدد عشرين مكيف اسبلت
خيمة مفروشه
غاز مركزي 

+966553562911
ابو بدر",166.67,New
جدة,حي الشاطئ,شمال,600,17,3,5,4,1,1,1,1,0,1,1,0,1,0,0,0,0,0,100000,"فيلا للايجار بحي الشاطي  
٦٠٠ متر مساحة الأرض  
٤ غرف نوم كل غرفه بحمام 
٤صوالين مكيفات اسبلت 
مطلوب ١٠٠الف
للمعاينة ٠٥٩٠٢٨٧٨٧٧",166.67,Old
جدة,حي الشاطئ,غرب,300,9,4,5,3,1,1,1,1,0,1,1,0,1,1,1,1,0,0,120000,"فيلا  للايجار بحي الشاطي قرب الممشي
٤ غرف نوم  نوم ٣ صالون و بيسمنت  
مطبخ راكب مكيفات مركزي

٥الاف تأمين 

للمعاينة ٠٥٩٠٢٨٧٨٧٧",400.0,Medium
جدة,حي البوادي,شمال,550,17,7,5,4,0,0,1,0,0,0,0,0,1,0,0,1,0,0,100000,"فله للايجار بحي البوادي مساحة ٥٥٠م٢
١٣غرفه واربع صالات و٧حمامات 
وحوش تصلح لشركه سكن او مكاتب  وتصلح ايضا  لمدرسه",181.82,Old
جدة,حي الصالحية,غرب,300,0,5,5,3,1,0,1,0,0,0,1,1,1,0,0,0,0,0,60000,"فيلا
درج داخلي دورين وملحق
الدور الاضي استقبال
والاول ارع غرف نوم وصالة
والملحق غرفتين وصالة
مطلوب ٦٠ الف
ويوجد مسبح",200.0,New
جدة,حي البغدادية الشرقية,جنوب شرقي,300,0,3,5,2,1,1,1,1,1,1,0,0,1,0,0,1,0,0,60000,شاملة الصيانه والكهرباء,200.0,New
جدة,حي البساتين,شمال شرقي,500,5,4,5,2,1,1,1,1,0,1,0,0,1,0,1,1,0,0,110000,"فيلا دوبلكس يوجد بيها مكيفات وخزان مستقل
يرجى الاتصال على الرقم التالي قبل الوصول للموقع 

محمد
    0573106290

مساحة الارض ٤٠٥
مساحة الفيلا ٥٠٠
الدور الاول
يوجد صالون كبير 
يوجد صالة كبيرة
حمامين
مطبخ
الدور الثاني
٤ غرف نوم
٣حمامات
وصاله
ومطبخ
الدور...",220.0,Modern
جدة,حي المحمدية,جنوب,380,10,4,5,3,1,1,1,1,0,0,1,0,1,0,1,1,0,0,65000,"فيلا للايجار بحي المحمديه 
٤نوم 
يوجد مطبخ 
مدخل سياره 

حوش كبير 


الرجاء الاتصال للمعاينه قبلها بوقت 0552807033",171.05,Medium
جدة,حي ابحر الجنوبية,شمال,550,8,3,5,2,1,0,1,1,0,0,1,0,0,0,1,1,0,0,90000,فيلا للإيجار بموقع متميّز في أبحر الجنوبية مكونة من 3 غرف نوم بمرفقاتها وصالون كبير للسيدات وصالون كبير للرجال و ملحق خارجي (ديوانية) وعدد 2 صالة وغرفة للغسيل وغرفة للسائق وغرفة للعاملة المنزلية. يوجد بها مطبخ جاهز,163.64,Medium
جدة,حي البساتين,شمال,550,5,5,5,2,1,1,1,1,0,1,1,1,1,0,1,0,0,0,110000,فيلا دوبلكس  ٥غرف نوم مجدده ب١١٠الف بحي البساتين ٣ التواصل 0501897961 فقط  الموقع ليس دقيق,200.0,Modern
جدة,حي طيبة,جنوب,300,10,7,5,4,1,1,1,1,1,1,1,0,1,0,1,1,0,0,55000,"فيلا منفصلة شارع ٢٥م شارع مزدوج- ٦٠ م مسجد
الفيلا بحالة جيدة جداً لم تأجر قبل ولم تسكن كثيراً 
مركب مكيفات اسبلت في جميع الغرف مركب مطبخ 

55,000 الف 
الحوش؛
غوفة سواق،موقف سيارة،حوش

الارضي؛
صالة رجال،حريم،صالة،٢حمام،مطبخ

الاول؛
٢غرف نوم ماستر،٢ غر...",183.33,Medium
جدة,حي ابحر الشمالية,جنوب غربي,600,5,4,5,3,1,1,0,1,0,1,1,1,0,1,0,1,0,0,180000,"منتجع خاص على البحر مباشرة
فلل خاصةللايجار  السنوي كل فيلا بمسبح خاص 4 غرف نوم 5 حمامات بدروم و 3 صالات",300.0,Modern
جدة,حي المحمدية,جنوب,300,5,5,4,1,1,1,1,1,0,0,1,0,0,0,1,0,1,0,90000,"فيلاه دبلكس للأيجار في حي المحمديه دورين وملحق 
الارضي مجلس ومجلط ومطبخ راكب وحمام 
الاول ٣غرف نوم وحمامين وسرفس مطبخ 
الثاني غرفة شغال بحمام وغرفة سائق وغسيل  وسطح
يوجود مصعد  
يوجود غرفة سائق 

لتواصل على الواتساب واتصال جوال اخر واتصال جوال اخر وا...",300.0,Modern
جدة,حي الصفا,شمال شرقي,450,30,6,3,1,0,1,1,0,0,0,0,0,0,0,0,1,0,0,80000,فيلا قديمة ، متعددة الاستخدام ، السعرقابل للتفاوض حسب الغرض ومدة العقد,177.78,Old
جدة,حي الحمدانية,شمال,330,2,7,5,3,1,1,1,1,0,1,1,0,1,0,1,1,0,0,55000,"فيلا دورين وملحق مجلس وغرفة مقلط وصاله وغرفة نساء مع منافها ودرج داخلي بالدور الاول ٤ غرف نوم مع مطبخ صغير وملحق غرفة مع الغسيل 
السعر ب ٥٥ الف ريال بالسنه ونفس  المواصفات فيلة بجميها فيها مكيفات مركبه والمطبخ راكبه",166.67,Modern
جدة,حي النهضة,شرق,750,10,7,5,3,1,1,0,0,0,1,1,0,1,0,0,0,0,0,100000,امام المسجد مباشره,133.33,Medium
جدة,حي المحمدية,غرب,350,18,3,4,2,1,0,0,0,0,0,0,0,0,0,0,0,0,0,100000,فيلا دبلكس علا شارع الامير سلطان المساحه ٣٥٠م  تنفع مكاتب تتكون من عشر غرف وصاله وبدروم علا مساحه الفيلا,285.71,Old
جدة,حي النهضة,شرق,360,9,4,5,3,1,1,1,1,0,1,1,0,1,0,1,1,0,0,85000,"فيلا للايجار بحي النهضه 

٤نوم  
تكيف 
مطبخ راكب 
نظيفه جدا حوش 



لتواصل ومعاينه يرجا اتصال 
0552807033",236.11,Medium
جدة,حي المحمدية,جنوب,330,11,3,5,2,1,0,1,1,0,1,1,0,1,0,1,1,0,0,75000,"فيلا للايجار بحى المحمديه
للتواصل يرجى الاتصال",227.27,Medium
جدة,حي المحمدية,غرب,380,2,5,5,4,1,1,1,1,0,1,1,0,1,0,1,1,0,0,100000,"فيلا للايجار بحي المحمديه  جديدة 
 موقع متميز وهادي للسكن العوائل   شارع ٢٥ متر   قريبه من مسجد   
مكيفات إسبليت جديدة و مطبخ جديد 
٥نوم 
حوش
مدخل سياره 
غرفه حارس 
الرجاء تواصل للمعاينه 
0552807033",263.16,Modern
جدة,حي الياقوت,غرب,262,0,5,5,3,1,1,1,0,0,0,1,1,1,0,1,0,0,0,60000,"فيلا للايجار في ابحر الشماليه حي الياقوت 

مساحه ٢٦٢متر 
دورين وملحق قريب شارع الأمير عبد المجيد 

الدور الارضي مجلس رجال 

مجلس نساء 

صالة 

مطبخ 

٢دورات مياه 


الدور الأول 

 ٤غرف نوم

٣دورات مياه 

صالة


الملحق 

٢ غرف نوم 

سطح 


مطلوب ٦٠ ال...",229.01,New
جدة,حي الزهراء,شرق,420,3,5,5,1,1,1,1,1,0,1,1,0,1,0,1,0,0,1,135000,فيلا اربعه غرف نوم وصاله تحت مجالس وصوالين ومدخل سياره  الموقع ليس دقيق عند التواصل   0501897961,321.43,Modern
جدة,حي النعيم,شمال,390,8,4,5,3,1,1,1,1,0,0,1,1,1,0,1,1,0,0,100000,"فيلا للايجار في حي نعيم  موقع متميز  
مطبخ راكب 

يوجد مسبح 
و4 غرف  
تفتح على حديقة كبيره 

موقع ممتاز  موقع غير دقيق 
الرجاء التواصل للمعاينه 
0552807033",256.41,Medium
جدة,حي الروضة,غرب,250,2,5,4,2,1,0,1,1,0,0,0,0,0,1,0,0,1,0,90000,"للايجار شقه250متر في عماره الدور الرابع 
شقة نظام فيلا دورين  الدور الاول٣ غرف نوم مع حمامات ومدخل خاص للدور  والدور الارضي  مجلس ومطبخ وصاله طعام وحمام ضيوف وغرفه شغاله مع حمام وموقف خاص وغرفة سائق في حي الروضه90الف الإيجار  العرض للزبون فقط 0535285...",360.0,Modern
جدة,حي البساتين,جنوب,360,4,4,5,4,1,0,1,1,0,1,1,0,1,0,1,1,0,0,95000,"فيلا دوبلكس للايجار و بها مكيفات سبلت جديدة و مطبخ راكب. 

الفيلا مكونة من
الدور الأرضي : 
صالتين و مجلس و مطبخ راكب و دورتين مياه و حوش خلفي. 

الدور الاول:
 ٣ غرف نوم و صالة ٣ دورات مياة و سيرفس.

الدور الثاني: غرفة اضافية مع دورة مياه و ملحق خلفي ...",263.89,Modern
جدة,حي المنتزه,شرق,680,9,5,3,1,1,0,0,0,0,0,0,0,0,0,0,0,0,0,90000,فله دور واحد,132.35,Medium
جدة,حي الزهراء,جنوب,400,8,5,5,5,1,1,1,1,0,1,1,1,1,1,0,1,0,0,160000,"فيلا فاخره للايجار   بحي الزهراء منطقه القصور   مساحه ٤٠٠ متر
٦غرف نوم 
تكيف مزكزي واسبلت 
يوجد قبو بدروم بمساحة الفيلا كبير 

مسبح كبير 
حوش وصالات كبيره 


الرجاء تواصل للمعاينه 0552807033",400.0,Medium
جدة,حي النعيم,جنوب,370,8,4,5,2,1,0,1,1,0,0,0,0,1,0,1,1,0,0,70000,"فيلا   للايجار بحي النعيم  
مطبخ راكب  جديد نظيف  

غرف النوم ٣
حوش  
حمامات نظيفه
الرجاء تواصل للمعاينه 
0552807033",189.19,Medium
جدة,حي طيبة,جنوب,312,7,5,5,2,1,1,0,1,0,1,1,0,0,0,1,0,0,0,65000,فيلاه للايجارمجدده خلف مطعم كنتاكي طيبه ارحيلي,208.33,Medium
جدة,حي الشاطئ,غرب,300,10,4,5,3,1,1,1,1,0,1,1,0,1,1,1,1,0,0,110000,"فيلا للايجار بحي الشاطي خلف الممشي 
4 غرف نوم
3 صوالين 
بدروم
غرفة شغاله  و مطبخ راكب 
تكيف مركزي 
مطلوب 110 الف",366.67,Medium
جدة,حي الزهراء,جنوب شرقي,600,10,5,5,2,1,1,1,1,0,1,1,1,1,0,0,0,0,0,160000,"للإيجار فيلا بحي الزهراء قريبة من سوق الشاطئ
الدور الأول عبارة مجلسين وصالة ودورتين مياة ومطبخ
الدور الثاني ٤ غرف نوم وصالة و٣ دورات مياة
الملحق غرفة شغالة بدورة مياة",266.67,Medium
جدة,حي الشاطئ,شمال,400,8,4,5,3,1,1,1,1,0,1,1,1,1,0,1,1,0,0,140000,"فيلا للايجار مستقله بحي الشاطي 400 متر 
5 غرف نوم 
3 صوالين 
تكيف مركزي و مسبح و حوش 2 موقف سياره 
مطلوب 140 الف",350.0,Medium
جدة,حي البساتين,شمال شرقي,650,17,5,5,5,1,1,1,1,0,0,1,0,1,0,0,1,0,0,150000,فله في البساتين شارع تجاري إداري مستقله تصلح مقر شركه كبيره فيها حوش يتسع ٦سيارات للمفاهمه ٠٥٣٧٠٦٠٠٥٠ امين ثابت مكتب الصفقه الأساسيه للعقار يسعدنا خدمتكم,230.77,Old
جدة,حي المحمدية,شرق,270,3,3,5,3,1,0,1,1,0,0,1,0,1,0,1,1,1,0,80000,فيلا للايجار بحي المحمدية مكونة من دورين و ملحق و بها ملحق إضافي به غرفة كبيرة مع دورة مياه.,296.3,Modern
جدة,حي المحمدية,غرب,380,7,4,4,2,1,1,1,1,0,1,1,0,1,0,1,1,0,0,75000,"فيلا   اداري  ونظيفه جدا  دوبلكس للايجار ٤ غرف نوم 
موقع متميزة 


تكيف مركزي 
مطبخ 
 
رجاء تواصل للمعاينه
0552807033",197.37,Medium
جدة,حي المحمدية,جنوب,380,8,4,4,3,1,0,1,1,0,1,1,0,1,0,1,1,0,1,80000,"فيلا للايجار  ٤نوم  نظيفه حوش مدخل سياره مكيفات مركزي  راكبه مطبخ راكب 



 الموقع غير دقيق رجاء تواصل لتحديد موعد اولا
0552807033",210.53,Medium
جدة,حي الزهراء,جنوب,400,10,5,5,4,1,1,1,1,0,1,1,1,1,1,0,1,0,0,160000,"فيلا للايجار بحي الزهراء منطقه القصور  
٦غرف نوم
مسبح كبير بجلسه 

تكيف مركزي 
مدخل سياره حوش كبير ومواقف 
مواعيد للمعاينه من الساعه ٥ المغرب الى العاشره مساء 



رجاء اتصال للمعاينه 
0552807033",400.0,Medium
جدة,حي المحمدية,شرق,300,10,4,5,2,1,1,1,1,0,1,1,0,1,0,1,1,0,0,85000,"فيلا للايجار فى المحمدية دورين وملحق 
٤ غرف نوم وصاله ومطبخ 
وغرفة شغاله وغرفة سواق
الموقع غير دقيق
للتواصل 0536778408",283.33,Medium
جدة,حي ابحر الجنوبية,غرب,500,5,4,4,4,1,1,1,1,0,1,1,0,1,0,0,0,1,0,180000,"فيلا للايجار بحي البساتين ٣ مكان راقي جدا.

الفيلا بها مكيف مركزي و مصعد صغير.

الفيلا جدا نظيفة",360.0,Modern
جدة,حي المحمدية,غرب,340,0,5,5,2,1,1,1,1,0,0,1,0,1,0,1,1,0,0,100000,"فيلا للايجار فى المحمدية دورين وملحق
الدور الارضى صوالين وصاله
٤غرف نوم و٣ حمامات وصاله وكتشن  
وملحق غرفتين وصاله وكتشن 
مطلوب ١٠٠ الف 
للتواصل 0536778408











فيلا للايجار فى البساتين البركه 
دورين وملحق مجلس رجال ومجلس حريم 
وصاله وحمامين وم...",294.12,New
جدة,حي السلامة,شمال,250,4,3,4,3,1,1,0,0,0,1,0,1,1,0,1,0,0,0,70000,"Villa for rent in a closed compound in Salama district.
The villa is very clean and has kitchen cabinets and ACs installed.
Bedrooms: 4
Bathrooms: 3
Living rooms: 2
Closed kitchen
New Split ACs

Facilities:

Recreation centre consists of:
Gathering a...",280.0,Modern
جدة,حي الزهراء,شرق,420,3,5,5,2,1,1,1,1,0,1,1,0,1,1,1,1,0,0,135000,فيلا دوبلكس اربعه غرف نوم وتحت صوالين ومجالس مع حوش خلفي الفيلا مكيفاتها راكبه ومطبخ راكب وساونا ومدخل لاكتر من سياره الموقع ليس دقيق للتواصل 0501897961,321.43,Modern
جدة,حي المحمدية,جنوب,375,10,4,5,2,0,1,1,1,0,1,1,1,1,0,1,1,0,0,100000,"فيلا للايجار بحى المحمديه 
٤ غرف نوم ومكيفات ومسبح",266.67,Medium
جدة,حي الزمرد,شرق,312,2,5,5,2,1,1,1,0,0,0,1,0,1,0,0,0,0,0,60000,"فيلا ليجار في حي الزمرد الجزء ب أدور الارضي مجلس الرجال بي دورت مياه ومجلس نساء بي دورات مياه وطبخ  وصاله أدور الاول ٣غرف نوم بي ٣دورات مياه وصاله المحق غرف نوم وصاله ١دورت مياه 
موقع مميز مطلوب ٦٠ الف سنوي 
نبيع ونشتري في جميع مخططات ابحر الشمالية و...",192.31,Modern
جدة,حي المحمدية,شرق,400,6,5,5,1,1,1,1,1,0,1,1,0,1,0,1,1,0,0,90000,فيلا دوبلكس ٥ غرف نوم وصاله مع مجالس وصوالين وغرفه طعام  و مطبخ  راكب الموقع ليس دقيق,225.0,Medium
جدة,حي النهضة,شمال,200,10,3,4,2,1,0,1,1,1,1,0,0,1,0,1,1,0,0,200000,فيلا في النهضه مؤثثه بالكامل للاجار,1000.0,Medium
جدة,حي الخالدية,شمال,400,8,7,5,5,1,1,1,1,0,1,1,1,1,0,0,1,0,0,120000,"العقار فيلا للايجار مستقله 
المدينه جده / 
الحي الخالديه من ارقى احياء جده 
المواصفات الفيلا مستقله على شارع 30 مزدوج
الدور الارضي حوش + مسبح + كراج سياره + غرفه سواق 
+ 3 صوالين + صاله مطله على المسبح 
+ 3 دوره مياه + مطبخ راكب 
الدور الاول 4 غرف نو...",300.0,Medium
جدة,حي البساتين,غرب,750,13,5,5,3,1,0,1,1,0,1,0,0,0,1,0,1,0,0,160000,فيلا للايجارفي حي البساتين تتكون من ٣ادواروبدروم كل دوريتكون من 10غرف الجمال الغرف 24غرفه تصلح روضه فيهامخرج طوارءالسعرفيه تفاوض,213.33,Medium
جدة,حي النهضة,شمال,500,15,5,4,1,1,0,0,1,1,1,0,0,1,0,1,1,0,0,120000,فيلا ايجار شبه فندقي يشمل الماء والكهرباء   تكييف مركزي واسبيليت  تحتوي على ( صالون وغرفة جلوس وصالة وثلاث غرف نوم وغرفة خادمة )  اثاث فاخر,240.0,Medium
جدة,حي الرياض,جنوب,400,5,7,5,1,1,1,1,1,0,1,1,0,1,0,0,1,0,0,60000,فيلا ضمن مشروع الفريدة على مساحة ٤٨٠م بمساحة بناء ٤٠٠م,150.0,Modern
جدة,حي الخالدية,شرق,350,4,7,5,5,1,1,1,1,0,1,1,1,1,1,1,1,0,1,110000,"العقار فيلا للايجار 
المدينه جده /
الحي الخالديه 
خلف مطعم توينا 
المواصفات بدروم 
+ حوش + مسبح 
+ غرفه سواق 
+ 3 صوالين + صاله + مطبخ 
+ الدور الاول 4 غرف نوم نظام ماستر + صاله 
+ ملحق غرفه شغاله + غرفه غسيل 
ملاحظه تكيف مركزي لكالمل الفيلا 
التواصل...",314.29,Modern
جدة,حي البساتين,شمال,800,10,7,5,5,1,1,1,1,0,0,1,1,1,0,0,1,0,0,160000,"العقار فيلا للايجار / 
المدينه جده /
الحي البساتين 3 
المساحه 800 متر 
المواصفات الدور الارضي حوش كبير
+ مسبح 
+ 3 صوالين 6 ف 7 + صاله طعام 
+ مطبخ + 2 دوره مياه
مواصفات الدور الاول 4 غرف نوم نظام ماستر 
+ صاله + مطبخ سيرفس 
+ ملحق يتكون من غرفتين وص...",200.0,Medium
جدة,حي الخالدية,غرب,450,6,7,5,5,1,1,1,1,0,1,1,1,1,0,0,1,0,0,120000,"العقار فيلا مستقله للايجار 
المدينه جده / 
الحي الخالديه 
خلف سوق الخالديه 
وقريبه من شارع سعود الفيصل 
وقريبه من طريق الملك 
المساحه 450 متر 
المواصفات 
الارضي حوش + مسبح + غرفه سواق + جراج سارات 
+ 3 صوالين + صاله 
مواصفات الدور الاول 4 غرف نوم نظا...",266.67,Medium
جدة,حي البساتين,شمال,350,6,7,5,5,1,1,1,1,0,1,1,0,1,0,0,1,0,0,90000,"العقار / فيلا للايجار 
المدينه جده /
الحي البساتين البركه مقابل قصر خالد الفيصل 
مواصفات الفيلا حوش + غرفه سواق 
+ 2 صوالين + صاله + مطبخ راكب 
الدور الاول 4 غرف نوم نظام ماستر + صاله +مطبخ سيرفس 
+ ملحق يتكون من غرفتين وصاله + 2 دوره مياه 
+ غرفه شغ...",257.14,Medium
جدة,حي ابحر الشمالية,شمال شرقي,290,0,5,5,2,1,1,1,1,0,0,1,1,1,0,1,1,0,1,100000,"لايجار فيلا دورين وملحق ومسبح خلف سوبرماركت صواري مول مقابل شاليهات الكريستال.بها مطبخ أيكياقيمته 45000 ريال راكب وجميع المكيفات  سبلت راكبه
الدور الأرضي 2 مجلس _ صاله -مطبخ مركب _ 2 حمام
الدور الثاني  4 غرف نوم _صاله _3 حمام -مطبخ صغير
الملحق 
به غر...",344.83,New
جدة,حي الشاطئ,شرق,334,15,4,4,4,1,1,1,1,0,1,1,1,0,0,1,1,0,0,160000,فيلا للايجار مساحتها (334)متر مربع بها (٣) غرف نوم بحمام (١)تراس بالدور الثاني( ٣)صالات (١)سفرة /بها غرفة شغالة مع حمام وغرفة مغسلة /وبها غرفة حارس مع حمام /وبركن سيارة ومسبح /الايجار السنوي 175000ريال,479.04,Medium
جدة,حي المحمدية,غرب,350,6,5,5,3,1,1,1,1,0,1,1,1,1,0,1,1,0,0,140000,للأيجار فيلا في المحمديه ٢مجلس وصاله ومطبخ وحمامين و٤غرغه نوم وصاله ٤حمام وملحق غرفتين وصالة وحمامين  ومطبخ  وغرفه شغله  وغرفه غسل  ومسبح السعر ٩٠لف فيه,400.0,Medium
جدة,حي السلامة,شمال,275,8,5,5,1,1,1,0,1,0,0,0,0,0,1,0,0,0,0,70000,فيلا روف دورين بحي السلامه,254.55,Medium
جدة,حي طيبة,شمال,600,10,5,5,4,1,1,1,0,0,0,1,0,1,0,0,0,0,0,170000,"فلة مستقلة مساحة ٦٠٠ عدد الشقق ٢ بالدور الأول والدور الارضي فلة مستقلة ٦ غرف مدخلين والشقق من ثلاث غرف ودورتين مياة مدخل داخلي 
ينقص إحدى الشقق سيراميك الأرضية 
شغل الفلة شخصي السعر ١٧٠٠٠٠٠ مليون وسبعمائة ألف ريال عمر العقار قاربت العشر سنوات",283.33,Medium
جدة,حي طيبة,شمال,312,4,5,5,3,1,1,1,0,0,0,1,0,1,0,1,0,0,0,90000,"فيلا دوبلكس حي طيبه خلف قاعة الإسطوره
مساحه ٣١٢ الطبيعة ٥٥٠م دورين وملحق
يوجد شترات وشبابيك حديد وتراث بفناء
خلف الفيلا أيضا سطح كبير الملحق غرفتين
عدد الغرف ١٢ غرفه قريبه من الخدمات مطلوب ٩٠ الف قابل للتفاوض",288.46,Modern
جدة,حي السلامة,شمال,275,8,5,5,1,1,1,0,1,0,0,0,0,0,1,0,0,0,0,70000,فيلا روف دورين بحي السلامه,254.55,Medium
جدة,حي المحمدية,غرب,300,0,5,5,3,1,1,1,1,0,0,1,0,1,0,1,1,0,0,90000,فيلا جديده للايجار قابل للتفاوض,300.0,New
جدة,حي الشاطئ,جنوب,400,7,3,4,3,1,0,0,1,0,1,0,0,1,0,1,1,1,0,140000,فيلا تصميم  ميدتيرين,350.0,Medium
جدة,حي الشاطئ,شمال,350,9,5,5,2,1,1,1,1,0,1,1,1,1,0,1,1,0,0,120000,فيلا للايجار حى الزهراء مكونه من دورين وملحق ويوجد مطبخ ومكيفات ومسبح,342.86,Medium
جدة,حي الزمرد,جنوب شرقي,900,0,5,5,1,1,1,0,0,1,1,1,0,1,0,0,0,0,0,50000,"مجلس رجال مع دورة مياة اكرمك الله منفصله عن المنزل 
دكة خارجيه
مجلس نساء ودورة مياة
صاله
مطبخ نظام امريكي 
غرفة نوم رئيسية بدورة مياة
غرفة نوم بدورة ميارة
غرفتين بدورة مياة مشتركة
الحوش مزروع بالشجر
موقف سيارة",55.56,New
جدة,حي الشاطئ,جنوب,300,7,3,4,3,1,0,0,1,0,1,0,0,1,0,1,1,1,0,130000,"فيلا دوبلكس تصميم ميديتيرين موزعة علي 3 أدوار:
الدورالارضي / صالون المعيشة وغرفة طعام وحمام ضيوف ومطبخ جاهز بالدواليب .
الدور الأول/ غرفتين نوم ماستر بكل غرفة وحمام.
الدور الثاني /غرفة نوم وحمام وغرفة صغيرة مع غرفة غسيل البلكونة.",433.33,Medium
جدة,حي الشاطئ,شرق,300,15,5,5,2,1,1,0,1,0,0,0,1,1,0,0,1,0,0,200000,"التفاصيل 
عدد الفلل المعروضه : 2 بنفس التصميم
المساحه لكل فيلا: 300م
صك محدث ومنفصل لكل فيلا
نوع البناء: شخصي سوبر لوكس

يوجد مسبح 
الدور الارضي مجلس وسفرة طعام
وصاله ومطبخ راكب 
 وعدد ٢ حمام ومغاسل

الدور الاول غرفة رئيسيه بحمامها و ٣ غرف كبار وحمام...",666.67,Medium
جدة,حي الخالدية,3 شوارع,5000,17,5,3,1,1,1,1,1,0,1,0,1,1,0,0,1,0,0,800000,"مجمع سكني مكون من ١١ فيلا دوبلكس كل فيلا لها حوش خاص ومدخل خاص ومدخل اخر على المجمع 
ويوجد مسبح مشترك
للتفاصيل التواصل على الواتس اب
0582711511
مطلوب ٨٠٠ الف تفاوض",160.0,Old
جدة,حي الخالدية,شمال,900,9,5,5,2,1,1,1,1,0,1,1,1,1,1,0,0,1,0,180000,"فيلا بحي الخالدية على شارع واحد ١٥م ، مساحة ٩٧٠م٢ ، مكونة من 
الدور الارضي موقف سيارات مظلل غرفة حارس مع حمام حوش ومسبح مع ملحق مطبخ خارجي غرفة ملابس وحمام 
مدخل بقبة زجاج معشق صالون ضيوف و سفرة طعام و مجلس و مكتب و مطبخ راكب و ٢ حمام الارض كلها رخام...",200.0,Medium
جدة,حي المحمدية,غرب,300,9,4,5,2,1,1,1,1,0,1,1,0,1,0,1,1,0,0,75000,"فيلا للايجار بحى المحمديه 
قابل للتفاوض",250.0,Medium
جدة,حي المحمدية,غرب,300,4,4,5,2,1,1,1,1,0,1,0,0,0,0,1,1,0,0,75000,فيلا تجاري سكني ض,250.0,Modern
جدة,حي البوادي,شمال غربي,600,10,7,2,1,1,0,0,0,0,0,0,0,0,0,0,0,0,0,130000,"سكن عمال للاجار جده حي البوادي 
فيلا 3ادوار وملحق 
كل دور 4غرف وصاله مطبخ دورتين مياه
والملحق غرفتين وصاله ودورة مياه 
المجموع 14 غرفه 
المطلوب 130 الف فقط

للتواصل الاتصال 
0552525242
* المساحة:600 للمتر 
* الواجهة:شمال غربي .
* يتوفر مطبخ .
* يوجد ...",216.67,Medium
جدة,حي الفلاح,غرب,400,3,5,5,3,1,1,1,1,0,0,1,1,1,0,0,1,0,0,80000,"فيلا للاجار 
مساحتها ٤٠٠ م م
دورين وملحق  ١٠ غرف و٧ حمامات و٣ صالات كبيره ومطبخين مطبخ اساسي كبير ومطبخ سيرفس وسطوح وحوش ومسبح بالحوش وسيع وكبير ومايوجد اي مشاكل بالكهرباء والمويه  المطلوب ٨٠ الف",200.0,Modern
جدة,حي المحمدية,غرب,360,7,5,5,2,1,1,1,0,0,1,1,0,1,0,1,1,0,0,100000,"فيلا للايجار مكيفات ومطبخ راكب 

الموقع غير دقيق 

للتواصل ٠٥٣٨٨٧٣٨٢٠",277.78,Medium
جدة,حي النهضة,غرب,312,10,3,5,2,1,1,1,1,0,1,1,0,1,0,1,0,0,0,75000,"فيلا للايجار في حي النهضه فيها الارضي صالونين وصاله ومطبخ ومخزن  
الاول صاله وغرفة مأستر وفيها غرفة ملابس وغرفتين نوم تانيه
ملحق غرفة شغاله وغرفة غسيل",240.38,Medium
جدة,حي ابحر الجنوبية,غرب,500,14,5,5,5,1,0,1,1,0,0,1,1,0,0,1,0,0,0,140000,فيلتين دبلوكس  للايجار التأجير للشركات أو الموضفين او العمال فقط لمزيد.من التفاصيل يسعدني تواصلك,280.0,Medium
جدة,حي النهضة,جنوب,200,15,6,4,2,1,0,1,0,0,1,0,0,0,0,0,1,0,0,50000,فيلا روف بمدخل جانبي خاص تتكون من ٦غرف باحدث الديكورات للتواصل المالك/٠٥٥٤٠٠٥٢٥٣,250.0,Medium
جدة,حي النهضة,شمال,300,13,4,5,2,1,0,1,1,0,1,0,0,0,0,0,1,0,0,80000,فلا للايجار في حي النهضه المطلوب ٨٠الف الموقع غير دقيق لا يوجد صور للمفاهمه ٠٥٥٢١٦٢٠٣٣,266.67,Medium
جدة,حي الشاطئ,شرق,500,15,7,5,5,1,1,1,1,0,1,1,1,1,0,0,1,0,0,120000,"فيلا سكنية للايجار
حي الشاطى
خلف ممشى الهيلتون مباشرة
ظهيرة شارع فيصل بن فهد
قديمة تحتاج ترميم",240.0,Medium
جدة,حي الجامعة,3 شوارع,495,15,7,5,2,1,1,0,0,0,0,0,0,1,0,0,1,0,0,60000,"يناسب سكن عمال فله دورين 8 غرف 5 حمامات حوش داير مدار موقف داخل الحوش 4 سيارات مع سطح 
موقع قريب من مطاعم واسواق تجاريه جامعه بلازا هيبر بنده",121.21,Medium
جدة,حي النعيم,شرق,200,12,5,5,2,1,0,1,1,0,0,0,0,0,0,1,0,0,0,70000,فيلا روف دورين سطحين خمس غرف نوم اجاره 70000   درج داخلي     حي النعيم يوجد كمان شقه خمس غرف صاله كبيره اربع دورات مياه ايجار٤٥ الف رقم الجوال ٠٥٥٥٦٤٢٣٧٩ أبو نايف,350.0,Medium
جدة,حي النعيم,شرق,575,22,5,5,2,1,0,1,1,0,0,1,0,1,0,0,0,0,0,90000,"فيلا للايجار بحي النعيم تنفع سكن عمال وفيها تقريبا اكثر من ١٢ غرفة

مطلوب  ٩٠ الف ايجار سنوي

الموقع غير دقيق وللمفاهمة جوال
٠٥٩١٤٨٢٦٣١",156.52,Old
جدة,حي طيبة,شمال شرقي,750,15,5,4,3,1,1,1,1,0,0,1,1,1,0,0,1,1,0,130000,"للايجار وللاستثمار طويل الاجل 
فيلا كبيرة
 شارعين 
ودورين وملحق 
ومسبح 
ومصعد 
فناءكبير 
مناسب لعمل جلسه ع المسبح 
او ملعب قدم او طائرة",173.33,Medium
جدة,حي المحمدية,غرب,300,10,3,5,4,1,0,1,1,0,1,0,1,1,0,1,1,0,0,140000,"دوبلكس للايجار الدور الارضي صوالين والدور الاول 3غرف نوم ماستر والملحق غرفه كبيره وغرفه شغاله  تكيف راكب مطبخ راكب المطلوب 140الف دفعه واحده
الموقع غيردقيق",466.67,Medium
جدة,حي الزهراء,شرق,440,20,7,5,2,1,1,1,1,0,1,0,0,1,0,0,1,0,0,160000,"فيلا بحى الزهراء شرقيه على شارع عرض 16 متر
مساحتها 440 متر مربع . مساحة الازض 800 متر مربع

الدور الارضي تحتوي على صالون 40 متر مربع وغرفة طعام 24متر مربع ، غرفة مكتب ،صالة ، حمام ، مطبخ كامل الدواليب مطل على الحديقة ، غرفة خادمة بحمام ، مع مكان للغس...",363.64,Old
جدة,حي الحمدانية,شرق,300,0,5,5,1,1,1,1,1,1,1,1,0,1,0,1,0,0,0,150000,فيلا دوبلكس مفروشه بالكامل فخمه جدا,500.0,New
جدة,حي الرحاب,شمال,750,30,7,5,2,1,0,1,0,0,1,1,0,1,0,0,0,0,0,100000,"للايجار فيلا دورين بحي الرحاب شارع ٢٥ شمالي 
قريب جداً من التحلية وعلى بعد خطوات من منشى الرحاب",133.33,Old
جدة,حي المحمدية,جنوب,370,8,4,5,4,1,1,1,1,1,1,0,1,1,0,0,1,1,0,90000,"للايجار العائلي أو صالون نسائي
للمفاهمة بالمعقول 
للتواصل عن طريق الواتساب : 0568384747",243.24,Medium
جدة,حي الحمراء,شمال,550,20,5,5,3,1,1,0,1,0,0,1,0,1,0,0,1,0,0,120000,"السلام عليكم 

الفيلا مكونة من دورين ، الفيلا تصلح لمؤسسة أو شركة أو عيادة أو مكتب وغيره 

للتواصل اتصال

0505624282",218.18,Old
جدة,حي الزمرد,شرق,290,0,4,5,2,1,1,1,1,0,0,1,0,1,0,1,1,0,0,65000,"فيلا دوبلكس منفصل 
دور أرضي: مجلس، دورة مياه، صالة، مجلس حريم، مطبخ
دور أول: صالة، غرفة نوم رئيسية بدورة مياه، غرفة نوم بدورة مياه، غرفتين نوم + دورة مياه مشتركة.
ملحق: غرفة نوم بحمام
غرفة خادمة بحمام
غرفة غسيل
سطح",224.14,New
جدة,حي البساتين,غرب,350,8,4,5,3,1,1,1,1,0,0,1,0,1,0,1,1,0,0,100000,"فيلا للايجار بالبساتين3 مطلوب100الف
الموقع غيردقيق بالمره",285.71,Medium
جدة,حي النهضة,غرب,300,5,5,4,3,1,1,1,1,0,1,1,0,0,0,1,0,0,0,85000,"فيلا دبلكس دورين وملحق 
اي شي صالونات ومطبخ
اول غرف نوم 
ملحق غرفه وحمام
مكيفات راكبه ومطبخ
ارسل واتس واسئل عن الصور وتفضل للمعاينه
يسعدني تواصلك",283.33,Modern
جدة,حي الشاطئ,جنوب غربي,700,0,5,5,3,1,1,1,1,0,1,1,1,0,1,0,1,1,0,400000,فيلا فاخره مودرن. للايجار,571.43,New
جدة,حي الحمراء,شمال,750,30,7,3,4,1,1,1,1,0,1,1,0,1,0,0,1,0,0,320000,ڤلا في حي الحمراء شمال مركز الجمجوم وشرق فندق الرتس كرلتون و قريبه من البحر,426.67,Old
جدة,حي المحمدية,غرب,350,14,4,5,4,1,0,1,0,0,0,1,0,0,0,1,1,0,0,130000,"فيلا للايجارع شارع الامير سلطان تصلح مقر شركه 
دورين وملحق وبدروم اجمالي العرف 9غرف مطلوب 130الف الموقع غيردقيق",371.43,Medium
جدة,حي الامير فواز الشمالي,شمال,900,21,4,5,3,1,1,1,1,0,0,1,0,1,0,0,1,0,1,65000,فيلا مجدده وبها ملحقين بالحوش بالاضافه الى قربها من المسجد وباب خلفي مطل على المسجد,72.22,Old
جدة,حي الشاطئ,شرق,300,12,6,5,2,1,1,1,1,0,1,1,1,1,0,1,1,0,0,100000,"ايجار فيلا دوبلكس 
جدة - حي الشاطئ/١
الدور الأرضي : ٢صالون - صالة كبيرة على المسبح - غرفة مسبح مكيفة - ٢دورات مياه - مطبخ مؤثث . 
الدور الأول : ٤ غرف نوم - ٣دورات مياه - صالة وسرفيس . 
الدور الملحق: غرفتين وحمام وغرفة غسيل. 
الاضافات : خزان غاز كبير ...",333.33,Medium
جدة,حي ابحر الشمالية,شرق,290,7,5,5,2,1,1,1,1,1,1,0,1,1,0,1,1,0,0,80000,"فلة مؤثثة للإيجار في حي ابحر الشمالية بجانب مسجد قريبة من جميع الخدمات ، عشر دقائق بالسيارة الى كورنيش أبحر. خمس غرف نوم ومجلس وصالة طعام ومسبح وصالة ومطبخ. للإيجار الشهري - الموسمي.. الحد الأقصى للتأجير 9 أشهر.
الفلة بيت عطلات للعائلة في فترة الصيف ...",275.86,Medium
جدة,حي الواحة,3 شوارع,2000,20,5,5,3,1,1,1,1,1,1,1,0,1,1,0,1,0,0,290000,"قبو وثلاث ادوار
19 غرفه اصغرها 6 في 6 واكبرها 13 في 6
3 صالات 
13 حمام كامل
على ثلاث شوارع شرقي غربي جنوبي 
القبو فيه قسم كبير للسيارات
حوش كبير
 
جلسه خارجيه في الحوش
نخل مثمر

مجالس كبيره
مكيفات سبلت
مؤثث كامل
مطبخ كبير
خزان ماء كبير",145.0,Old
جدة,حي الشاطئ,جنوب,300,13,5,5,4,1,0,1,1,0,1,1,0,0,0,1,1,0,0,150000,"فيلا للايجار دوبلكس ٣٠٠ متر 
١٠ غرف الإجمالي 
تصلح مكتب او مشغل 
مطلوب ١٥٠ الف
للمعاينة الاتصال فقط علي ٠٥٩٠٢٨٧٨٧٧",500.0,Medium
جدة,حي النعيم,شرق,550,30,7,3,3,1,0,1,0,0,0,1,0,1,0,0,0,0,0,120000,"عمارة في حي النعيم في موقع حيوي و قريبة من طريق الأمير سلطان و مجمع حراء أفينيو مكونه من دورين و ملحق كانت مؤجرة لشركة كسكن عمال و أنتهى العقد.. و أرغب في تأجيرها لأحدى الشركات كسكن للعمال أو كمستودع للشركات  .. 

ملاحظة: التأجير بعقد طويل المدة
التو...",218.18,Old
جدة,حي البساتين,جنوب غربي,375,0,6,4,3,1,0,0,1,0,0,1,0,1,0,1,1,0,0,100000,"فيلا فاخرة للايجار 
موقع مميز يتوسط طريق الملك و شارع الامير سلطان و طريق المدينة
تشطيف فاخر",266.67,New
جدة,حي الزهراء,شرق,166,10,6,5,4,1,1,1,1,0,1,1,0,1,0,0,1,0,0,160000,٠٥٦٥٣٤٣٦٣٧,963.86,Medium
جدة,حي الصالحية,شمال,300,0,5,5,2,1,1,1,0,0,0,1,0,1,0,1,1,0,0,55000,فيلا ايجار جديده درج داخلي,183.33,New
جدة,حي ابحر الجنوبية,شرق,300,8,4,4,2,1,0,1,1,0,0,0,0,1,0,1,0,0,0,60000,للإيجار فيلا في ابحر الحنوبية الشرقي,200.0,Medium
جدة,حي الزهراء,شرق,800,14,4,5,2,1,1,1,1,0,1,0,0,1,0,0,1,0,0,160000,"فيلا  للايجار بحى الزهراء 
دورين بدون ملحق ٤ غرف نوم مكيفات ومطبخ راكب",200.0,Medium
جدة,حي الحمدانية,غرب,300,0,5,4,4,1,1,1,1,1,1,1,1,1,0,1,0,0,0,55000,فلا لليجار دوين وملحق بحي  غرف نوم ومجالس بحي الصالحيه مطلوب 55قابل لتفاوض فله نظيفه فله فخمه,183.33,New
جدة,حي الحمدانية,جنوب,390,5,5,3,2,1,1,1,0,0,0,0,0,1,0,0,0,0,0,50000,"فلا للايجار مساحت ٣٩٠ م الدور الارضي مجالس رجال ومقلط مجلس حريم  مطبخ  ٢ دورات مياه 
ادور الأول ٥غرف نوم ٣ دورات مياه 
ملحق غرفتين ودورت مياه",128.21,Modern
جدة,حي المحمدية,شرق,345,13,4,5,2,1,1,1,1,0,1,1,0,1,0,1,1,0,0,80000,فيلا للايجار بحى المحمديه مكيفات ومطبخ راكب,231.88,Medium
جدة,حي الفردوس,جنوب,300,2,5,5,3,1,1,1,1,0,0,1,1,1,0,1,1,1,0,80000,"فيلا للايجار بحي ابحر الشماليه 
الفردوس تتكون من 
١٠غرف و٤صالات و٧حمامات
مسبح مصعد غرفه شغاله غرفه سواق 
شي مرتب مجدده بويات سباكه كهربا 
قريب من خدمات شي نضيف",266.67,Modern
جدة,حي الشاطئ,غرب,330,6,5,5,3,1,1,1,1,0,0,0,1,1,0,0,0,1,0,140000,للايجار فيلا دورين وملحق في حي الشاطئ,424.24,Medium
جدة,حي الروضة,غرب,656,0,5,4,4,1,0,0,0,0,1,1,0,1,0,0,1,1,0,600000,"مبنى  اداري فخم حي الروضة
الدور الأرضي652.80 م2
الدور العلوي652.80 م2
القبو181.40 م2
المجموع1.487 م2
بموقع ممتاز يتضمن المبنى كامل الخدمات ومواقف سيارات، تكييف مركزي، نظام حماية الحريق، نظام كاميرات مراقبة.
الدور الأرضي: 5 مكاتب كبيرة كل مكتب ملحق به...",914.63,New
جدة,حي الروضة,شرق,100,0,2,3,1,1,0,0,0,0,1,0,1,0,0,0,1,0,0,62000,"مجمع ديار الروضة السكني يوفر لك جميع الخدمات والمرافق التي تحتاجها العائلة الصغيرة
-مسبح للكبار والصغار 
-نادي رياضي
-جلسات خاصة بالعوائل داخلية
-جلسات خاصة للعوائل خارجية
-كاميرات وامن ٢٤ ساعة 
-موقف خاص لكل وحدة سكنية خارجية",620.0,New
جدة,حي طيبة,شرق,312,0,5,5,3,1,1,1,1,0,0,1,0,1,0,0,1,0,0,70000,"للايجار فيلا دبلكس منفصلة مخطط الرحيلي_مدينة_طيبة_قريب من طريق المدينة_جدة
المساحة: 312 متر
شارع: 16م
واجهة : شرقية
يوجد غرفة سائق بحمام
يوجد غرفة خادمة
جوش
نوافذ شتر
❁تتكون الفيلا من دورين وملحق
✿الدور الارضي
-مجلسين رجال ونساء بمدخلين ، مجلط ،صالة ...",224.36,New
جدة,حي المحمدية,شرق,375,9,5,5,2,1,0,1,1,0,0,1,1,1,0,0,1,0,0,100000,"فيلا للإيجار  خلف شركة المياة حي المحمدية_مدينة جدة
●التفاصيل :
الموقع : حي المحمدية
مساحة الارض : 375 م
مساحة المباني : 500 م
شارع : 16 م
●المواصفات :
تتكون الفيلا من دورين وملحق
• الدور الارضي : 
يتكون من صالونين الاول يستوعب 15 شخص. والاخر صالون ك...",266.67,Medium
جدة,حي المحمدية,شمال,250,8,4,3,2,1,1,1,1,0,1,1,0,1,0,0,1,0,0,130000,"فيلا اداريه مكونه من ٣ غرف نوم دورين وملحق موقف سياره 
غرفه حارس مقسمه غرف",520.0,Medium
جدة,حي الزمرد,شمال,312,2,5,5,3,1,1,1,1,0,0,1,0,1,0,1,0,1,1,55000,"فله للايجار في ابحر الشماليه نظام ادوار
الدور الارضي عباره عن مجلس رجال وصاله ومطبخ ودورتين مياه غرفتين نوم الدور الثاني اربع غرف نوم وصاله ومطبخ وثلاث دورات مياه الملحق عباره عن مجلس وصاله غرفة شغاله دورتين مياه    مطلوب ٥٥الف",176.28,Modern
جدة,حي الياقوت,شرق,280,0,5,5,3,1,1,1,0,0,0,1,1,1,0,1,1,0,0,50000,فلل للايجار في ابحر الشماليه مخطط الياقوت دورين وملحق خمسه غرف وثلاث صالات ومطبخ خمس دورات مياه مطلوب ٥٠الف,178.57,New
جدة,حي البساتين,جنوب,350,10,4,4,2,0,1,1,1,0,1,1,0,1,0,1,0,0,0,90000,"فيلا في حي البساتين دوبلكس
مكونه من اربعه غرف نوم ووحده منهم ماستر 
مجلسين رجال وحريم بس الحمامات وصاله ومطبخ 
موقف سيارة غرفه حارس 
ملحق غرفه خادمه غرفه غسيل بداخل الحمام وسطح،،",257.14,Medium
جدة,حي الزهراء,جنوب,400,7,5,5,3,1,1,1,1,0,1,1,1,1,1,1,1,0,0,160000,"فيلا للايجار بحى الزهراء مكيفات ومطبخ راكب 
6 غرف نوم ويوجد مسبح",400.0,Medium
جدة,حي الزمرد,غرب,300,0,5,4,2,1,0,0,1,1,1,0,1,1,0,0,1,0,0,220000,"فيلا للايجار السنوي  في شاطىء البردايس 

6 غرف نوم 
5 دورة مياه 
مسبح مشترك 
صالون كبير 
اطلاله على البحر مباشرة",733.33,New
جدة,حي الشاطئ,شمال,300,0,5,5,2,1,1,1,1,1,1,1,1,1,0,1,1,0,0,250000,,833.33,New
جدة,حي البساتين,شرق,650,20,7,5,2,1,1,1,1,0,1,1,0,0,0,0,1,0,0,120000,فيلا  للإيجار تنفع مكتب محاما او سكني مباشره على طريق المدينة,184.62,Old
جدة,حي الياقوت,غرب,250,0,5,5,3,1,1,1,1,0,1,1,0,1,0,1,1,1,0,80000,فيلا للايجار بحى الياقوت مكيفات ومصعد ومطبخ راكب فيلا مفصوله,320.0,New
جدة,حي الروضة,شرق,110,0,2,3,1,1,0,0,1,0,1,0,0,0,0,0,1,0,0,65000,"مجمع ديار الروضة السكني يوفر لك جميع الخدمات والمرافق التي تحتاجها العائلة الصغيرة
-مسبح للكبار والصغار 
-نادي رياضي
-جلسات خاصة بالعوائل داخلية
-جلسات خاصة للعوائل خارجية
-كاميرات وامن ٢٤ ساعة 
-موقف خاص لكل وحدة سكنية خارجية",590.91,New
جدة,حي الروضة,جنوب غربي,250,10,4,4,2,1,0,0,0,0,1,1,0,1,0,1,1,0,0,100000,"فيلا للايجار في حي الروضه
مكونه من اربعه غرف نوم بس الحمامات وواحده ماستر مطبخ سيرفيس وصاله معيشه 
الدور الارضي 
مجلسين رجال ومجلس حريم حمامين وصاله مسبح مطبخ راكب
الملحق 
غرفه خادمه غرفه غسيل وسطح",400.0,Medium
جدة,حي الشاطئ,شمال شرقي,300,2,3,4,1,1,1,0,1,1,1,0,1,1,0,1,1,0,0,150000,"فلل فندقيه فاخره للايجار الشهري والسنوي بجانب الردسي مول وتبعد ٢٠٠ م عن الكورنيش
الفيلا دورين مكونه من ٣ غرف نوم وصالتين و ٤ حمامات ومطبخ كيير وغرفة خادمه 
نادي صحي متكامل للموقع كامل
الايجار الشهري / ٢٥٠٠٠ الف مع الخدمات بدون كهرباء
الايجار السنوي /...",500.0,Modern
جدة,حي الروضة,شرق,100,0,2,3,1,1,0,0,0,0,1,0,1,0,0,0,1,0,0,62000,"مجمع ديار الروضة السكني يوفر لك جميع الخدمات والمرافق التي تحتاجها العائلة الصغيرة
-مسبح للكبار والصغار 
-نادي رياضي
-جلسات خاصة بالعوائل داخلية
-جلسات خاصة للعوائل خارجية
-كاميرات وامن ٢٤ ساعة 
-موقف خاص لكل وحدة سكنية خارجية",620.0,New
جدة,حي طيبة,شرق,312,0,5,5,3,1,1,1,1,0,0,1,0,1,0,0,1,0,0,70000,"للايجار فيلا دبلكس منفصلة مخطط الرحيلي_مدينة_طيبة_قريب من طريق المدينة_جدة
المساحة: 312 متر
شارع: 16م
واجهة : شرقية
يوجد غرفة سائق بحمام
يوجد غرفة خادمة
جوش
نوافذ شتر
❁تتكون الفيلا من دورين وملحق
✿الدور الارضي
-مجلسين رجال ونساء بمدخلين ، مجلط ،صالة ...",224.36,New
جدة,حي المحمدية,شرق,375,9,5,5,2,1,0,1,1,0,0,1,1,1,0,0,1,0,0,100000,"فيلا للإيجار  خلف شركة المياة حي المحمدية_مدينة جدة
●التفاصيل :
الموقع : حي المحمدية
مساحة الارض : 375 م
مساحة المباني : 500 م
شارع : 16 م
●المواصفات :
تتكون الفيلا من دورين وملحق
• الدور الارضي : 
يتكون من صالونين الاول يستوعب 15 شخص. والاخر صالون ك...",266.67,Medium
جدة,حي المحمدية,شمال,250,8,4,3,2,1,1,1,1,0,1,1,0,1,0,0,1,0,0,130000,"فيلا اداريه مكونه من ٣ غرف نوم دورين وملحق موقف سياره 
غرفه حارس مقسمه غرف",520.0,Medium
جدة,حي الزمرد,شمال,312,2,5,5,3,1,1,1,1,0,0,1,0,1,0,1,0,1,1,55000,"فله للايجار في ابحر الشماليه نظام ادوار
الدور الارضي عباره عن مجلس رجال وصاله ومطبخ ودورتين مياه غرفتين نوم الدور الثاني اربع غرف نوم وصاله ومطبخ وثلاث دورات مياه الملحق عباره عن مجلس وصاله غرفة شغاله دورتين مياه    مطلوب ٥٥الف",176.28,Modern
جدة,حي الياقوت,شرق,280,0,5,5,3,1,1,1,0,0,0,1,1,1,0,1,1,0,0,50000,فلل للايجار في ابحر الشماليه مخطط الياقوت دورين وملحق خمسه غرف وثلاث صالات ومطبخ خمس دورات مياه مطلوب ٥٠الف,178.57,New
جدة,حي البساتين,جنوب,350,10,4,4,2,0,1,1,1,0,1,1,0,1,0,1,0,0,0,90000,"فيلا في حي البساتين دوبلكس
مكونه من اربعه غرف نوم ووحده منهم ماستر 
مجلسين رجال وحريم بس الحمامات وصاله ومطبخ 
موقف سيارة غرفه حارس 
ملحق غرفه خادمه غرفه غسيل بداخل الحمام وسطح،،",257.14,Medium
جدة,حي الزهراء,جنوب,400,7,5,5,3,1,1,1,1,0,1,1,1,1,1,1,1,0,0,160000,"فيلا للايجار بحى الزهراء مكيفات ومطبخ راكب 
6 غرف نوم ويوجد مسبح",400.0,Medium
جدة,حي الزمرد,غرب,300,0,5,4,2,1,0,0,1,1,1,0,1,1,0,0,1,0,0,220000,"فيلا للايجار السنوي  في شاطىء البردايس 

6 غرف نوم 
5 دورة مياه 
مسبح مشترك 
صالون كبير 
اطلاله على البحر مباشرة",733.33,New
جدة,حي الشاطئ,شمال,300,0,5,5,2,1,1,1,1,1,1,1,1,1,0,1,1,0,0,250000,,833.33,New
جدة,حي البساتين,شرق,650,20,7,5,2,1,1,1,1,0,1,1,0,0,0,0,1,0,0,120000,فيلا  للإيجار تنفع مكتب محاما او سكني مباشره على طريق المدينة,184.62,Old
جدة,حي الياقوت,غرب,250,0,5,5,3,1,1,1,1,0,1,1,0,1,0,1,1,1,0,80000,فيلا للايجار بحى الياقوت مكيفات ومصعد ومطبخ راكب فيلا مفصوله,320.0,New
جدة,حي الروضة,شرق,110,0,2,3,1,1,0,0,1,0,1,0,0,0,0,0,1,0,0,65000,"مجمع ديار الروضة السكني يوفر لك جميع الخدمات والمرافق التي تحتاجها العائلة الصغيرة
-مسبح للكبار والصغار 
-نادي رياضي
-جلسات خاصة بالعوائل داخلية
-جلسات خاصة للعوائل خارجية
-كاميرات وامن ٢٤ ساعة 
-موقف خاص لكل وحدة سكنية خارجية",590.91,New
جدة,حي الروضة,جنوب غربي,250,10,4,4,2,1,0,0,0,0,1,1,0,1,0,1,1,0,0,100000,"فيلا للايجار في حي الروضه
مكونه من اربعه غرف نوم بس الحمامات وواحده ماستر مطبخ سيرفيس وصاله معيشه 
الدور الارضي 
مجلسين رجال ومجلس حريم حمامين وصاله مسبح مطبخ راكب
الملحق 
غرفه خادمه غرفه غسيل وسطح",400.0,Medium
جدة,حي الشاطئ,شمال شرقي,300,2,3,4,1,1,1,0,1,1,1,0,1,1,0,1,1,0,0,150000,"فلل فندقيه فاخره للايجار الشهري والسنوي بجانب الردسي مول وتبعد ٢٠٠ م عن الكورنيش
الفيلا دورين مكونه من ٣ غرف نوم وصالتين و ٤ حمامات ومطبخ كيير وغرفة خادمه 
نادي صحي متكامل للموقع كامل
الايجار الشهري / ٢٥٠٠٠ الف مع الخدمات بدون كهرباء
الايجار السنوي /...",500.0,Modern
جدة,حي الروضة,شرق,100,0,2,3,1,1,0,0,0,0,1,0,1,0,0,0,1,0,0,62000,"مجمع ديار الروضة السكني يوفر لك جميع الخدمات والمرافق التي تحتاجها العائلة الصغيرة
-مسبح للكبار والصغار 
-نادي رياضي
-جلسات خاصة بالعوائل داخلية
-جلسات خاصة للعوائل خارجية
-كاميرات وامن ٢٤ ساعة 
-موقف خاص لكل وحدة سكنية خارجية",620.0,New
جدة,حي طيبة,شرق,312,0,5,5,3,1,1,1,1,0,0,1,0,1,0,0,1,0,0,70000,"للايجار فيلا دبلكس منفصلة مخطط الرحيلي_مدينة_طيبة_قريب من طريق المدينة_جدة
المساحة: 312 متر
شارع: 16م
واجهة : شرقية
يوجد غرفة سائق بحمام
يوجد غرفة خادمة
جوش
نوافذ شتر
❁تتكون الفيلا من دورين وملحق
✿الدور الارضي
-مجلسين رجال ونساء بمدخلين ، مجلط ،صالة ...",224.36,New
جدة,حي المحمدية,شرق,375,9,5,5,2,1,0,1,1,0,0,1,1,1,0,0,1,0,0,100000,"فيلا للإيجار  خلف شركة المياة حي المحمدية_مدينة جدة
●التفاصيل :
الموقع : حي المحمدية
مساحة الارض : 375 م
مساحة المباني : 500 م
شارع : 16 م
●المواصفات :
تتكون الفيلا من دورين وملحق
• الدور الارضي : 
يتكون من صالونين الاول يستوعب 15 شخص. والاخر صالون ك...",266.67,Medium
جدة,حي المحمدية,شمال,250,8,4,3,2,1,1,1,1,0,1,1,0,1,0,0,1,0,0,130000,"فيلا اداريه مكونه من ٣ غرف نوم دورين وملحق موقف سياره 
غرفه حارس مقسمه غرف",520.0,Medium
جدة,حي الزمرد,شمال,312,2,5,5,3,1,1,1,1,0,0,1,0,1,0,1,0,1,1,55000,"فله للايجار في ابحر الشماليه نظام ادوار
الدور الارضي عباره عن مجلس رجال وصاله ومطبخ ودورتين مياه غرفتين نوم الدور الثاني اربع غرف نوم وصاله ومطبخ وثلاث دورات مياه الملحق عباره عن مجلس وصاله غرفة شغاله دورتين مياه    مطلوب ٥٥الف",176.28,Modern
جدة,حي الياقوت,شرق,280,0,5,5,3,1,1,1,0,0,0,1,1,1,0,1,1,0,0,50000,فلل للايجار في ابحر الشماليه مخطط الياقوت دورين وملحق خمسه غرف وثلاث صالات ومطبخ خمس دورات مياه مطلوب ٥٠الف,178.57,New
جدة,حي البساتين,جنوب,350,10,4,4,2,0,1,1,1,0,1,1,0,1,0,1,0,0,0,90000,"فيلا في حي البساتين دوبلكس
مكونه من اربعه غرف نوم ووحده منهم ماستر 
مجلسين رجال وحريم بس الحمامات وصاله ومطبخ 
موقف سيارة غرفه حارس 
ملحق غرفه خادمه غرفه غسيل بداخل الحمام وسطح،،",257.14,Medium
جدة,حي الزهراء,جنوب,400,7,5,5,3,1,1,1,1,0,1,1,1,1,1,1,1,0,0,160000,"فيلا للايجار بحى الزهراء مكيفات ومطبخ راكب 
6 غرف نوم ويوجد مسبح",400.0,Medium
جدة,حي الزمرد,غرب,300,0,5,4,2,1,0,0,1,1,1,0,1,1,0,0,1,0,0,220000,"فيلا للايجار السنوي  في شاطىء البردايس 

6 غرف نوم 
5 دورة مياه 
مسبح مشترك 
صالون كبير 
اطلاله على البحر مباشرة",733.33,New
جدة,حي الشاطئ,شمال,300,0,5,5,2,1,1,1,1,1,1,1,1,1,0,1,1,0,0,250000,,833.33,New
جدة,حي البساتين,شرق,650,20,7,5,2,1,1,1,1,0,1,1,0,0,0,0,1,0,0,120000,فيلا  للإيجار تنفع مكتب محاما او سكني مباشره على طريق المدينة,184.62,Old
جدة,حي الياقوت,غرب,250,0,5,5,3,1,1,1,1,0,1,1,0,1,0,1,1,1,0,80000,فيلا للايجار بحى الياقوت مكيفات ومصعد ومطبخ راكب فيلا مفصوله,320.0,New
جدة,حي الروضة,شرق,110,0,2,3,1,1,0,0,1,0,1,0,0,0,0,0,1,0,0,65000,"مجمع ديار الروضة السكني يوفر لك جميع الخدمات والمرافق التي تحتاجها العائلة الصغيرة
-مسبح للكبار والصغار 
-نادي رياضي
-جلسات خاصة بالعوائل داخلية
-جلسات خاصة للعوائل خارجية
-كاميرات وامن ٢٤ ساعة 
-موقف خاص لكل وحدة سكنية خارجية",590.91,New
جدة,حي الروضة,جنوب غربي,250,10,4,4,2,1,0,0,0,0,1,1,0,1,0,1,1,0,0,100000,"فيلا للايجار في حي الروضه
مكونه من اربعه غرف نوم بس الحمامات وواحده ماستر مطبخ سيرفيس وصاله معيشه 
الدور الارضي 
مجلسين رجال ومجلس حريم حمامين وصاله مسبح مطبخ راكب
الملحق 
غرفه خادمه غرفه غسيل وسطح",400.0,Medium
جدة,حي الشاطئ,شمال شرقي,300,2,3,4,1,1,1,0,1,1,1,0,1,1,0,1,1,0,0,150000,"فلل فندقيه فاخره للايجار الشهري والسنوي بجانب الردسي مول وتبعد ٢٠٠ م عن الكورنيش
الفيلا دورين مكونه من ٣ غرف نوم وصالتين و ٤ حمامات ومطبخ كيير وغرفة خادمه 
نادي صحي متكامل للموقع كامل
الايجار الشهري / ٢٥٠٠٠ الف مع الخدمات بدون كهرباء
الايجار السنوي /...",500.0,Modern
جدة,حي الروضة,شرق,100,0,2,3,1,1,0,0,0,0,1,0,1,0,0,0,1,0,0,62000,"مجمع ديار الروضة السكني يوفر لك جميع الخدمات والمرافق التي تحتاجها العائلة الصغيرة
-مسبح للكبار والصغار 
-نادي رياضي
-جلسات خاصة بالعوائل داخلية
-جلسات خاصة للعوائل خارجية
-كاميرات وامن ٢٤ ساعة 
-موقف خاص لكل وحدة سكنية خارجية",620.0,New
جدة,حي طيبة,شرق,312,0,5,5,3,1,1,1,1,0,0,1,0,1,0,0,1,0,0,70000,"للايجار فيلا دبلكس منفصلة مخطط الرحيلي_مدينة_طيبة_قريب من طريق المدينة_جدة
المساحة: 312 متر
شارع: 16م
واجهة : شرقية
يوجد غرفة سائق بحمام
يوجد غرفة خادمة
جوش
نوافذ شتر
❁تتكون الفيلا من دورين وملحق
✿الدور الارضي
-مجلسين رجال ونساء بمدخلين ، مجلط ،صالة ...",224.36,New
جدة,حي المحمدية,شرق,375,9,5,5,2,1,0,1,1,0,0,1,1,1,0,0,1,0,0,100000,"فيلا للإيجار  خلف شركة المياة حي المحمدية_مدينة جدة
●التفاصيل :
الموقع : حي المحمدية
مساحة الارض : 375 م
مساحة المباني : 500 م
شارع : 16 م
●المواصفات :
تتكون الفيلا من دورين وملحق
• الدور الارضي : 
يتكون من صالونين الاول يستوعب 15 شخص. والاخر صالون ك...",266.67,Medium
جدة,حي المحمدية,شمال,250,8,4,3,2,1,1,1,1,0,1,1,0,1,0,0,1,0,0,130000,"فيلا اداريه مكونه من ٣ غرف نوم دورين وملحق موقف سياره 
غرفه حارس مقسمه غرف",520.0,Medium
جدة,حي الزمرد,شمال,312,2,5,5,3,1,1,1,1,0,0,1,0,1,0,1,0,1,1,55000,"فله للايجار في ابحر الشماليه نظام ادوار
الدور الارضي عباره عن مجلس رجال وصاله ومطبخ ودورتين مياه غرفتين نوم الدور الثاني اربع غرف نوم وصاله ومطبخ وثلاث دورات مياه الملحق عباره عن مجلس وصاله غرفة شغاله دورتين مياه    مطلوب ٥٥الف",176.28,Modern
جدة,حي الياقوت,شرق,280,0,5,5,3,1,1,1,0,0,0,1,1,1,0,1,1,0,0,50000,فلل للايجار في ابحر الشماليه مخطط الياقوت دورين وملحق خمسه غرف وثلاث صالات ومطبخ خمس دورات مياه مطلوب ٥٠الف,178.57,New
جدة,حي البساتين,جنوب,350,10,4,4,2,0,1,1,1,0,1,1,0,1,0,1,0,0,0,90000,"فيلا في حي البساتين دوبلكس
مكونه من اربعه غرف نوم ووحده منهم ماستر 
مجلسين رجال وحريم بس الحمامات وصاله ومطبخ 
موقف سيارة غرفه حارس 
ملحق غرفه خادمه غرفه غسيل بداخل الحمام وسطح،،",257.14,Medium
جدة,حي الزهراء,جنوب,400,7,5,5,3,1,1,1,1,0,1,1,1,1,1,1,1,0,0,160000,"فيلا للايجار بحى الزهراء مكيفات ومطبخ راكب 
6 غرف نوم ويوجد مسبح",400.0,Medium
جدة,حي الزمرد,غرب,300,0,5,4,2,1,0,0,1,1,1,0,1,1,0,0,1,0,0,220000,"فيلا للايجار السنوي  في شاطىء البردايس 

6 غرف نوم 
5 دورة مياه 
مسبح مشترك 
صالون كبير 
اطلاله على البحر مباشرة",733.33,New
جدة,حي الشاطئ,شمال,300,0,5,5,2,1,1,1,1,1,1,1,1,1,0,1,1,0,0,250000,,833.33,New
جدة,حي البساتين,شرق,650,20,7,5,2,1,1,1,1,0,1,1,0,0,0,0,1,0,0,120000,فيلا  للإيجار تنفع مكتب محاما او سكني مباشره على طريق المدينة,184.62,Old
جدة,حي الياقوت,غرب,250,0,5,5,3,1,1,1,1,0,1,1,0,1,0,1,1,1,0,80000,فيلا للايجار بحى الياقوت مكيفات ومصعد ومطبخ راكب فيلا مفصوله,320.0,New
جدة,حي الروضة,شرق,110,0,2,3,1,1,0,0,1,0,1,0,0,0,0,0,1,0,0,65000,"مجمع ديار الروضة السكني يوفر لك جميع الخدمات والمرافق التي تحتاجها العائلة الصغيرة
-مسبح للكبار والصغار 
-نادي رياضي
-جلسات خاصة بالعوائل داخلية
-جلسات خاصة للعوائل خارجية
-كاميرات وامن ٢٤ ساعة 
-موقف خاص لكل وحدة سكنية خارجية",590.91,New
جدة,حي الروضة,جنوب غربي,250,10,4,4,2,1,0,0,0,0,1,1,0,1,0,1,1,0,0,100000,"فيلا للايجار في حي الروضه
مكونه من اربعه غرف نوم بس الحمامات وواحده ماستر مطبخ سيرفيس وصاله معيشه 
الدور الارضي 
مجلسين رجال ومجلس حريم حمامين وصاله مسبح مطبخ راكب
الملحق 
غرفه خادمه غرفه غسيل وسطح",400.0,Medium
جدة,حي الشاطئ,شمال شرقي,300,2,3,4,1,1,1,0,1,1,1,0,1,1,0,1,1,0,0,150000,"فلل فندقيه فاخره للايجار الشهري والسنوي بجانب الردسي مول وتبعد ٢٠٠ م عن الكورنيش
الفيلا دورين مكونه من ٣ غرف نوم وصالتين و ٤ حمامات ومطبخ كيير وغرفة خادمه 
نادي صحي متكامل للموقع كامل
الايجار الشهري / ٢٥٠٠٠ الف مع الخدمات بدون كهرباء
الايجار السنوي /...",500.0,Modern
جدة,حي الروضة,شرق,100,0,2,3,1,1,0,0,0,0,1,0,1,0,0,0,1,0,0,62000,"مجمع ديار الروضة السكني يوفر لك جميع الخدمات والمرافق التي تحتاجها العائلة الصغيرة
-مسبح للكبار والصغار 
-نادي رياضي
-جلسات خاصة بالعوائل داخلية
-جلسات خاصة للعوائل خارجية
-كاميرات وامن ٢٤ ساعة 
-موقف خاص لكل وحدة سكنية خارجية",620.0,New
جدة,حي طيبة,شرق,312,0,5,5,3,1,1,1,1,0,0,1,0,1,0,0,1,0,0,70000,"للايجار فيلا دبلكس منفصلة مخطط الرحيلي_مدينة_طيبة_قريب من طريق المدينة_جدة
المساحة: 312 متر
شارع: 16م
واجهة : شرقية
يوجد غرفة سائق بحمام
يوجد غرفة خادمة
جوش
نوافذ شتر
❁تتكون الفيلا من دورين وملحق
✿الدور الارضي
-مجلسين رجال ونساء بمدخلين ، مجلط ،صالة ...",224.36,New
جدة,حي المحمدية,شرق,375,9,5,5,2,1,0,1,1,0,0,1,1,1,0,0,1,0,0,100000,"فيلا للإيجار  خلف شركة المياة حي المحمدية_مدينة جدة
●التفاصيل :
الموقع : حي المحمدية
مساحة الارض : 375 م
مساحة المباني : 500 م
شارع : 16 م
●المواصفات :
تتكون الفيلا من دورين وملحق
• الدور الارضي : 
يتكون من صالونين الاول يستوعب 15 شخص. والاخر صالون ك...",266.67,Medium
جدة,حي المحمدية,شمال,250,8,4,3,2,1,1,1,1,0,1,1,0,1,0,0,1,0,0,130000,"فيلا اداريه مكونه من ٣ غرف نوم دورين وملحق موقف سياره 
غرفه حارس مقسمه غرف",520.0,Medium
جدة,حي الزمرد,شمال,312,2,5,5,3,1,1,1,1,0,0,1,0,1,0,1,0,1,1,55000,"فله للايجار في ابحر الشماليه نظام ادوار
الدور الارضي عباره عن مجلس رجال وصاله ومطبخ ودورتين مياه غرفتين نوم الدور الثاني اربع غرف نوم وصاله ومطبخ وثلاث دورات مياه الملحق عباره عن مجلس وصاله غرفة شغاله دورتين مياه    مطلوب ٥٥الف",176.28,Modern
جدة,حي الياقوت,شرق,280,0,5,5,3,1,1,1,0,0,0,1,1,1,0,1,1,0,0,50000,فلل للايجار في ابحر الشماليه مخطط الياقوت دورين وملحق خمسه غرف وثلاث صالات ومطبخ خمس دورات مياه مطلوب ٥٠الف,178.57,New
جدة,حي البساتين,جنوب,350,10,4,4,2,0,1,1,1,0,1,1,0,1,0,1,0,0,0,90000,"فيلا في حي البساتين دوبلكس
مكونه من اربعه غرف نوم ووحده منهم ماستر 
مجلسين رجال وحريم بس الحمامات وصاله ومطبخ 
موقف سيارة غرفه حارس 
ملحق غرفه خادمه غرفه غسيل بداخل الحمام وسطح،،",257.14,Medium
جدة,حي الزهراء,جنوب,400,7,5,5,3,1,1,1,1,0,1,1,1,1,1,1,1,0,0,160000,"فيلا للايجار بحى الزهراء مكيفات ومطبخ راكب 
6 غرف نوم ويوجد مسبح",400.0,Medium
جدة,حي الزمرد,غرب,300,0,5,4,2,1,0,0,1,1,1,0,1,1,0,0,1,0,0,220000,"فيلا للايجار السنوي  في شاطىء البردايس 

6 غرف نوم 
5 دورة مياه 
مسبح مشترك 
صالون كبير 
اطلاله على البحر مباشرة",733.33,New
جدة,حي الشاطئ,شمال,300,0,5,5,2,1,1,1,1,1,1,1,1,1,0,1,1,0,0,250000,,833.33,New
جدة,حي البساتين,شرق,650,20,7,5,2,1,1,1,1,0,1,1,0,0,0,0,1,0,0,120000,فيلا  للإيجار تنفع مكتب محاما او سكني مباشره على طريق المدينة,184.62,Old
جدة,حي الياقوت,غرب,250,0,5,5,3,1,1,1,1,0,1,1,0,1,0,1,1,1,0,80000,فيلا للايجار بحى الياقوت مكيفات ومصعد ومطبخ راكب فيلا مفصوله,320.0,New
جدة,حي الروضة,شرق,110,0,2,3,1,1,0,0,1,0,1,0,0,0,0,0,1,0,0,65000,"مجمع ديار الروضة السكني يوفر لك جميع الخدمات والمرافق التي تحتاجها العائلة الصغيرة
-مسبح للكبار والصغار 
-نادي رياضي
-جلسات خاصة بالعوائل داخلية
-جلسات خاصة للعوائل خارجية
-كاميرات وامن ٢٤ ساعة 
-موقف خاص لكل وحدة سكنية خارجية",590.91,New
جدة,حي الروضة,جنوب غربي,250,10,4,4,2,1,0,0,0,0,1,1,0,1,0,1,1,0,0,100000,"فيلا للايجار في حي الروضه
مكونه من اربعه غرف نوم بس الحمامات وواحده ماستر مطبخ سيرفيس وصاله معيشه 
الدور الارضي 
مجلسين رجال ومجلس حريم حمامين وصاله مسبح مطبخ راكب
الملحق 
غرفه خادمه غرفه غسيل وسطح",400.0,Medium
جدة,حي الشاطئ,شمال شرقي,300,2,3,4,1,1,1,0,1,1,1,0,1,1,0,1,1,0,0,150000,"فلل فندقيه فاخره للايجار الشهري والسنوي بجانب الردسي مول وتبعد ٢٠٠ م عن الكورنيش
الفيلا دورين مكونه من ٣ غرف نوم وصالتين و ٤ حمامات ومطبخ كيير وغرفة خادمه 
نادي صحي متكامل للموقع كامل
الايجار الشهري / ٢٥٠٠٠ الف مع الخدمات بدون كهرباء
الايجار السنوي /...",500.0,Modern
جدة,حي الروضة,شرق,100,0,2,3,1,1,0,0,0,0,1,0,1,0,0,0,1,0,0,62000,"مجمع ديار الروضة السكني يوفر لك جميع الخدمات والمرافق التي تحتاجها العائلة الصغيرة
-مسبح للكبار والصغار 
-نادي رياضي
-جلسات خاصة بالعوائل داخلية
-جلسات خاصة للعوائل خارجية
-كاميرات وامن ٢٤ ساعة 
-موقف خاص لكل وحدة سكنية خارجية",620.0,New
جدة,حي طيبة,شرق,312,0,5,5,3,1,1,1,1,0,0,1,0,1,0,0,1,0,0,70000,"للايجار فيلا دبلكس منفصلة مخطط الرحيلي_مدينة_طيبة_قريب من طريق المدينة_جدة
المساحة: 312 متر
شارع: 16م
واجهة : شرقية
يوجد غرفة سائق بحمام
يوجد غرفة خادمة
جوش
نوافذ شتر
❁تتكون الفيلا من دورين وملحق
✿الدور الارضي
-مجلسين رجال ونساء بمدخلين ، مجلط ،صالة ...",224.36,New
جدة,حي المحمدية,شرق,375,9,5,5,2,1,0,1,1,0,0,1,1,1,0,0,1,0,0,100000,"فيلا للإيجار  خلف شركة المياة حي المحمدية_مدينة جدة
●التفاصيل :
الموقع : حي المحمدية
مساحة الارض : 375 م
مساحة المباني : 500 م
شارع : 16 م
●المواصفات :
تتكون الفيلا من دورين وملحق
• الدور الارضي : 
يتكون من صالونين الاول يستوعب 15 شخص. والاخر صالون ك...",266.67,Medium
جدة,حي المحمدية,شمال,250,8,4,3,2,1,1,1,1,0,1,1,0,1,0,0,1,0,0,130000,"فيلا اداريه مكونه من ٣ غرف نوم دورين وملحق موقف سياره 
غرفه حارس مقسمه غرف",520.0,Medium
جدة,حي الزمرد,شمال,312,2,5,5,3,1,1,1,1,0,0,1,0,1,0,1,0,1,1,55000,"فله للايجار في ابحر الشماليه نظام ادوار
الدور الارضي عباره عن مجلس رجال وصاله ومطبخ ودورتين مياه غرفتين نوم الدور الثاني اربع غرف نوم وصاله ومطبخ وثلاث دورات مياه الملحق عباره عن مجلس وصاله غرفة شغاله دورتين مياه    مطلوب ٥٥الف",176.28,Modern
جدة,حي الياقوت,شرق,280,0,5,5,3,1,1,1,0,0,0,1,1,1,0,1,1,0,0,50000,فلل للايجار في ابحر الشماليه مخطط الياقوت دورين وملحق خمسه غرف وثلاث صالات ومطبخ خمس دورات مياه مطلوب ٥٠الف,178.57,New
جدة,حي البساتين,جنوب,350,10,4,4,2,0,1,1,1,0,1,1,0,1,0,1,0,0,0,90000,"فيلا في حي البساتين دوبلكس
مكونه من اربعه غرف نوم ووحده منهم ماستر 
مجلسين رجال وحريم بس الحمامات وصاله ومطبخ 
موقف سيارة غرفه حارس 
ملحق غرفه خادمه غرفه غسيل بداخل الحمام وسطح،،",257.14,Medium
جدة,حي الزهراء,جنوب,400,7,5,5,3,1,1,1,1,0,1,1,1,1,1,1,1,0,0,160000,"فيلا للايجار بحى الزهراء مكيفات ومطبخ راكب 
6 غرف نوم ويوجد مسبح",400.0,Medium
جدة,حي الزمرد,غرب,300,0,5,4,2,1,0,0,1,1,1,0,1,1,0,0,1,0,0,220000,"فيلا للايجار السنوي  في شاطىء البردايس 

6 غرف نوم 
5 دورة مياه 
مسبح مشترك 
صالون كبير 
اطلاله على البحر مباشرة",733.33,New
جدة,حي الشاطئ,شمال,300,0,5,5,2,1,1,1,1,1,1,1,1,1,0,1,1,0,0,250000,,833.33,New
جدة,حي البساتين,شرق,650,20,7,5,2,1,1,1,1,0,1,1,0,0,0,0,1,0,0,120000,فيلا  للإيجار تنفع مكتب محاما او سكني مباشره على طريق المدينة,184.62,Old
جدة,حي الياقوت,غرب,250,0,5,5,3,1,1,1,1,0,1,1,0,1,0,1,1,1,0,80000,فيلا للايجار بحى الياقوت مكيفات ومصعد ومطبخ راكب فيلا مفصوله,320.0,New
جدة,حي الروضة,شرق,110,0,2,3,1,1,0,0,1,0,1,0,0,0,0,0,1,0,0,65000,"مجمع ديار الروضة السكني يوفر لك جميع الخدمات والمرافق التي تحتاجها العائلة الصغيرة
-مسبح للكبار والصغار 
-نادي رياضي
-جلسات خاصة بالعوائل داخلية
-جلسات خاصة للعوائل خارجية
-كاميرات وامن ٢٤ ساعة 
-موقف خاص لكل وحدة سكنية خارجية",590.91,New
جدة,حي الروضة,جنوب غربي,250,10,4,4,2,1,0,0,0,0,1,1,0,1,0,1,1,0,0,100000,"فيلا للايجار في حي الروضه
مكونه من اربعه غرف نوم بس الحمامات وواحده ماستر مطبخ سيرفيس وصاله معيشه 
الدور الارضي 
مجلسين رجال ومجلس حريم حمامين وصاله مسبح مطبخ راكب
الملحق 
غرفه خادمه غرفه غسيل وسطح",400.0,Medium
جدة,حي الشاطئ,شمال شرقي,300,2,3,4,1,1,1,0,1,1,1,0,1,1,0,1,1,0,0,150000,"فلل فندقيه فاخره للايجار الشهري والسنوي بجانب الردسي مول وتبعد ٢٠٠ م عن الكورنيش
الفيلا دورين مكونه من ٣ غرف نوم وصالتين و ٤ حمامات ومطبخ كيير وغرفة خادمه 
نادي صحي متكامل للموقع كامل
الايجار الشهري / ٢٥٠٠٠ الف مع الخدمات بدون كهرباء
الايجار السنوي /...",500.0,Modern
جدة,حي الروضة,شرق,100,0,2,3,1,1,0,0,0,0,1,0,1,0,0,0,1,0,0,62000,"مجمع ديار الروضة السكني يوفر لك جميع الخدمات والمرافق التي تحتاجها العائلة الصغيرة
-مسبح للكبار والصغار 
-نادي رياضي
-جلسات خاصة بالعوائل داخلية
-جلسات خاصة للعوائل خارجية
-كاميرات وامن ٢٤ ساعة 
-موقف خاص لكل وحدة سكنية خارجية",620.0,New
جدة,حي طيبة,شرق,312,0,5,5,3,1,1,1,1,0,0,1,0,1,0,0,1,0,0,70000,"للايجار فيلا دبلكس منفصلة مخطط الرحيلي_مدينة_طيبة_قريب من طريق المدينة_جدة
المساحة: 312 متر
شارع: 16م
واجهة : شرقية
يوجد غرفة سائق بحمام
يوجد غرفة خادمة
جوش
نوافذ شتر
❁تتكون الفيلا من دورين وملحق
✿الدور الارضي
-مجلسين رجال ونساء بمدخلين ، مجلط ،صالة ...",224.36,New
جدة,حي المحمدية,شرق,375,9,5,5,2,1,0,1,1,0,0,1,1,1,0,0,1,0,0,100000,"فيلا للإيجار  خلف شركة المياة حي المحمدية_مدينة جدة
●التفاصيل :
الموقع : حي المحمدية
مساحة الارض : 375 م
مساحة المباني : 500 م
شارع : 16 م
●المواصفات :
تتكون الفيلا من دورين وملحق
• الدور الارضي : 
يتكون من صالونين الاول يستوعب 15 شخص. والاخر صالون ك...",266.67,Medium
جدة,حي المحمدية,شمال,250,8,4,3,2,1,1,1,1,0,1,1,0,1,0,0,1,0,0,130000,"فيلا اداريه مكونه من ٣ غرف نوم دورين وملحق موقف سياره 
غرفه حارس مقسمه غرف",520.0,Medium
جدة,حي الزمرد,شمال,312,2,5,5,3,1,1,1,1,0,0,1,0,1,0,1,0,1,1,55000,"فله للايجار في ابحر الشماليه نظام ادوار
الدور الارضي عباره عن مجلس رجال وصاله ومطبخ ودورتين مياه غرفتين نوم الدور الثاني اربع غرف نوم وصاله ومطبخ وثلاث دورات مياه الملحق عباره عن مجلس وصاله غرفة شغاله دورتين مياه    مطلوب ٥٥الف",176.28,Modern
جدة,حي الياقوت,شرق,280,0,5,5,3,1,1,1,0,0,0,1,1,1,0,1,1,0,0,50000,فلل للايجار في ابحر الشماليه مخطط الياقوت دورين وملحق خمسه غرف وثلاث صالات ومطبخ خمس دورات مياه مطلوب ٥٠الف,178.57,New
جدة,حي البساتين,جنوب,350,10,4,4,2,0,1,1,1,0,1,1,0,1,0,1,0,0,0,90000,"فيلا في حي البساتين دوبلكس
مكونه من اربعه غرف نوم ووحده منهم ماستر 
مجلسين رجال وحريم بس الحمامات وصاله ومطبخ 
موقف سيارة غرفه حارس 
ملحق غرفه خادمه غرفه غسيل بداخل الحمام وسطح،،",257.14,Medium
جدة,حي الزهراء,جنوب,400,7,5,5,3,1,1,1,1,0,1,1,1,1,1,1,1,0,0,160000,"فيلا للايجار بحى الزهراء مكيفات ومطبخ راكب 
6 غرف نوم ويوجد مسبح",400.0,Medium
جدة,حي الزمرد,غرب,300,0,5,4,2,1,0,0,1,1,1,0,1,1,0,0,1,0,0,220000,"فيلا للايجار السنوي  في شاطىء البردايس 

6 غرف نوم 
5 دورة مياه 
مسبح مشترك 
صالون كبير 
اطلاله على البحر مباشرة",733.33,New
جدة,حي الشاطئ,شمال,300,0,5,5,2,1,1,1,1,1,1,1,1,1,0,1,1,0,0,250000,,833.33,New
جدة,حي البساتين,شرق,650,20,7,5,2,1,1,1,1,0,1,1,0,0,0,0,1,0,0,120000,فيلا  للإيجار تنفع مكتب محاما او سكني مباشره على طريق المدينة,184.62,Old
جدة,حي الياقوت,غرب,250,0,5,5,3,1,1,1,1,0,1,1,0,1,0,1,1,1,0,80000,فيلا للايجار بحى الياقوت مكيفات ومصعد ومطبخ راكب فيلا مفصوله,320.0,New
جدة,حي الروضة,شرق,110,0,2,3,1,1,0,0,1,0,1,0,0,0,0,0,1,0,0,65000,"مجمع ديار الروضة السكني يوفر لك جميع الخدمات والمرافق التي تحتاجها العائلة الصغيرة
-مسبح للكبار والصغار 
-نادي رياضي
-جلسات خاصة بالعوائل داخلية
-جلسات خاصة للعوائل خارجية
-كاميرات وامن ٢٤ ساعة 
-موقف خاص لكل وحدة سكنية خارجية",590.91,New
جدة,حي الروضة,جنوب غربي,250,10,4,4,2,1,0,0,0,0,1,1,0,1,0,1,1,0,0,100000,"فيلا للايجار في حي الروضه
مكونه من اربعه غرف نوم بس الحمامات وواحده ماستر مطبخ سيرفيس وصاله معيشه 
الدور الارضي 
مجلسين رجال ومجلس حريم حمامين وصاله مسبح مطبخ راكب
الملحق 
غرفه خادمه غرفه غسيل وسطح",400.0,Medium
جدة,حي الشاطئ,شمال شرقي,300,2,3,4,1,1,1,0,1,1,1,0,1,1,0,1,1,0,0,150000,"فلل فندقيه فاخره للايجار الشهري والسنوي بجانب الردسي مول وتبعد ٢٠٠ م عن الكورنيش
الفيلا دورين مكونه من ٣ غرف نوم وصالتين و ٤ حمامات ومطبخ كيير وغرفة خادمه 
نادي صحي متكامل للموقع كامل
الايجار الشهري / ٢٥٠٠٠ الف مع الخدمات بدون كهرباء
الايجار السنوي /...",500.0,Modern
جدة,حي الروضة,شرق,100,0,2,3,1,1,0,0,0,0,1,0,1,0,0,0,1,0,0,62000,"مجمع ديار الروضة السكني يوفر لك جميع الخدمات والمرافق التي تحتاجها العائلة الصغيرة
-مسبح للكبار والصغار 
-نادي رياضي
-جلسات خاصة بالعوائل داخلية
-جلسات خاصة للعوائل خارجية
-كاميرات وامن ٢٤ ساعة 
-موقف خاص لكل وحدة سكنية خارجية",620.0,New
جدة,حي طيبة,شرق,312,0,5,5,3,1,1,1,1,0,0,1,0,1,0,0,1,0,0,70000,"للايجار فيلا دبلكس منفصلة مخطط الرحيلي_مدينة_طيبة_قريب من طريق المدينة_جدة
المساحة: 312 متر
شارع: 16م
واجهة : شرقية
يوجد غرفة سائق بحمام
يوجد غرفة خادمة
جوش
نوافذ شتر
❁تتكون الفيلا من دورين وملحق
✿الدور الارضي
-مجلسين رجال ونساء بمدخلين ، مجلط ،صالة ...",224.36,New
جدة,حي المحمدية,شرق,375,9,5,5,2,1,0,1,1,0,0,1,1,1,0,0,1,0,0,100000,"فيلا للإيجار  خلف شركة المياة حي المحمدية_مدينة جدة
●التفاصيل :
الموقع : حي المحمدية
مساحة الارض : 375 م
مساحة المباني : 500 م
شارع : 16 م
●المواصفات :
تتكون الفيلا من دورين وملحق
• الدور الارضي : 
يتكون من صالونين الاول يستوعب 15 شخص. والاخر صالون ك...",266.67,Medium
جدة,حي المحمدية,شمال,250,8,4,3,2,1,1,1,1,0,1,1,0,1,0,0,1,0,0,130000,"فيلا اداريه مكونه من ٣ غرف نوم دورين وملحق موقف سياره 
غرفه حارس مقسمه غرف",520.0,Medium
جدة,حي الزمرد,شمال,312,2,5,5,3,1,1,1,1,0,0,1,0,1,0,1,0,1,1,55000,"فله للايجار في ابحر الشماليه نظام ادوار
الدور الارضي عباره عن مجلس رجال وصاله ومطبخ ودورتين مياه غرفتين نوم الدور الثاني اربع غرف نوم وصاله ومطبخ وثلاث دورات مياه الملحق عباره عن مجلس وصاله غرفة شغاله دورتين مياه    مطلوب ٥٥الف",176.28,Modern
جدة,حي الياقوت,شرق,280,0,5,5,3,1,1,1,0,0,0,1,1,1,0,1,1,0,0,50000,فلل للايجار في ابحر الشماليه مخطط الياقوت دورين وملحق خمسه غرف وثلاث صالات ومطبخ خمس دورات مياه مطلوب ٥٠الف,178.57,New
جدة,حي البساتين,جنوب,350,10,4,4,2,0,1,1,1,0,1,1,0,1,0,1,0,0,0,90000,"فيلا في حي البساتين دوبلكس
مكونه من اربعه غرف نوم ووحده منهم ماستر 
مجلسين رجال وحريم بس الحمامات وصاله ومطبخ 
موقف سيارة غرفه حارس 
ملحق غرفه خادمه غرفه غسيل بداخل الحمام وسطح،،",257.14,Medium
جدة,حي الزهراء,جنوب,400,7,5,5,3,1,1,1,1,0,1,1,1,1,1,1,1,0,0,160000,"فيلا للايجار بحى الزهراء مكيفات ومطبخ راكب 
6 غرف نوم ويوجد مسبح",400.0,Medium
جدة,حي الزمرد,غرب,300,0,5,4,2,1,0,0,1,1,1,0,1,1,0,0,1,0,0,220000,"فيلا للايجار السنوي  في شاطىء البردايس 

6 غرف نوم 
5 دورة مياه 
مسبح مشترك 
صالون كبير 
اطلاله على البحر مباشرة",733.33,New
جدة,حي الشاطئ,شمال,300,0,5,5,2,1,1,1,1,1,1,1,1,1,0,1,1,0,0,250000,,833.33,New
جدة,حي البساتين,شرق,650,20,7,5,2,1,1,1,1,0,1,1,0,0,0,0,1,0,0,120000,فيلا  للإيجار تنفع مكتب محاما او سكني مباشره على طريق المدينة,184.62,Old
جدة,حي الياقوت,غرب,250,0,5,5,3,1,1,1,1,0,1,1,0,1,0,1,1,1,0,80000,فيلا للايجار بحى الياقوت مكيفات ومصعد ومطبخ راكب فيلا مفصوله,320.0,New
جدة,حي الروضة,شرق,110,0,2,3,1,1,0,0,1,0,1,0,0,0,0,0,1,0,0,65000,"مجمع ديار الروضة السكني يوفر لك جميع الخدمات والمرافق التي تحتاجها العائلة الصغيرة
-مسبح للكبار والصغار 
-نادي رياضي
-جلسات خاصة بالعوائل داخلية
-جلسات خاصة للعوائل خارجية
-كاميرات وامن ٢٤ ساعة 
-موقف خاص لكل وحدة سكنية خارجية",590.91,New
جدة,حي الروضة,جنوب غربي,250,10,4,4,2,1,0,0,0,0,1,1,0,1,0,1,1,0,0,100000,"فيلا للايجار في حي الروضه
مكونه من اربعه غرف نوم بس الحمامات وواحده ماستر مطبخ سيرفيس وصاله معيشه 
الدور الارضي 
مجلسين رجال ومجلس حريم حمامين وصاله مسبح مطبخ راكب
الملحق 
غرفه خادمه غرفه غسيل وسطح",400.0,Medium
جدة,حي الشاطئ,شمال شرقي,300,2,3,4,1,1,1,0,1,1,1,0,1,1,0,1,1,0,0,150000,"فلل فندقيه فاخره للايجار الشهري والسنوي بجانب الردسي مول وتبعد ٢٠٠ م عن الكورنيش
الفيلا دورين مكونه من ٣ غرف نوم وصالتين و ٤ حمامات ومطبخ كيير وغرفة خادمه 
نادي صحي متكامل للموقع كامل
الايجار الشهري / ٢٥٠٠٠ الف مع الخدمات بدون كهرباء
الايجار السنوي /...",500.0,Modern
جدة,حي الروضة,شرق,100,0,2,3,1,1,0,0,0,0,1,0,1,0,0,0,1,0,0,62000,"مجمع ديار الروضة السكني يوفر لك جميع الخدمات والمرافق التي تحتاجها العائلة الصغيرة
-مسبح للكبار والصغار 
-نادي رياضي
-جلسات خاصة بالعوائل داخلية
-جلسات خاصة للعوائل خارجية
-كاميرات وامن ٢٤ ساعة 
-موقف خاص لكل وحدة سكنية خارجية",620.0,New
جدة,حي طيبة,شرق,312,0,5,5,3,1,1,1,1,0,0,1,0,1,0,0,1,0,0,70000,"للايجار فيلا دبلكس منفصلة مخطط الرحيلي_مدينة_طيبة_قريب من طريق المدينة_جدة
المساحة: 312 متر
شارع: 16م
واجهة : شرقية
يوجد غرفة سائق بحمام
يوجد غرفة خادمة
جوش
نوافذ شتر
❁تتكون الفيلا من دورين وملحق
✿الدور الارضي
-مجلسين رجال ونساء بمدخلين ، مجلط ،صالة ...",224.36,New
جدة,حي المحمدية,شرق,375,9,5,5,2,1,0,1,1,0,0,1,1,1,0,0,1,0,0,100000,"فيلا للإيجار  خلف شركة المياة حي المحمدية_مدينة جدة
●التفاصيل :
الموقع : حي المحمدية
مساحة الارض : 375 م
مساحة المباني : 500 م
شارع : 16 م
●المواصفات :
تتكون الفيلا من دورين وملحق
• الدور الارضي : 
يتكون من صالونين الاول يستوعب 15 شخص. والاخر صالون ك...",266.67,Medium
جدة,حي المحمدية,شمال,250,8,4,3,2,1,1,1,1,0,1,1,0,1,0,0,1,0,0,130000,"فيلا اداريه مكونه من ٣ غرف نوم دورين وملحق موقف سياره 
غرفه حارس مقسمه غرف",520.0,Medium
جدة,حي الزمرد,شمال,312,2,5,5,3,1,1,1,1,0,0,1,0,1,0,1,0,1,1,55000,"فله للايجار في ابحر الشماليه نظام ادوار
الدور الارضي عباره عن مجلس رجال وصاله ومطبخ ودورتين مياه غرفتين نوم الدور الثاني اربع غرف نوم وصاله ومطبخ وثلاث دورات مياه الملحق عباره عن مجلس وصاله غرفة شغاله دورتين مياه    مطلوب ٥٥الف",176.28,Modern
جدة,حي الياقوت,شرق,280,0,5,5,3,1,1,1,0,0,0,1,1,1,0,1,1,0,0,50000,فلل للايجار في ابحر الشماليه مخطط الياقوت دورين وملحق خمسه غرف وثلاث صالات ومطبخ خمس دورات مياه مطلوب ٥٠الف,178.57,New
جدة,حي البساتين,جنوب,350,10,4,4,2,0,1,1,1,0,1,1,0,1,0,1,0,0,0,90000,"فيلا في حي البساتين دوبلكس
مكونه من اربعه غرف نوم ووحده منهم ماستر 
مجلسين رجال وحريم بس الحمامات وصاله ومطبخ 
موقف سيارة غرفه حارس 
ملحق غرفه خادمه غرفه غسيل بداخل الحمام وسطح،،",257.14,Medium
جدة,حي الزهراء,جنوب,400,7,5,5,3,1,1,1,1,0,1,1,1,1,1,1,1,0,0,160000,"فيلا للايجار بحى الزهراء مكيفات ومطبخ راكب 
6 غرف نوم ويوجد مسبح",400.0,Medium
جدة,حي الزمرد,غرب,300,0,5,4,2,1,0,0,1,1,1,0,1,1,0,0,1,0,0,220000,"فيلا للايجار السنوي  في شاطىء البردايس 

6 غرف نوم 
5 دورة مياه 
مسبح مشترك 
صالون كبير 
اطلاله على البحر مباشرة",733.33,New
جدة,حي الشاطئ,شمال,300,0,5,5,2,1,1,1,1,1,1,1,1,1,0,1,1,0,0,250000,,833.33,New
جدة,حي البساتين,شرق,650,20,7,5,2,1,1,1,1,0,1,1,0,0,0,0,1,0,0,120000,فيلا  للإيجار تنفع مكتب محاما او سكني مباشره على طريق المدينة,184.62,Old
جدة,حي الياقوت,غرب,250,0,5,5,3,1,1,1,1,0,1,1,0,1,0,1,1,1,0,80000,فيلا للايجار بحى الياقوت مكيفات ومصعد ومطبخ راكب فيلا مفصوله,320.0,New
جدة,حي الروضة,شرق,110,0,2,3,1,1,0,0,1,0,1,0,0,0,0,0,1,0,0,65000,"مجمع ديار الروضة السكني يوفر لك جميع الخدمات والمرافق التي تحتاجها العائلة الصغيرة
-مسبح للكبار والصغار 
-نادي رياضي
-جلسات خاصة بالعوائل داخلية
-جلسات خاصة للعوائل خارجية
-كاميرات وامن ٢٤ ساعة 
-موقف خاص لكل وحدة سكنية خارجية",590.91,New
جدة,حي الروضة,جنوب غربي,250,10,4,4,2,1,0,0,0,0,1,1,0,1,0,1,1,0,0,100000,"فيلا للايجار في حي الروضه
مكونه من اربعه غرف نوم بس الحمامات وواحده ماستر مطبخ سيرفيس وصاله معيشه 
الدور الارضي 
مجلسين رجال ومجلس حريم حمامين وصاله مسبح مطبخ راكب
الملحق 
غرفه خادمه غرفه غسيل وسطح",400.0,Medium
جدة,حي الشاطئ,شمال شرقي,300,2,3,4,1,1,1,0,1,1,1,0,1,1,0,1,1,0,0,150000,"فلل فندقيه فاخره للايجار الشهري والسنوي بجانب الردسي مول وتبعد ٢٠٠ م عن الكورنيش
الفيلا دورين مكونه من ٣ غرف نوم وصالتين و ٤ حمامات ومطبخ كيير وغرفة خادمه 
نادي صحي متكامل للموقع كامل
الايجار الشهري / ٢٥٠٠٠ الف مع الخدمات بدون كهرباء
الايجار السنوي /...",500.0,Modern
جدة,حي الروضة,شرق,100,0,2,3,1,1,0,0,0,0,1,0,1,0,0,0,1,0,0,62000,"مجمع ديار الروضة السكني يوفر لك جميع الخدمات والمرافق التي تحتاجها العائلة الصغيرة
-مسبح للكبار والصغار 
-نادي رياضي
-جلسات خاصة بالعوائل داخلية
-جلسات خاصة للعوائل خارجية
-كاميرات وامن ٢٤ ساعة 
-موقف خاص لكل وحدة سكنية خارجية",620.0,New
جدة,حي طيبة,شرق,312,0,5,5,3,1,1,1,1,0,0,1,0,1,0,0,1,0,0,70000,"للايجار فيلا دبلكس منفصلة مخطط الرحيلي_مدينة_طيبة_قريب من طريق المدينة_جدة
المساحة: 312 متر
شارع: 16م
واجهة : شرقية
يوجد غرفة سائق بحمام
يوجد غرفة خادمة
جوش
نوافذ شتر
❁تتكون الفيلا من دورين وملحق
✿الدور الارضي
-مجلسين رجال ونساء بمدخلين ، مجلط ،صالة ...",224.36,New
جدة,حي المحمدية,شرق,375,9,5,5,2,1,0,1,1,0,0,1,1,1,0,0,1,0,0,100000,"فيلا للإيجار  خلف شركة المياة حي المحمدية_مدينة جدة
●التفاصيل :
الموقع : حي المحمدية
مساحة الارض : 375 م
مساحة المباني : 500 م
شارع : 16 م
●المواصفات :
تتكون الفيلا من دورين وملحق
• الدور الارضي : 
يتكون من صالونين الاول يستوعب 15 شخص. والاخر صالون ك...",266.67,Medium
جدة,حي المحمدية,شمال,250,8,4,3,2,1,1,1,1,0,1,1,0,1,0,0,1,0,0,130000,"فيلا اداريه مكونه من ٣ غرف نوم دورين وملحق موقف سياره 
غرفه حارس مقسمه غرف",520.0,Medium
جدة,حي الزمرد,شمال,312,2,5,5,3,1,1,1,1,0,0,1,0,1,0,1,0,1,1,55000,"فله للايجار في ابحر الشماليه نظام ادوار
الدور الارضي عباره عن مجلس رجال وصاله ومطبخ ودورتين مياه غرفتين نوم الدور الثاني اربع غرف نوم وصاله ومطبخ وثلاث دورات مياه الملحق عباره عن مجلس وصاله غرفة شغاله دورتين مياه    مطلوب ٥٥الف",176.28,Modern
جدة,حي الياقوت,شرق,280,0,5,5,3,1,1,1,0,0,0,1,1,1,0,1,1,0,0,50000,فلل للايجار في ابحر الشماليه مخطط الياقوت دورين وملحق خمسه غرف وثلاث صالات ومطبخ خمس دورات مياه مطلوب ٥٠الف,178.57,New
جدة,حي البساتين,جنوب,350,10,4,4,2,0,1,1,1,0,1,1,0,1,0,1,0,0,0,90000,"فيلا في حي البساتين دوبلكس
مكونه من اربعه غرف نوم ووحده منهم ماستر 
مجلسين رجال وحريم بس الحمامات وصاله ومطبخ 
موقف سيارة غرفه حارس 
ملحق غرفه خادمه غرفه غسيل بداخل الحمام وسطح،،",257.14,Medium
جدة,حي الزهراء,جنوب,400,7,5,5,3,1,1,1,1,0,1,1,1,1,1,1,1,0,0,160000,"فيلا للايجار بحى الزهراء مكيفات ومطبخ راكب 
6 غرف نوم ويوجد مسبح",400.0,Medium
جدة,حي الزمرد,غرب,300,0,5,4,2,1,0,0,1,1,1,0,1,1,0,0,1,0,0,220000,"فيلا للايجار السنوي  في شاطىء البردايس 

6 غرف نوم 
5 دورة مياه 
مسبح مشترك 
صالون كبير 
اطلاله على البحر مباشرة",733.33,New
جدة,حي الشاطئ,شمال,300,0,5,5,2,1,1,1,1,1,1,1,1,1,0,1,1,0,0,250000,,833.33,New
جدة,حي البساتين,شرق,650,20,7,5,2,1,1,1,1,0,1,1,0,0,0,0,1,0,0,120000,فيلا  للإيجار تنفع مكتب محاما او سكني مباشره على طريق المدينة,184.62,Old
جدة,حي الياقوت,غرب,250,0,5,5,3,1,1,1,1,0,1,1,0,1,0,1,1,1,0,80000,فيلا للايجار بحى الياقوت مكيفات ومصعد ومطبخ راكب فيلا مفصوله,320.0,New
جدة,حي الروضة,شرق,110,0,2,3,1,1,0,0,1,0,1,0,0,0,0,0,1,0,0,65000,"مجمع ديار الروضة السكني يوفر لك جميع الخدمات والمرافق التي تحتاجها العائلة الصغيرة
-مسبح للكبار والصغار 
-نادي رياضي
-جلسات خاصة بالعوائل داخلية
-جلسات خاصة للعوائل خارجية
-كاميرات وامن ٢٤ ساعة 
-موقف خاص لكل وحدة سكنية خارجية",590.91,New
جدة,حي الروضة,جنوب غربي,250,10,4,4,2,1,0,0,0,0,1,1,0,1,0,1,1,0,0,100000,"فيلا للايجار في حي الروضه
مكونه من اربعه غرف نوم بس الحمامات وواحده ماستر مطبخ سيرفيس وصاله معيشه 
الدور الارضي 
مجلسين رجال ومجلس حريم حمامين وصاله مسبح مطبخ راكب
الملحق 
غرفه خادمه غرفه غسيل وسطح",400.0,Medium
جدة,حي الشاطئ,شمال شرقي,300,2,3,4,1,1,1,0,1,1,1,0,1,1,0,1,1,0,0,150000,"فلل فندقيه فاخره للايجار الشهري والسنوي بجانب الردسي مول وتبعد ٢٠٠ م عن الكورنيش
الفيلا دورين مكونه من ٣ غرف نوم وصالتين و ٤ حمامات ومطبخ كيير وغرفة خادمه 
نادي صحي متكامل للموقع كامل
الايجار الشهري / ٢٥٠٠٠ الف مع الخدمات بدون كهرباء
الايجار السنوي /...",500.0,Modern
جدة,حي الروضة,شرق,100,0,2,3,1,1,0,0,0,0,1,0,1,0,0,0,1,0,0,62000,"مجمع ديار الروضة السكني يوفر لك جميع الخدمات والمرافق التي تحتاجها العائلة الصغيرة
-مسبح للكبار والصغار 
-نادي رياضي
-جلسات خاصة بالعوائل داخلية
-جلسات خاصة للعوائل خارجية
-كاميرات وامن ٢٤ ساعة 
-موقف خاص لكل وحدة سكنية خارجية",620.0,New
جدة,حي طيبة,شرق,312,0,5,5,3,1,1,1,1,0,0,1,0,1,0,0,1,0,0,70000,"للايجار فيلا دبلكس منفصلة مخطط الرحيلي_مدينة_طيبة_قريب من طريق المدينة_جدة
المساحة: 312 متر
شارع: 16م
واجهة : شرقية
يوجد غرفة سائق بحمام
يوجد غرفة خادمة
جوش
نوافذ شتر
❁تتكون الفيلا من دورين وملحق
✿الدور الارضي
-مجلسين رجال ونساء بمدخلين ، مجلط ،صالة ...",224.36,New
جدة,حي المحمدية,شرق,375,9,5,5,2,1,0,1,1,0,0,1,1,1,0,0,1,0,0,100000,"فيلا للإيجار  خلف شركة المياة حي المحمدية_مدينة جدة
●التفاصيل :
الموقع : حي المحمدية
مساحة الارض : 375 م
مساحة المباني : 500 م
شارع : 16 م
●المواصفات :
تتكون الفيلا من دورين وملحق
• الدور الارضي : 
يتكون من صالونين الاول يستوعب 15 شخص. والاخر صالون ك...",266.67,Medium
جدة,حي المحمدية,شمال,250,8,4,3,2,1,1,1,1,0,1,1,0,1,0,0,1,0,0,130000,"فيلا اداريه مكونه من ٣ غرف نوم دورين وملحق موقف سياره 
غرفه حارس مقسمه غرف",520.0,Medium
جدة,حي الزمرد,شمال,312,2,5,5,3,1,1,1,1,0,0,1,0,1,0,1,0,1,1,55000,"فله للايجار في ابحر الشماليه نظام ادوار
الدور الارضي عباره عن مجلس رجال وصاله ومطبخ ودورتين مياه غرفتين نوم الدور الثاني اربع غرف نوم وصاله ومطبخ وثلاث دورات مياه الملحق عباره عن مجلس وصاله غرفة شغاله دورتين مياه    مطلوب ٥٥الف",176.28,Modern
جدة,حي الياقوت,شرق,280,0,5,5,3,1,1,1,0,0,0,1,1,1,0,1,1,0,0,50000,فلل للايجار في ابحر الشماليه مخطط الياقوت دورين وملحق خمسه غرف وثلاث صالات ومطبخ خمس دورات مياه مطلوب ٥٠الف,178.57,New
جدة,حي البساتين,جنوب,350,10,4,4,2,0,1,1,1,0,1,1,0,1,0,1,0,0,0,90000,"فيلا في حي البساتين دوبلكس
مكونه من اربعه غرف نوم ووحده منهم ماستر 
مجلسين رجال وحريم بس الحمامات وصاله ومطبخ 
موقف سيارة غرفه حارس 
ملحق غرفه خادمه غرفه غسيل بداخل الحمام وسطح،،",257.14,Medium
جدة,حي الزهراء,جنوب,400,7,5,5,3,1,1,1,1,0,1,1,1,1,1,1,1,0,0,160000,"فيلا للايجار بحى الزهراء مكيفات ومطبخ راكب 
6 غرف نوم ويوجد مسبح",400.0,Medium
جدة,حي الزمرد,غرب,300,0,5,4,2,1,0,0,1,1,1,0,1,1,0,0,1,0,0,220000,"فيلا للايجار السنوي  في شاطىء البردايس 

6 غرف نوم 
5 دورة مياه 
مسبح مشترك 
صالون كبير 
اطلاله على البحر مباشرة",733.33,New
جدة,حي الشاطئ,شمال,300,0,5,5,2,1,1,1,1,1,1,1,1,1,0,1,1,0,0,250000,,833.33,New
جدة,حي البساتين,شرق,650,20,7,5,2,1,1,1,1,0,1,1,0,0,0,0,1,0,0,120000,فيلا  للإيجار تنفع مكتب محاما او سكني مباشره على طريق المدينة,184.62,Old
جدة,حي الياقوت,غرب,250,0,5,5,3,1,1,1,1,0,1,1,0,1,0,1,1,1,0,80000,فيلا للايجار بحى الياقوت مكيفات ومصعد ومطبخ راكب فيلا مفصوله,320.0,New
جدة,حي الروضة,شرق,110,0,2,3,1,1,0,0,1,0,1,0,0,0,0,0,1,0,0,65000,"مجمع ديار الروضة السكني يوفر لك جميع الخدمات والمرافق التي تحتاجها العائلة الصغيرة
-مسبح للكبار والصغار 
-نادي رياضي
-جلسات خاصة بالعوائل داخلية
-جلسات خاصة للعوائل خارجية
-كاميرات وامن ٢٤ ساعة 
-موقف خاص لكل وحدة سكنية خارجية",590.91,New
جدة,حي الروضة,جنوب غربي,250,10,4,4,2,1,0,0,0,0,1,1,0,1,0,1,1,0,0,100000,"فيلا للايجار في حي الروضه
مكونه من اربعه غرف نوم بس الحمامات وواحده ماستر مطبخ سيرفيس وصاله معيشه 
الدور الارضي 
مجلسين رجال ومجلس حريم حمامين وصاله مسبح مطبخ راكب
الملحق 
غرفه خادمه غرفه غسيل وسطح",400.0,Medium
جدة,حي الشاطئ,شمال شرقي,300,2,3,4,1,1,1,0,1,1,1,0,1,1,0,1,1,0,0,150000,"فلل فندقيه فاخره للايجار الشهري والسنوي بجانب الردسي مول وتبعد ٢٠٠ م عن الكورنيش
الفيلا دورين مكونه من ٣ غرف نوم وصالتين و ٤ حمامات ومطبخ كيير وغرفة خادمه 
نادي صحي متكامل للموقع كامل
الايجار الشهري / ٢٥٠٠٠ الف مع الخدمات بدون كهرباء
الايجار السنوي /...",500.0,Modern
جدة,حي الروضة,شرق,100,0,2,3,1,1,0,0,0,0,1,0,1,0,0,0,1,0,0,62000,"مجمع ديار الروضة السكني يوفر لك جميع الخدمات والمرافق التي تحتاجها العائلة الصغيرة
-مسبح للكبار والصغار 
-نادي رياضي
-جلسات خاصة بالعوائل داخلية
-جلسات خاصة للعوائل خارجية
-كاميرات وامن ٢٤ ساعة 
-موقف خاص لكل وحدة سكنية خارجية",620.0,New
جدة,حي طيبة,شرق,312,0,5,5,3,1,1,1,1,0,0,1,0,1,0,0,1,0,0,70000,"للايجار فيلا دبلكس منفصلة مخطط الرحيلي_مدينة_طيبة_قريب من طريق المدينة_جدة
المساحة: 312 متر
شارع: 16م
واجهة : شرقية
يوجد غرفة سائق بحمام
يوجد غرفة خادمة
جوش
نوافذ شتر
❁تتكون الفيلا من دورين وملحق
✿الدور الارضي
-مجلسين رجال ونساء بمدخلين ، مجلط ،صالة ...",224.36,New
جدة,حي المحمدية,شرق,375,9,5,5,2,1,0,1,1,0,0,1,1,1,0,0,1,0,0,100000,"فيلا للإيجار  خلف شركة المياة حي المحمدية_مدينة جدة
●التفاصيل :
الموقع : حي المحمدية
مساحة الارض : 375 م
مساحة المباني : 500 م
شارع : 16 م
●المواصفات :
تتكون الفيلا من دورين وملحق
• الدور الارضي : 
يتكون من صالونين الاول يستوعب 15 شخص. والاخر صالون ك...",266.67,Medium
جدة,حي المحمدية,شمال,250,8,4,3,2,1,1,1,1,0,1,1,0,1,0,0,1,0,0,130000,"فيلا اداريه مكونه من ٣ غرف نوم دورين وملحق موقف سياره 
غرفه حارس مقسمه غرف",520.0,Medium
جدة,حي الزمرد,شمال,312,2,5,5,3,1,1,1,1,0,0,1,0,1,0,1,0,1,1,55000,"فله للايجار في ابحر الشماليه نظام ادوار
الدور الارضي عباره عن مجلس رجال وصاله ومطبخ ودورتين مياه غرفتين نوم الدور الثاني اربع غرف نوم وصاله ومطبخ وثلاث دورات مياه الملحق عباره عن مجلس وصاله غرفة شغاله دورتين مياه    مطلوب ٥٥الف",176.28,Modern
جدة,حي الياقوت,شرق,280,0,5,5,3,1,1,1,0,0,0,1,1,1,0,1,1,0,0,50000,فلل للايجار في ابحر الشماليه مخطط الياقوت دورين وملحق خمسه غرف وثلاث صالات ومطبخ خمس دورات مياه مطلوب ٥٠الف,178.57,New
جدة,حي البساتين,جنوب,350,10,4,4,2,0,1,1,1,0,1,1,0,1,0,1,0,0,0,90000,"فيلا في حي البساتين دوبلكس
مكونه من اربعه غرف نوم ووحده منهم ماستر 
مجلسين رجال وحريم بس الحمامات وصاله ومطبخ 
موقف سيارة غرفه حارس 
ملحق غرفه خادمه غرفه غسيل بداخل الحمام وسطح،،",257.14,Medium
جدة,حي الزهراء,جنوب,400,7,5,5,3,1,1,1,1,0,1,1,1,1,1,1,1,0,0,160000,"فيلا للايجار بحى الزهراء مكيفات ومطبخ راكب 
6 غرف نوم ويوجد مسبح",400.0,Medium
جدة,حي الزمرد,غرب,300,0,5,4,2,1,0,0,1,1,1,0,1,1,0,0,1,0,0,220000,"فيلا للايجار السنوي  في شاطىء البردايس 

6 غرف نوم 
5 دورة مياه 
مسبح مشترك 
صالون كبير 
اطلاله على البحر مباشرة",733.33,New
جدة,حي الشاطئ,شمال,300,0,5,5,2,1,1,1,1,1,1,1,1,1,0,1,1,0,0,250000,,833.33,New
جدة,حي البساتين,شرق,650,20,7,5,2,1,1,1,1,0,1,1,0,0,0,0,1,0,0,120000,فيلا  للإيجار تنفع مكتب محاما او سكني مباشره على طريق المدينة,184.62,Old
جدة,حي الياقوت,غرب,250,0,5,5,3,1,1,1,1,0,1,1,0,1,0,1,1,1,0,80000,فيلا للايجار بحى الياقوت مكيفات ومصعد ومطبخ راكب فيلا مفصوله,320.0,New
جدة,حي الروضة,شرق,110,0,2,3,1,1,0,0,1,0,1,0,0,0,0,0,1,0,0,65000,"مجمع ديار الروضة السكني يوفر لك جميع الخدمات والمرافق التي تحتاجها العائلة الصغيرة
-مسبح للكبار والصغار 
-نادي رياضي
-جلسات خاصة بالعوائل داخلية
-جلسات خاصة للعوائل خارجية
-كاميرات وامن ٢٤ ساعة 
-موقف خاص لكل وحدة سكنية خارجية",590.91,New
جدة,حي الروضة,جنوب غربي,250,10,4,4,2,1,0,0,0,0,1,1,0,1,0,1,1,0,0,100000,"فيلا للايجار في حي الروضه
مكونه من اربعه غرف نوم بس الحمامات وواحده ماستر مطبخ سيرفيس وصاله معيشه 
الدور الارضي 
مجلسين رجال ومجلس حريم حمامين وصاله مسبح مطبخ راكب
الملحق 
غرفه خادمه غرفه غسيل وسطح",400.0,Medium
جدة,حي الشاطئ,شمال شرقي,300,2,3,4,1,1,1,0,1,1,1,0,1,1,0,1,1,0,0,150000,"فلل فندقيه فاخره للايجار الشهري والسنوي بجانب الردسي مول وتبعد ٢٠٠ م عن الكورنيش
الفيلا دورين مكونه من ٣ غرف نوم وصالتين و ٤ حمامات ومطبخ كيير وغرفة خادمه 
نادي صحي متكامل للموقع كامل
الايجار الشهري / ٢٥٠٠٠ الف مع الخدمات بدون كهرباء
الايجار السنوي /...",500.0,Modern
جدة,حي الروضة,شرق,100,0,2,3,1,1,0,0,0,0,1,0,1,0,0,0,1,0,0,62000,"مجمع ديار الروضة السكني يوفر لك جميع الخدمات والمرافق التي تحتاجها العائلة الصغيرة
-مسبح للكبار والصغار 
-نادي رياضي
-جلسات خاصة بالعوائل داخلية
-جلسات خاصة للعوائل خارجية
-كاميرات وامن ٢٤ ساعة 
-موقف خاص لكل وحدة سكنية خارجية",620.0,New
جدة,حي طيبة,شرق,312,0,5,5,3,1,1,1,1,0,0,1,0,1,0,0,1,0,0,70000,"للايجار فيلا دبلكس منفصلة مخطط الرحيلي_مدينة_طيبة_قريب من طريق المدينة_جدة
المساحة: 312 متر
شارع: 16م
واجهة : شرقية
يوجد غرفة سائق بحمام
يوجد غرفة خادمة
جوش
نوافذ شتر
❁تتكون الفيلا من دورين وملحق
✿الدور الارضي
-مجلسين رجال ونساء بمدخلين ، مجلط ،صالة ...",224.36,New
جدة,حي المحمدية,شرق,375,9,5,5,2,1,0,1,1,0,0,1,1,1,0,0,1,0,0,100000,"فيلا للإيجار  خلف شركة المياة حي المحمدية_مدينة جدة
●التفاصيل :
الموقع : حي المحمدية
مساحة الارض : 375 م
مساحة المباني : 500 م
شارع : 16 م
●المواصفات :
تتكون الفيلا من دورين وملحق
• الدور الارضي : 
يتكون من صالونين الاول يستوعب 15 شخص. والاخر صالون ك...",266.67,Medium
جدة,حي المحمدية,شمال,250,8,4,3,2,1,1,1,1,0,1,1,0,1,0,0,1,0,0,130000,"فيلا اداريه مكونه من ٣ غرف نوم دورين وملحق موقف سياره 
غرفه حارس مقسمه غرف",520.0,Medium
جدة,حي الزمرد,شمال,312,2,5,5,3,1,1,1,1,0,0,1,0,1,0,1,0,1,1,55000,"فله للايجار في ابحر الشماليه نظام ادوار
الدور الارضي عباره عن مجلس رجال وصاله ومطبخ ودورتين مياه غرفتين نوم الدور الثاني اربع غرف نوم وصاله ومطبخ وثلاث دورات مياه الملحق عباره عن مجلس وصاله غرفة شغاله دورتين مياه    مطلوب ٥٥الف",176.28,Modern
جدة,حي الياقوت,شرق,280,0,5,5,3,1,1,1,0,0,0,1,1,1,0,1,1,0,0,50000,فلل للايجار في ابحر الشماليه مخطط الياقوت دورين وملحق خمسه غرف وثلاث صالات ومطبخ خمس دورات مياه مطلوب ٥٠الف,178.57,New
جدة,حي البساتين,جنوب,350,10,4,4,2,0,1,1,1,0,1,1,0,1,0,1,0,0,0,90000,"فيلا في حي البساتين دوبلكس
مكونه من اربعه غرف نوم ووحده منهم ماستر 
مجلسين رجال وحريم بس الحمامات وصاله ومطبخ 
موقف سيارة غرفه حارس 
ملحق غرفه خادمه غرفه غسيل بداخل الحمام وسطح،،",257.14,Medium
جدة,حي الزهراء,جنوب,400,7,5,5,3,1,1,1,1,0,1,1,1,1,1,1,1,0,0,160000,"فيلا للايجار بحى الزهراء مكيفات ومطبخ راكب 
6 غرف نوم ويوجد مسبح",400.0,Medium
جدة,حي الزمرد,غرب,300,0,5,4,2,1,0,0,1,1,1,0,1,1,0,0,1,0,0,220000,"فيلا للايجار السنوي  في شاطىء البردايس 

6 غرف نوم 
5 دورة مياه 
مسبح مشترك 
صالون كبير 
اطلاله على البحر مباشرة",733.33,New
جدة,حي الشاطئ,شمال,300,0,5,5,2,1,1,1,1,1,1,1,1,1,0,1,1,0,0,250000,,833.33,New
جدة,حي البساتين,شرق,650,20,7,5,2,1,1,1,1,0,1,1,0,0,0,0,1,0,0,120000,فيلا  للإيجار تنفع مكتب محاما او سكني مباشره على طريق المدينة,184.62,Old
جدة,حي الياقوت,غرب,250,0,5,5,3,1,1,1,1,0,1,1,0,1,0,1,1,1,0,80000,فيلا للايجار بحى الياقوت مكيفات ومصعد ومطبخ راكب فيلا مفصوله,320.0,New
جدة,حي الروضة,شرق,110,0,2,3,1,1,0,0,1,0,1,0,0,0,0,0,1,0,0,65000,"مجمع ديار الروضة السكني يوفر لك جميع الخدمات والمرافق التي تحتاجها العائلة الصغيرة
-مسبح للكبار والصغار 
-نادي رياضي
-جلسات خاصة بالعوائل داخلية
-جلسات خاصة للعوائل خارجية
-كاميرات وامن ٢٤ ساعة 
-موقف خاص لكل وحدة سكنية خارجية",590.91,New
جدة,حي الروضة,جنوب غربي,250,10,4,4,2,1,0,0,0,0,1,1,0,1,0,1,1,0,0,100000,"فيلا للايجار في حي الروضه
مكونه من اربعه غرف نوم بس الحمامات وواحده ماستر مطبخ سيرفيس وصاله معيشه 
الدور الارضي 
مجلسين رجال ومجلس حريم حمامين وصاله مسبح مطبخ راكب
الملحق 
غرفه خادمه غرفه غسيل وسطح",400.0,Medium
جدة,حي الشاطئ,شمال شرقي,300,2,3,4,1,1,1,0,1,1,1,0,1,1,0,1,1,0,0,150000,"فلل فندقيه فاخره للايجار الشهري والسنوي بجانب الردسي مول وتبعد ٢٠٠ م عن الكورنيش
الفيلا دورين مكونه من ٣ غرف نوم وصالتين و ٤ حمامات ومطبخ كيير وغرفة خادمه 
نادي صحي متكامل للموقع كامل
الايجار الشهري / ٢٥٠٠٠ الف مع الخدمات بدون كهرباء
الايجار السنوي /...",500.0,Modern
جدة,حي الروضة,شرق,100,0,2,3,1,1,0,0,0,0,1,0,1,0,0,0,1,0,0,62000,"مجمع ديار الروضة السكني يوفر لك جميع الخدمات والمرافق التي تحتاجها العائلة الصغيرة
-مسبح للكبار والصغار 
-نادي رياضي
-جلسات خاصة بالعوائل داخلية
-جلسات خاصة للعوائل خارجية
-كاميرات وامن ٢٤ ساعة 
-موقف خاص لكل وحدة سكنية خارجية",620.0,New
جدة,حي طيبة,شرق,312,0,5,5,3,1,1,1,1,0,0,1,0,1,0,0,1,0,0,70000,"للايجار فيلا دبلكس منفصلة مخطط الرحيلي_مدينة_طيبة_قريب من طريق المدينة_جدة
المساحة: 312 متر
شارع: 16م
واجهة : شرقية
يوجد غرفة سائق بحمام
يوجد غرفة خادمة
جوش
نوافذ شتر
❁تتكون الفيلا من دورين وملحق
✿الدور الارضي
-مجلسين رجال ونساء بمدخلين ، مجلط ،صالة ...",224.36,New
جدة,حي المحمدية,شرق,375,9,5,5,2,1,0,1,1,0,0,1,1,1,0,0,1,0,0,100000,"فيلا للإيجار  خلف شركة المياة حي المحمدية_مدينة جدة
●التفاصيل :
الموقع : حي المحمدية
مساحة الارض : 375 م
مساحة المباني : 500 م
شارع : 16 م
●المواصفات :
تتكون الفيلا من دورين وملحق
• الدور الارضي : 
يتكون من صالونين الاول يستوعب 15 شخص. والاخر صالون ك...",266.67,Medium
جدة,حي المحمدية,شمال,250,8,4,3,2,1,1,1,1,0,1,1,0,1,0,0,1,0,0,130000,"فيلا اداريه مكونه من ٣ غرف نوم دورين وملحق موقف سياره 
غرفه حارس مقسمه غرف",520.0,Medium
جدة,حي الزمرد,شمال,312,2,5,5,3,1,1,1,1,0,0,1,0,1,0,1,0,1,1,55000,"فله للايجار في ابحر الشماليه نظام ادوار
الدور الارضي عباره عن مجلس رجال وصاله ومطبخ ودورتين مياه غرفتين نوم الدور الثاني اربع غرف نوم وصاله ومطبخ وثلاث دورات مياه الملحق عباره عن مجلس وصاله غرفة شغاله دورتين مياه    مطلوب ٥٥الف",176.28,Modern
جدة,حي الياقوت,شرق,280,0,5,5,3,1,1,1,0,0,0,1,1,1,0,1,1,0,0,50000,فلل للايجار في ابحر الشماليه مخطط الياقوت دورين وملحق خمسه غرف وثلاث صالات ومطبخ خمس دورات مياه مطلوب ٥٠الف,178.57,New
جدة,حي البساتين,جنوب,350,10,4,4,2,0,1,1,1,0,1,1,0,1,0,1,0,0,0,90000,"فيلا في حي البساتين دوبلكس
مكونه من اربعه غرف نوم ووحده منهم ماستر 
مجلسين رجال وحريم بس الحمامات وصاله ومطبخ 
موقف سيارة غرفه حارس 
ملحق غرفه خادمه غرفه غسيل بداخل الحمام وسطح،،",257.14,Medium
جدة,حي الزهراء,جنوب,400,7,5,5,3,1,1,1,1,0,1,1,1,1,1,1,1,0,0,160000,"فيلا للايجار بحى الزهراء مكيفات ومطبخ راكب 
6 غرف نوم ويوجد مسبح",400.0,Medium
جدة,حي الزمرد,غرب,300,0,5,4,2,1,0,0,1,1,1,0,1,1,0,0,1,0,0,220000,"فيلا للايجار السنوي  في شاطىء البردايس 

6 غرف نوم 
5 دورة مياه 
مسبح مشترك 
صالون كبير 
اطلاله على البحر مباشرة",733.33,New
جدة,حي الشاطئ,شمال,300,0,5,5,2,1,1,1,1,1,1,1,1,1,0,1,1,0,0,250000,,833.33,New
جدة,حي البساتين,شرق,650,20,7,5,2,1,1,1,1,0,1,1,0,0,0,0,1,0,0,120000,فيلا  للإيجار تنفع مكتب محاما او سكني مباشره على طريق المدينة,184.62,Old
جدة,حي الياقوت,غرب,250,0,5,5,3,1,1,1,1,0,1,1,0,1,0,1,1,1,0,80000,فيلا للايجار بحى الياقوت مكيفات ومصعد ومطبخ راكب فيلا مفصوله,320.0,New
جدة,حي الروضة,شرق,110,0,2,3,1,1,0,0,1,0,1,0,0,0,0,0,1,0,0,65000,"مجمع ديار الروضة السكني يوفر لك جميع الخدمات والمرافق التي تحتاجها العائلة الصغيرة
-مسبح للكبار والصغار 
-نادي رياضي
-جلسات خاصة بالعوائل داخلية
-جلسات خاصة للعوائل خارجية
-كاميرات وامن ٢٤ ساعة 
-موقف خاص لكل وحدة سكنية خارجية",590.91,New
جدة,حي الروضة,جنوب غربي,250,10,4,4,2,1,0,0,0,0,1,1,0,1,0,1,1,0,0,100000,"فيلا للايجار في حي الروضه
مكونه من اربعه غرف نوم بس الحمامات وواحده ماستر مطبخ سيرفيس وصاله معيشه 
الدور الارضي 
مجلسين رجال ومجلس حريم حمامين وصاله مسبح مطبخ راكب
الملحق 
غرفه خادمه غرفه غسيل وسطح",400.0,Medium
جدة,حي الشاطئ,شمال شرقي,300,2,3,4,1,1,1,0,1,1,1,0,1,1,0,1,1,0,0,150000,"فلل فندقيه فاخره للايجار الشهري والسنوي بجانب الردسي مول وتبعد ٢٠٠ م عن الكورنيش
الفيلا دورين مكونه من ٣ غرف نوم وصالتين و ٤ حمامات ومطبخ كيير وغرفة خادمه 
نادي صحي متكامل للموقع كامل
الايجار الشهري / ٢٥٠٠٠ الف مع الخدمات بدون كهرباء
الايجار السنوي /...",500.0,Modern
جدة,حي الروضة,شرق,100,0,2,3,1,1,0,0,0,0,1,0,1,0,0,0,1,0,0,62000,"مجمع ديار الروضة السكني يوفر لك جميع الخدمات والمرافق التي تحتاجها العائلة الصغيرة
-مسبح للكبار والصغار 
-نادي رياضي
-جلسات خاصة بالعوائل داخلية
-جلسات خاصة للعوائل خارجية
-كاميرات وامن ٢٤ ساعة 
-موقف خاص لكل وحدة سكنية خارجية",620.0,New
جدة,حي طيبة,شرق,312,0,5,5,3,1,1,1,1,0,0,1,0,1,0,0,1,0,0,70000,"للايجار فيلا دبلكس منفصلة مخطط الرحيلي_مدينة_طيبة_قريب من طريق المدينة_جدة
المساحة: 312 متر
شارع: 16م
واجهة : شرقية
يوجد غرفة سائق بحمام
يوجد غرفة خادمة
جوش
نوافذ شتر
❁تتكون الفيلا من دورين وملحق
✿الدور الارضي
-مجلسين رجال ونساء بمدخلين ، مجلط ،صالة ...",224.36,New
جدة,حي المحمدية,شرق,375,9,5,5,2,1,0,1,1,0,0,1,1,1,0,0,1,0,0,100000,"فيلا للإيجار  خلف شركة المياة حي المحمدية_مدينة جدة
●التفاصيل :
الموقع : حي المحمدية
مساحة الارض : 375 م
مساحة المباني : 500 م
شارع : 16 م
●المواصفات :
تتكون الفيلا من دورين وملحق
• الدور الارضي : 
يتكون من صالونين الاول يستوعب 15 شخص. والاخر صالون ك...",266.67,Medium
جدة,حي المحمدية,شمال,250,8,4,3,2,1,1,1,1,0,1,1,0,1,0,0,1,0,0,130000,"فيلا اداريه مكونه من ٣ غرف نوم دورين وملحق موقف سياره 
غرفه حارس مقسمه غرف",520.0,Medium
جدة,حي الزمرد,شمال,312,2,5,5,3,1,1,1,1,0,0,1,0,1,0,1,0,1,1,55000,"فله للايجار في ابحر الشماليه نظام ادوار
الدور الارضي عباره عن مجلس رجال وصاله ومطبخ ودورتين مياه غرفتين نوم الدور الثاني اربع غرف نوم وصاله ومطبخ وثلاث دورات مياه الملحق عباره عن مجلس وصاله غرفة شغاله دورتين مياه    مطلوب ٥٥الف",176.28,Modern
جدة,حي الياقوت,شرق,280,0,5,5,3,1,1,1,0,0,0,1,1,1,0,1,1,0,0,50000,فلل للايجار في ابحر الشماليه مخطط الياقوت دورين وملحق خمسه غرف وثلاث صالات ومطبخ خمس دورات مياه مطلوب ٥٠الف,178.57,New
جدة,حي البساتين,جنوب,350,10,4,4,2,0,1,1,1,0,1,1,0,1,0,1,0,0,0,90000,"فيلا في حي البساتين دوبلكس
مكونه من اربعه غرف نوم ووحده منهم ماستر 
مجلسين رجال وحريم بس الحمامات وصاله ومطبخ 
موقف سيارة غرفه حارس 
ملحق غرفه خادمه غرفه غسيل بداخل الحمام وسطح،،",257.14,Medium
جدة,حي الزهراء,جنوب,400,7,5,5,3,1,1,1,1,0,1,1,1,1,1,1,1,0,0,160000,"فيلا للايجار بحى الزهراء مكيفات ومطبخ راكب 
6 غرف نوم ويوجد مسبح",400.0,Medium
جدة,حي الزمرد,غرب,300,0,5,4,2,1,0,0,1,1,1,0,1,1,0,0,1,0,0,220000,"فيلا للايجار السنوي  في شاطىء البردايس 

6 غرف نوم 
5 دورة مياه 
مسبح مشترك 
صالون كبير 
اطلاله على البحر مباشرة",733.33,New
جدة,حي الشاطئ,شمال,300,0,5,5,2,1,1,1,1,1,1,1,1,1,0,1,1,0,0,250000,,833.33,New
جدة,حي البساتين,شرق,650,20,7,5,2,1,1,1,1,0,1,1,0,0,0,0,1,0,0,120000,فيلا  للإيجار تنفع مكتب محاما او سكني مباشره على طريق المدينة,184.62,Old
جدة,حي الياقوت,غرب,250,0,5,5,3,1,1,1,1,0,1,1,0,1,0,1,1,1,0,80000,فيلا للايجار بحى الياقوت مكيفات ومصعد ومطبخ راكب فيلا مفصوله,320.0,New
جدة,حي الروضة,شرق,110,0,2,3,1,1,0,0,1,0,1,0,0,0,0,0,1,0,0,65000,"مجمع ديار الروضة السكني يوفر لك جميع الخدمات والمرافق التي تحتاجها العائلة الصغيرة
-مسبح للكبار والصغار 
-نادي رياضي
-جلسات خاصة بالعوائل داخلية
-جلسات خاصة للعوائل خارجية
-كاميرات وامن ٢٤ ساعة 
-موقف خاص لكل وحدة سكنية خارجية",590.91,New
جدة,حي الروضة,جنوب غربي,250,10,4,4,2,1,0,0,0,0,1,1,0,1,0,1,1,0,0,100000,"فيلا للايجار في حي الروضه
مكونه من اربعه غرف نوم بس الحمامات وواحده ماستر مطبخ سيرفيس وصاله معيشه 
الدور الارضي 
مجلسين رجال ومجلس حريم حمامين وصاله مسبح مطبخ راكب
الملحق 
غرفه خادمه غرفه غسيل وسطح",400.0,Medium
جدة,حي الشاطئ,شمال شرقي,300,2,3,4,1,1,1,0,1,1,1,0,1,1,0,1,1,0,0,150000,"فلل فندقيه فاخره للايجار الشهري والسنوي بجانب الردسي مول وتبعد ٢٠٠ م عن الكورنيش
الفيلا دورين مكونه من ٣ غرف نوم وصالتين و ٤ حمامات ومطبخ كيير وغرفة خادمه 
نادي صحي متكامل للموقع كامل
الايجار الشهري / ٢٥٠٠٠ الف مع الخدمات بدون كهرباء
الايجار السنوي /...",500.0,Modern
جدة,حي الروضة,شرق,100,0,2,3,1,1,0,0,0,0,1,0,1,0,0,0,1,0,0,62000,"مجمع ديار الروضة السكني يوفر لك جميع الخدمات والمرافق التي تحتاجها العائلة الصغيرة
-مسبح للكبار والصغار 
-نادي رياضي
-جلسات خاصة بالعوائل داخلية
-جلسات خاصة للعوائل خارجية
-كاميرات وامن ٢٤ ساعة 
-موقف خاص لكل وحدة سكنية خارجية",620.0,New
جدة,حي طيبة,شرق,312,0,5,5,3,1,1,1,1,0,0,1,0,1,0,0,1,0,0,70000,"للايجار فيلا دبلكس منفصلة مخطط الرحيلي_مدينة_طيبة_قريب من طريق المدينة_جدة
المساحة: 312 متر
شارع: 16م
واجهة : شرقية
يوجد غرفة سائق بحمام
يوجد غرفة خادمة
جوش
نوافذ شتر
❁تتكون الفيلا من دورين وملحق
✿الدور الارضي
-مجلسين رجال ونساء بمدخلين ، مجلط ،صالة ...",224.36,New
جدة,حي المحمدية,شرق,375,9,5,5,2,1,0,1,1,0,0,1,1,1,0,0,1,0,0,100000,"فيلا للإيجار  خلف شركة المياة حي المحمدية_مدينة جدة
●التفاصيل :
الموقع : حي المحمدية
مساحة الارض : 375 م
مساحة المباني : 500 م
شارع : 16 م
●المواصفات :
تتكون الفيلا من دورين وملحق
• الدور الارضي : 
يتكون من صالونين الاول يستوعب 15 شخص. والاخر صالون ك...",266.67,Medium
جدة,حي المحمدية,شمال,250,8,4,3,2,1,1,1,1,0,1,1,0,1,0,0,1,0,0,130000,"فيلا اداريه مكونه من ٣ غرف نوم دورين وملحق موقف سياره 
غرفه حارس مقسمه غرف",520.0,Medium
جدة,حي الزمرد,شمال,312,2,5,5,3,1,1,1,1,0,0,1,0,1,0,1,0,1,1,55000,"فله للايجار في ابحر الشماليه نظام ادوار
الدور الارضي عباره عن مجلس رجال وصاله ومطبخ ودورتين مياه غرفتين نوم الدور الثاني اربع غرف نوم وصاله ومطبخ وثلاث دورات مياه الملحق عباره عن مجلس وصاله غرفة شغاله دورتين مياه    مطلوب ٥٥الف",176.28,Modern
جدة,حي الياقوت,شرق,280,0,5,5,3,1,1,1,0,0,0,1,1,1,0,1,1,0,0,50000,فلل للايجار في ابحر الشماليه مخطط الياقوت دورين وملحق خمسه غرف وثلاث صالات ومطبخ خمس دورات مياه مطلوب ٥٠الف,178.57,New
جدة,حي البساتين,جنوب,350,10,4,4,2,0,1,1,1,0,1,1,0,1,0,1,0,0,0,90000,"فيلا في حي البساتين دوبلكس
مكونه من اربعه غرف نوم ووحده منهم ماستر 
مجلسين رجال وحريم بس الحمامات وصاله ومطبخ 
موقف سيارة غرفه حارس 
ملحق غرفه خادمه غرفه غسيل بداخل الحمام وسطح،،",257.14,Medium
جدة,حي الزهراء,جنوب,400,7,5,5,3,1,1,1,1,0,1,1,1,1,1,1,1,0,0,160000,"فيلا للايجار بحى الزهراء مكيفات ومطبخ راكب 
6 غرف نوم ويوجد مسبح",400.0,Medium
جدة,حي الزمرد,غرب,300,0,5,4,2,1,0,0,1,1,1,0,1,1,0,0,1,0,0,220000,"فيلا للايجار السنوي  في شاطىء البردايس 

6 غرف نوم 
5 دورة مياه 
مسبح مشترك 
صالون كبير 
اطلاله على البحر مباشرة",733.33,New
جدة,حي الشاطئ,شمال,300,0,5,5,2,1,1,1,1,1,1,1,1,1,0,1,1,0,0,250000,,833.33,New
جدة,حي البساتين,شرق,650,20,7,5,2,1,1,1,1,0,1,1,0,0,0,0,1,0,0,120000,فيلا  للإيجار تنفع مكتب محاما او سكني مباشره على طريق المدينة,184.62,Old
جدة,حي الياقوت,غرب,250,0,5,5,3,1,1,1,1,0,1,1,0,1,0,1,1,1,0,80000,فيلا للايجار بحى الياقوت مكيفات ومصعد ومطبخ راكب فيلا مفصوله,320.0,New
جدة,حي الروضة,شرق,110,0,2,3,1,1,0,0,1,0,1,0,0,0,0,0,1,0,0,65000,"مجمع ديار الروضة السكني يوفر لك جميع الخدمات والمرافق التي تحتاجها العائلة الصغيرة
-مسبح للكبار والصغار 
-نادي رياضي
-جلسات خاصة بالعوائل داخلية
-جلسات خاصة للعوائل خارجية
-كاميرات وامن ٢٤ ساعة 
-موقف خاص لكل وحدة سكنية خارجية",590.91,New
جدة,حي الروضة,جنوب غربي,250,10,4,4,2,1,0,0,0,0,1,1,0,1,0,1,1,0,0,100000,"فيلا للايجار في حي الروضه
مكونه من اربعه غرف نوم بس الحمامات وواحده ماستر مطبخ سيرفيس وصاله معيشه 
الدور الارضي 
مجلسين رجال ومجلس حريم حمامين وصاله مسبح مطبخ راكب
الملحق 
غرفه خادمه غرفه غسيل وسطح",400.0,Medium
جدة,حي الشاطئ,شمال شرقي,300,2,3,4,1,1,1,0,1,1,1,0,1,1,0,1,1,0,0,150000,"فلل فندقيه فاخره للايجار الشهري والسنوي بجانب الردسي مول وتبعد ٢٠٠ م عن الكورنيش
الفيلا دورين مكونه من ٣ غرف نوم وصالتين و ٤ حمامات ومطبخ كيير وغرفة خادمه 
نادي صحي متكامل للموقع كامل
الايجار الشهري / ٢٥٠٠٠ الف مع الخدمات بدون كهرباء
الايجار السنوي /...",500.0,Modern
جدة,حي الروضة,شرق,100,0,2,3,1,1,0,0,0,0,1,0,1,0,0,0,1,0,0,62000,"مجمع ديار الروضة السكني يوفر لك جميع الخدمات والمرافق التي تحتاجها العائلة الصغيرة
-مسبح للكبار والصغار 
-نادي رياضي
-جلسات خاصة بالعوائل داخلية
-جلسات خاصة للعوائل خارجية
-كاميرات وامن ٢٤ ساعة 
-موقف خاص لكل وحدة سكنية خارجية",620.0,New
جدة,حي طيبة,شرق,312,0,5,5,3,1,1,1,1,0,0,1,0,1,0,0,1,0,0,70000,"للايجار فيلا دبلكس منفصلة مخطط الرحيلي_مدينة_طيبة_قريب من طريق المدينة_جدة
المساحة: 312 متر
شارع: 16م
واجهة : شرقية
يوجد غرفة سائق بحمام
يوجد غرفة خادمة
جوش
نوافذ شتر
❁تتكون الفيلا من دورين وملحق
✿الدور الارضي
-مجلسين رجال ونساء بمدخلين ، مجلط ،صالة ...",224.36,New
جدة,حي المحمدية,شرق,375,9,5,5,2,1,0,1,1,0,0,1,1,1,0,0,1,0,0,100000,"فيلا للإيجار  خلف شركة المياة حي المحمدية_مدينة جدة
●التفاصيل :
الموقع : حي المحمدية
مساحة الارض : 375 م
مساحة المباني : 500 م
شارع : 16 م
●المواصفات :
تتكون الفيلا من دورين وملحق
• الدور الارضي : 
يتكون من صالونين الاول يستوعب 15 شخص. والاخر صالون ك...",266.67,Medium
جدة,حي المحمدية,شمال,250,8,4,3,2,1,1,1,1,0,1,1,0,1,0,0,1,0,0,130000,"فيلا اداريه مكونه من ٣ غرف نوم دورين وملحق موقف سياره 
غرفه حارس مقسمه غرف",520.0,Medium
جدة,حي الزمرد,شمال,312,2,5,5,3,1,1,1,1,0,0,1,0,1,0,1,0,1,1,55000,"فله للايجار في ابحر الشماليه نظام ادوار
الدور الارضي عباره عن مجلس رجال وصاله ومطبخ ودورتين مياه غرفتين نوم الدور الثاني اربع غرف نوم وصاله ومطبخ وثلاث دورات مياه الملحق عباره عن مجلس وصاله غرفة شغاله دورتين مياه    مطلوب ٥٥الف",176.28,Modern
جدة,حي الياقوت,شرق,280,0,5,5,3,1,1,1,0,0,0,1,1,1,0,1,1,0,0,50000,فلل للايجار في ابحر الشماليه مخطط الياقوت دورين وملحق خمسه غرف وثلاث صالات ومطبخ خمس دورات مياه مطلوب ٥٠الف,178.57,New
جدة,حي البساتين,جنوب,350,10,4,4,2,0,1,1,1,0,1,1,0,1,0,1,0,0,0,90000,"فيلا في حي البساتين دوبلكس
مكونه من اربعه غرف نوم ووحده منهم ماستر 
مجلسين رجال وحريم بس الحمامات وصاله ومطبخ 
موقف سيارة غرفه حارس 
ملحق غرفه خادمه غرفه غسيل بداخل الحمام وسطح،،",257.14,Medium
جدة,حي الزهراء,جنوب,400,7,5,5,3,1,1,1,1,0,1,1,1,1,1,1,1,0,0,160000,"فيلا للايجار بحى الزهراء مكيفات ومطبخ راكب 
6 غرف نوم ويوجد مسبح",400.0,Medium
جدة,حي الزمرد,غرب,300,0,5,4,2,1,0,0,1,1,1,0,1,1,0,0,1,0,0,220000,"فيلا للايجار السنوي  في شاطىء البردايس 

6 غرف نوم 
5 دورة مياه 
مسبح مشترك 
صالون كبير 
اطلاله على البحر مباشرة",733.33,New
جدة,حي الشاطئ,شمال,300,0,5,5,2,1,1,1,1,1,1,1,1,1,0,1,1,0,0,250000,,833.33,New
جدة,حي البساتين,شرق,650,20,7,5,2,1,1,1,1,0,1,1,0,0,0,0,1,0,0,120000,فيلا  للإيجار تنفع مكتب محاما او سكني مباشره على طريق المدينة,184.62,Old
جدة,حي الياقوت,غرب,250,0,5,5,3,1,1,1,1,0,1,1,0,1,0,1,1,1,0,80000,فيلا للايجار بحى الياقوت مكيفات ومصعد ومطبخ راكب فيلا مفصوله,320.0,New
جدة,حي الروضة,شرق,110,0,2,3,1,1,0,0,1,0,1,0,0,0,0,0,1,0,0,65000,"مجمع ديار الروضة السكني يوفر لك جميع الخدمات والمرافق التي تحتاجها العائلة الصغيرة
-مسبح للكبار والصغار 
-نادي رياضي
-جلسات خاصة بالعوائل داخلية
-جلسات خاصة للعوائل خارجية
-كاميرات وامن ٢٤ ساعة 
-موقف خاص لكل وحدة سكنية خارجية",590.91,New
جدة,حي الروضة,جنوب غربي,250,10,4,4,2,1,0,0,0,0,1,1,0,1,0,1,1,0,0,100000,"فيلا للايجار في حي الروضه
مكونه من اربعه غرف نوم بس الحمامات وواحده ماستر مطبخ سيرفيس وصاله معيشه 
الدور الارضي 
مجلسين رجال ومجلس حريم حمامين وصاله مسبح مطبخ راكب
الملحق 
غرفه خادمه غرفه غسيل وسطح",400.0,Medium
جدة,حي الشاطئ,شمال شرقي,300,2,3,4,1,1,1,0,1,1,1,0,1,1,0,1,1,0,0,150000,"فلل فندقيه فاخره للايجار الشهري والسنوي بجانب الردسي مول وتبعد ٢٠٠ م عن الكورنيش
الفيلا دورين مكونه من ٣ غرف نوم وصالتين و ٤ حمامات ومطبخ كيير وغرفة خادمه 
نادي صحي متكامل للموقع كامل
الايجار الشهري / ٢٥٠٠٠ الف مع الخدمات بدون كهرباء
الايجار السنوي /...",500.0,Modern
جدة,حي الروضة,شرق,100,0,2,3,1,1,0,0,0,0,1,0,1,0,0,0,1,0,0,62000,"مجمع ديار الروضة السكني يوفر لك جميع الخدمات والمرافق التي تحتاجها العائلة الصغيرة
-مسبح للكبار والصغار 
-نادي رياضي
-جلسات خاصة بالعوائل داخلية
-جلسات خاصة للعوائل خارجية
-كاميرات وامن ٢٤ ساعة 
-موقف خاص لكل وحدة سكنية خارجية",620.0,New
جدة,حي طيبة,شرق,312,0,5,5,3,1,1,1,1,0,0,1,0,1,0,0,1,0,0,70000,"للايجار فيلا دبلكس منفصلة مخطط الرحيلي_مدينة_طيبة_قريب من طريق المدينة_جدة
المساحة: 312 متر
شارع: 16م
واجهة : شرقية
يوجد غرفة سائق بحمام
يوجد غرفة خادمة
جوش
نوافذ شتر
❁تتكون الفيلا من دورين وملحق
✿الدور الارضي
-مجلسين رجال ونساء بمدخلين ، مجلط ،صالة ...",224.36,New
جدة,حي المحمدية,شرق,375,9,5,5,2,1,0,1,1,0,0,1,1,1,0,0,1,0,0,100000,"فيلا للإيجار  خلف شركة المياة حي المحمدية_مدينة جدة
●التفاصيل :
الموقع : حي المحمدية
مساحة الارض : 375 م
مساحة المباني : 500 م
شارع : 16 م
●المواصفات :
تتكون الفيلا من دورين وملحق
• الدور الارضي : 
يتكون من صالونين الاول يستوعب 15 شخص. والاخر صالون ك...",266.67,Medium
جدة,حي المحمدية,شمال,250,8,4,3,2,1,1,1,1,0,1,1,0,1,0,0,1,0,0,130000,"فيلا اداريه مكونه من ٣ غرف نوم دورين وملحق موقف سياره 
غرفه حارس مقسمه غرف",520.0,Medium
جدة,حي الزمرد,شمال,312,2,5,5,3,1,1,1,1,0,0,1,0,1,0,1,0,1,1,55000,"فله للايجار في ابحر الشماليه نظام ادوار
الدور الارضي عباره عن مجلس رجال وصاله ومطبخ ودورتين مياه غرفتين نوم الدور الثاني اربع غرف نوم وصاله ومطبخ وثلاث دورات مياه الملحق عباره عن مجلس وصاله غرفة شغاله دورتين مياه    مطلوب ٥٥الف",176.28,Modern
جدة,حي الياقوت,شرق,280,0,5,5,3,1,1,1,0,0,0,1,1,1,0,1,1,0,0,50000,فلل للايجار في ابحر الشماليه مخطط الياقوت دورين وملحق خمسه غرف وثلاث صالات ومطبخ خمس دورات مياه مطلوب ٥٠الف,178.57,New
جدة,حي البساتين,جنوب,350,10,4,4,2,0,1,1,1,0,1,1,0,1,0,1,0,0,0,90000,"فيلا في حي البساتين دوبلكس
مكونه من اربعه غرف نوم ووحده منهم ماستر 
مجلسين رجال وحريم بس الحمامات وصاله ومطبخ 
موقف سيارة غرفه حارس 
ملحق غرفه خادمه غرفه غسيل بداخل الحمام وسطح،،",257.14,Medium
جدة,حي الزهراء,جنوب,400,7,5,5,3,1,1,1,1,0,1,1,1,1,1,1,1,0,0,160000,"فيلا للايجار بحى الزهراء مكيفات ومطبخ راكب 
6 غرف نوم ويوجد مسبح",400.0,Medium
جدة,حي الزمرد,غرب,300,0,5,4,2,1,0,0,1,1,1,0,1,1,0,0,1,0,0,220000,"فيلا للايجار السنوي  في شاطىء البردايس 

6 غرف نوم 
5 دورة مياه 
مسبح مشترك 
صالون كبير 
اطلاله على البحر مباشرة",733.33,New
جدة,حي الشاطئ,شمال,300,0,5,5,2,1,1,1,1,1,1,1,1,1,0,1,1,0,0,250000,,833.33,New
جدة,حي البساتين,شرق,650,20,7,5,2,1,1,1,1,0,1,1,0,0,0,0,1,0,0,120000,فيلا  للإيجار تنفع مكتب محاما او سكني مباشره على طريق المدينة,184.62,Old
جدة,حي الياقوت,غرب,250,0,5,5,3,1,1,1,1,0,1,1,0,1,0,1,1,1,0,80000,فيلا للايجار بحى الياقوت مكيفات ومصعد ومطبخ راكب فيلا مفصوله,320.0,New
جدة,حي الروضة,شرق,110,0,2,3,1,1,0,0,1,0,1,0,0,0,0,0,1,0,0,65000,"مجمع ديار الروضة السكني يوفر لك جميع الخدمات والمرافق التي تحتاجها العائلة الصغيرة
-مسبح للكبار والصغار 
-نادي رياضي
-جلسات خاصة بالعوائل داخلية
-جلسات خاصة للعوائل خارجية
-كاميرات وامن ٢٤ ساعة 
-موقف خاص لكل وحدة سكنية خارجية",590.91,New
جدة,حي الروضة,جنوب غربي,250,10,4,4,2,1,0,0,0,0,1,1,0,1,0,1,1,0,0,100000,"فيلا للايجار في حي الروضه
مكونه من اربعه غرف نوم بس الحمامات وواحده ماستر مطبخ سيرفيس وصاله معيشه 
الدور الارضي 
مجلسين رجال ومجلس حريم حمامين وصاله مسبح مطبخ راكب
الملحق 
غرفه خادمه غرفه غسيل وسطح",400.0,Medium
جدة,حي الشاطئ,شمال شرقي,300,2,3,4,1,1,1,0,1,1,1,0,1,1,0,1,1,0,0,150000,"فلل فندقيه فاخره للايجار الشهري والسنوي بجانب الردسي مول وتبعد ٢٠٠ م عن الكورنيش
الفيلا دورين مكونه من ٣ غرف نوم وصالتين و ٤ حمامات ومطبخ كيير وغرفة خادمه 
نادي صحي متكامل للموقع كامل
الايجار الشهري / ٢٥٠٠٠ الف مع الخدمات بدون كهرباء
الايجار السنوي /...",500.0,Modern
جدة,حي الروضة,شرق,100,0,2,3,1,1,0,0,0,0,1,0,1,0,0,0,1,0,0,62000,"مجمع ديار الروضة السكني يوفر لك جميع الخدمات والمرافق التي تحتاجها العائلة الصغيرة
-مسبح للكبار والصغار 
-نادي رياضي
-جلسات خاصة بالعوائل داخلية
-جلسات خاصة للعوائل خارجية
-كاميرات وامن ٢٤ ساعة 
-موقف خاص لكل وحدة سكنية خارجية",620.0,New
جدة,حي طيبة,شرق,312,0,5,5,3,1,1,1,1,0,0,1,0,1,0,0,1,0,0,70000,"للايجار فيلا دبلكس منفصلة مخطط الرحيلي_مدينة_طيبة_قريب من طريق المدينة_جدة
المساحة: 312 متر
شارع: 16م
واجهة : شرقية
يوجد غرفة سائق بحمام
يوجد غرفة خادمة
جوش
نوافذ شتر
❁تتكون الفيلا من دورين وملحق
✿الدور الارضي
-مجلسين رجال ونساء بمدخلين ، مجلط ،صالة ...",224.36,New
جدة,حي المحمدية,شرق,375,9,5,5,2,1,0,1,1,0,0,1,1,1,0,0,1,0,0,100000,"فيلا للإيجار  خلف شركة المياة حي المحمدية_مدينة جدة
●التفاصيل :
الموقع : حي المحمدية
مساحة الارض : 375 م
مساحة المباني : 500 م
شارع : 16 م
●المواصفات :
تتكون الفيلا من دورين وملحق
• الدور الارضي : 
يتكون من صالونين الاول يستوعب 15 شخص. والاخر صالون ك...",266.67,Medium
جدة,حي المحمدية,شمال,250,8,4,3,2,1,1,1,1,0,1,1,0,1,0,0,1,0,0,130000,"فيلا اداريه مكونه من ٣ غرف نوم دورين وملحق موقف سياره 
غرفه حارس مقسمه غرف",520.0,Medium
جدة,حي الزمرد,شمال,312,2,5,5,3,1,1,1,1,0,0,1,0,1,0,1,0,1,1,55000,"فله للايجار في ابحر الشماليه نظام ادوار
الدور الارضي عباره عن مجلس رجال وصاله ومطبخ ودورتين مياه غرفتين نوم الدور الثاني اربع غرف نوم وصاله ومطبخ وثلاث دورات مياه الملحق عباره عن مجلس وصاله غرفة شغاله دورتين مياه    مطلوب ٥٥الف",176.28,Modern
جدة,حي الياقوت,شرق,280,0,5,5,3,1,1,1,0,0,0,1,1,1,0,1,1,0,0,50000,فلل للايجار في ابحر الشماليه مخطط الياقوت دورين وملحق خمسه غرف وثلاث صالات ومطبخ خمس دورات مياه مطلوب ٥٠الف,178.57,New
جدة,حي البساتين,جنوب,350,10,4,4,2,0,1,1,1,0,1,1,0,1,0,1,0,0,0,90000,"فيلا في حي البساتين دوبلكس
مكونه من اربعه غرف نوم ووحده منهم ماستر 
مجلسين رجال وحريم بس الحمامات وصاله ومطبخ 
موقف سيارة غرفه حارس 
ملحق غرفه خادمه غرفه غسيل بداخل الحمام وسطح،،",257.14,Medium
جدة,حي الزهراء,جنوب,400,7,5,5,3,1,1,1,1,0,1,1,1,1,1,1,1,0,0,160000,"فيلا للايجار بحى الزهراء مكيفات ومطبخ راكب 
6 غرف نوم ويوجد مسبح",400.0,Medium
جدة,حي الزمرد,غرب,300,0,5,4,2,1,0,0,1,1,1,0,1,1,0,0,1,0,0,220000,"فيلا للايجار السنوي  في شاطىء البردايس 

6 غرف نوم 
5 دورة مياه 
مسبح مشترك 
صالون كبير 
اطلاله على البحر مباشرة",733.33,New
جدة,حي الشاطئ,شمال,300,0,5,5,2,1,1,1,1,1,1,1,1,1,0,1,1,0,0,250000,,833.33,New
جدة,حي البساتين,شرق,650,20,7,5,2,1,1,1,1,0,1,1,0,0,0,0,1,0,0,120000,فيلا  للإيجار تنفع مكتب محاما او سكني مباشره على طريق المدينة,184.62,Old
جدة,حي الياقوت,غرب,250,0,5,5,3,1,1,1,1,0,1,1,0,1,0,1,1,1,0,80000,فيلا للايجار بحى الياقوت مكيفات ومصعد ومطبخ راكب فيلا مفصوله,320.0,New
جدة,حي الروضة,شرق,110,0,2,3,1,1,0,0,1,0,1,0,0,0,0,0,1,0,0,65000,"مجمع ديار الروضة السكني يوفر لك جميع الخدمات والمرافق التي تحتاجها العائلة الصغيرة
-مسبح للكبار والصغار 
-نادي رياضي
-جلسات خاصة بالعوائل داخلية
-جلسات خاصة للعوائل خارجية
-كاميرات وامن ٢٤ ساعة 
-موقف خاص لكل وحدة سكنية خارجية",590.91,New
جدة,حي الروضة,جنوب غربي,250,10,4,4,2,1,0,0,0,0,1,1,0,1,0,1,1,0,0,100000,"فيلا للايجار في حي الروضه
مكونه من اربعه غرف نوم بس الحمامات وواحده ماستر مطبخ سيرفيس وصاله معيشه 
الدور الارضي 
مجلسين رجال ومجلس حريم حمامين وصاله مسبح مطبخ راكب
الملحق 
غرفه خادمه غرفه غسيل وسطح",400.0,Medium
جدة,حي الشاطئ,شمال شرقي,300,2,3,4,1,1,1,0,1,1,1,0,1,1,0,1,1,0,0,150000,"فلل فندقيه فاخره للايجار الشهري والسنوي بجانب الردسي مول وتبعد ٢٠٠ م عن الكورنيش
الفيلا دورين مكونه من ٣ غرف نوم وصالتين و ٤ حمامات ومطبخ كيير وغرفة خادمه 
نادي صحي متكامل للموقع كامل
الايجار الشهري / ٢٥٠٠٠ الف مع الخدمات بدون كهرباء
الايجار السنوي /...",500.0,Modern
جدة,حي الروضة,شرق,100,0,2,3,1,1,0,0,0,0,1,0,1,0,0,0,1,0,0,62000,"مجمع ديار الروضة السكني يوفر لك جميع الخدمات والمرافق التي تحتاجها العائلة الصغيرة
-مسبح للكبار والصغار 
-نادي رياضي
-جلسات خاصة بالعوائل داخلية
-جلسات خاصة للعوائل خارجية
-كاميرات وامن ٢٤ ساعة 
-موقف خاص لكل وحدة سكنية خارجية",620.0,New
جدة,حي طيبة,شرق,312,0,5,5,3,1,1,1,1,0,0,1,0,1,0,0,1,0,0,70000,"للايجار فيلا دبلكس منفصلة مخطط الرحيلي_مدينة_طيبة_قريب من طريق المدينة_جدة
المساحة: 312 متر
شارع: 16م
واجهة : شرقية
يوجد غرفة سائق بحمام
يوجد غرفة خادمة
جوش
نوافذ شتر
❁تتكون الفيلا من دورين وملحق
✿الدور الارضي
-مجلسين رجال ونساء بمدخلين ، مجلط ،صالة ...",224.36,New
جدة,حي المحمدية,شرق,375,9,5,5,2,1,0,1,1,0,0,1,1,1,0,0,1,0,0,100000,"فيلا للإيجار  خلف شركة المياة حي المحمدية_مدينة جدة
●التفاصيل :
الموقع : حي المحمدية
مساحة الارض : 375 م
مساحة المباني : 500 م
شارع : 16 م
●المواصفات :
تتكون الفيلا من دورين وملحق
• الدور الارضي : 
يتكون من صالونين الاول يستوعب 15 شخص. والاخر صالون ك...",266.67,Medium
جدة,حي المحمدية,شمال,250,8,4,3,2,1,1,1,1,0,1,1,0,1,0,0,1,0,0,130000,"فيلا اداريه مكونه من ٣ غرف نوم دورين وملحق موقف سياره 
غرفه حارس مقسمه غرف",520.0,Medium
جدة,حي الزمرد,شمال,312,2,5,5,3,1,1,1,1,0,0,1,0,1,0,1,0,1,1,55000,"فله للايجار في ابحر الشماليه نظام ادوار
الدور الارضي عباره عن مجلس رجال وصاله ومطبخ ودورتين مياه غرفتين نوم الدور الثاني اربع غرف نوم وصاله ومطبخ وثلاث دورات مياه الملحق عباره عن مجلس وصاله غرفة شغاله دورتين مياه    مطلوب ٥٥الف",176.28,Modern
جدة,حي الياقوت,شرق,280,0,5,5,3,1,1,1,0,0,0,1,1,1,0,1,1,0,0,50000,فلل للايجار في ابحر الشماليه مخطط الياقوت دورين وملحق خمسه غرف وثلاث صالات ومطبخ خمس دورات مياه مطلوب ٥٠الف,178.57,New
جدة,حي البساتين,جنوب,350,10,4,4,2,0,1,1,1,0,1,1,0,1,0,1,0,0,0,90000,"فيلا في حي البساتين دوبلكس
مكونه من اربعه غرف نوم ووحده منهم ماستر 
مجلسين رجال وحريم بس الحمامات وصاله ومطبخ 
موقف سيارة غرفه حارس 
ملحق غرفه خادمه غرفه غسيل بداخل الحمام وسطح،،",257.14,Medium
جدة,حي الزهراء,جنوب,400,7,5,5,3,1,1,1,1,0,1,1,1,1,1,1,1,0,0,160000,"فيلا للايجار بحى الزهراء مكيفات ومطبخ راكب 
6 غرف نوم ويوجد مسبح",400.0,Medium
جدة,حي الزمرد,غرب,300,0,5,4,2,1,0,0,1,1,1,0,1,1,0,0,1,0,0,220000,"فيلا للايجار السنوي  في شاطىء البردايس 

6 غرف نوم 
5 دورة مياه 
مسبح مشترك 
صالون كبير 
اطلاله على البحر مباشرة",733.33,New
جدة,حي الشاطئ,شمال,300,0,5,5,2,1,1,1,1,1,1,1,1,1,0,1,1,0,0,250000,,833.33,New
جدة,حي البساتين,شرق,650,20,7,5,2,1,1,1,1,0,1,1,0,0,0,0,1,0,0,120000,فيلا  للإيجار تنفع مكتب محاما او سكني مباشره على طريق المدينة,184.62,Old
جدة,حي الياقوت,غرب,250,0,5,5,3,1,1,1,1,0,1,1,0,1,0,1,1,1,0,80000,فيلا للايجار بحى الياقوت مكيفات ومصعد ومطبخ راكب فيلا مفصوله,320.0,New
جدة,حي الروضة,شرق,110,0,2,3,1,1,0,0,1,0,1,0,0,0,0,0,1,0,0,65000,"مجمع ديار الروضة السكني يوفر لك جميع الخدمات والمرافق التي تحتاجها العائلة الصغيرة
-مسبح للكبار والصغار 
-نادي رياضي
-جلسات خاصة بالعوائل داخلية
-جلسات خاصة للعوائل خارجية
-كاميرات وامن ٢٤ ساعة 
-موقف خاص لكل وحدة سكنية خارجية",590.91,New
جدة,حي الروضة,جنوب غربي,250,10,4,4,2,1,0,0,0,0,1,1,0,1,0,1,1,0,0,100000,"فيلا للايجار في حي الروضه
مكونه من اربعه غرف نوم بس الحمامات وواحده ماستر مطبخ سيرفيس وصاله معيشه 
الدور الارضي 
مجلسين رجال ومجلس حريم حمامين وصاله مسبح مطبخ راكب
الملحق 
غرفه خادمه غرفه غسيل وسطح",400.0,Medium
جدة,حي الشاطئ,شمال شرقي,300,2,3,4,1,1,1,0,1,1,1,0,1,1,0,1,1,0,0,150000,"فلل فندقيه فاخره للايجار الشهري والسنوي بجانب الردسي مول وتبعد ٢٠٠ م عن الكورنيش
الفيلا دورين مكونه من ٣ غرف نوم وصالتين و ٤ حمامات ومطبخ كيير وغرفة خادمه 
نادي صحي متكامل للموقع كامل
الايجار الشهري / ٢٥٠٠٠ الف مع الخدمات بدون كهرباء
الايجار السنوي /...",500.0,Modern
جدة,حي الروضة,شرق,100,0,2,3,1,1,0,0,0,0,1,0,1,0,0,0,1,0,0,62000,"مجمع ديار الروضة السكني يوفر لك جميع الخدمات والمرافق التي تحتاجها العائلة الصغيرة
-مسبح للكبار والصغار 
-نادي رياضي
-جلسات خاصة بالعوائل داخلية
-جلسات خاصة للعوائل خارجية
-كاميرات وامن ٢٤ ساعة 
-موقف خاص لكل وحدة سكنية خارجية",620.0,New
جدة,حي طيبة,شرق,312,0,5,5,3,1,1,1,1,0,0,1,0,1,0,0,1,0,0,70000,"للايجار فيلا دبلكس منفصلة مخطط الرحيلي_مدينة_طيبة_قريب من طريق المدينة_جدة
المساحة: 312 متر
شارع: 16م
واجهة : شرقية
يوجد غرفة سائق بحمام
يوجد غرفة خادمة
جوش
نوافذ شتر
❁تتكون الفيلا من دورين وملحق
✿الدور الارضي
-مجلسين رجال ونساء بمدخلين ، مجلط ،صالة ...",224.36,New
جدة,حي المحمدية,شرق,375,9,5,5,2,1,0,1,1,0,0,1,1,1,0,0,1,0,0,100000,"فيلا للإيجار  خلف شركة المياة حي المحمدية_مدينة جدة
●التفاصيل :
الموقع : حي المحمدية
مساحة الارض : 375 م
مساحة المباني : 500 م
شارع : 16 م
●المواصفات :
تتكون الفيلا من دورين وملحق
• الدور الارضي : 
يتكون من صالونين الاول يستوعب 15 شخص. والاخر صالون ك...",266.67,Medium
جدة,حي المحمدية,شمال,250,8,4,3,2,1,1,1,1,0,1,1,0,1,0,0,1,0,0,130000,"فيلا اداريه مكونه من ٣ غرف نوم دورين وملحق موقف سياره 
غرفه حارس مقسمه غرف",520.0,Medium
جدة,حي الزمرد,شمال,312,2,5,5,3,1,1,1,1,0,0,1,0,1,0,1,0,1,1,55000,"فله للايجار في ابحر الشماليه نظام ادوار
الدور الارضي عباره عن مجلس رجال وصاله ومطبخ ودورتين مياه غرفتين نوم الدور الثاني اربع غرف نوم وصاله ومطبخ وثلاث دورات مياه الملحق عباره عن مجلس وصاله غرفة شغاله دورتين مياه    مطلوب ٥٥الف",176.28,Modern
جدة,حي الياقوت,شرق,280,0,5,5,3,1,1,1,0,0,0,1,1,1,0,1,1,0,0,50000,فلل للايجار في ابحر الشماليه مخطط الياقوت دورين وملحق خمسه غرف وثلاث صالات ومطبخ خمس دورات مياه مطلوب ٥٠الف,178.57,New
جدة,حي البساتين,جنوب,350,10,4,4,2,0,1,1,1,0,1,1,0,1,0,1,0,0,0,90000,"فيلا في حي البساتين دوبلكس
مكونه من اربعه غرف نوم ووحده منهم ماستر 
مجلسين رجال وحريم بس الحمامات وصاله ومطبخ 
موقف سيارة غرفه حارس 
ملحق غرفه خادمه غرفه غسيل بداخل الحمام وسطح،،",257.14,Medium
جدة,حي الزهراء,جنوب,400,7,5,5,3,1,1,1,1,0,1,1,1,1,1,1,1,0,0,160000,"فيلا للايجار بحى الزهراء مكيفات ومطبخ راكب 
6 غرف نوم ويوجد مسبح",400.0,Medium
جدة,حي الزمرد,غرب,300,0,5,4,2,1,0,0,1,1,1,0,1,1,0,0,1,0,0,220000,"فيلا للايجار السنوي  في شاطىء البردايس 

6 غرف نوم 
5 دورة مياه 
مسبح مشترك 
صالون كبير 
اطلاله على البحر مباشرة",733.33,New
جدة,حي الشاطئ,شمال,300,0,5,5,2,1,1,1,1,1,1,1,1,1,0,1,1,0,0,250000,,833.33,New
جدة,حي البساتين,شرق,650,20,7,5,2,1,1,1,1,0,1,1,0,0,0,0,1,0,0,120000,فيلا  للإيجار تنفع مكتب محاما او سكني مباشره على طريق المدينة,184.62,Old
جدة,حي الياقوت,غرب,250,0,5,5,3,1,1,1,1,0,1,1,0,1,0,1,1,1,0,80000,فيلا للايجار بحى الياقوت مكيفات ومصعد ومطبخ راكب فيلا مفصوله,320.0,New
جدة,حي الروضة,شرق,110,0,2,3,1,1,0,0,1,0,1,0,0,0,0,0,1,0,0,65000,"مجمع ديار الروضة السكني يوفر لك جميع الخدمات والمرافق التي تحتاجها العائلة الصغيرة
-مسبح للكبار والصغار 
-نادي رياضي
-جلسات خاصة بالعوائل داخلية
-جلسات خاصة للعوائل خارجية
-كاميرات وامن ٢٤ ساعة 
-موقف خاص لكل وحدة سكنية خارجية",590.91,New
جدة,حي الروضة,جنوب غربي,250,10,4,4,2,1,0,0,0,0,1,1,0,1,0,1,1,0,0,100000,"فيلا للايجار في حي الروضه
مكونه من اربعه غرف نوم بس الحمامات وواحده ماستر مطبخ سيرفيس وصاله معيشه 
الدور الارضي 
مجلسين رجال ومجلس حريم حمامين وصاله مسبح مطبخ راكب
الملحق 
غرفه خادمه غرفه غسيل وسطح",400.0,Medium
جدة,حي الشاطئ,شمال شرقي,300,2,3,4,1,1,1,0,1,1,1,0,1,1,0,1,1,0,0,150000,"فلل فندقيه فاخره للايجار الشهري والسنوي بجانب الردسي مول وتبعد ٢٠٠ م عن الكورنيش
الفيلا دورين مكونه من ٣ غرف نوم وصالتين و ٤ حمامات ومطبخ كيير وغرفة خادمه 
نادي صحي متكامل للموقع كامل
الايجار الشهري / ٢٥٠٠٠ الف مع الخدمات بدون كهرباء
الايجار السنوي /...",500.0,Modern
جدة,حي الروضة,شرق,100,0,2,3,1,1,0,0,0,0,1,0,1,0,0,0,1,0,0,62000,"مجمع ديار الروضة السكني يوفر لك جميع الخدمات والمرافق التي تحتاجها العائلة الصغيرة
-مسبح للكبار والصغار 
-نادي رياضي
-جلسات خاصة بالعوائل داخلية
-جلسات خاصة للعوائل خارجية
-كاميرات وامن ٢٤ ساعة 
-موقف خاص لكل وحدة سكنية خارجية",620.0,New
جدة,حي طيبة,شرق,312,0,5,5,3,1,1,1,1,0,0,1,0,1,0,0,1,0,0,70000,"للايجار فيلا دبلكس منفصلة مخطط الرحيلي_مدينة_طيبة_قريب من طريق المدينة_جدة
المساحة: 312 متر
شارع: 16م
واجهة : شرقية
يوجد غرفة سائق بحمام
يوجد غرفة خادمة
جوش
نوافذ شتر
❁تتكون الفيلا من دورين وملحق
✿الدور الارضي
-مجلسين رجال ونساء بمدخلين ، مجلط ،صالة ...",224.36,New
جدة,حي المحمدية,شرق,375,9,5,5,2,1,0,1,1,0,0,1,1,1,0,0,1,0,0,100000,"فيلا للإيجار  خلف شركة المياة حي المحمدية_مدينة جدة
●التفاصيل :
الموقع : حي المحمدية
مساحة الارض : 375 م
مساحة المباني : 500 م
شارع : 16 م
●المواصفات :
تتكون الفيلا من دورين وملحق
• الدور الارضي : 
يتكون من صالونين الاول يستوعب 15 شخص. والاخر صالون ك...",266.67,Medium
جدة,حي المحمدية,شمال,250,8,4,3,2,1,1,1,1,0,1,1,0,1,0,0,1,0,0,130000,"فيلا اداريه مكونه من ٣ غرف نوم دورين وملحق موقف سياره 
غرفه حارس مقسمه غرف",520.0,Medium
جدة,حي الزمرد,شمال,312,2,5,5,3,1,1,1,1,0,0,1,0,1,0,1,0,1,1,55000,"فله للايجار في ابحر الشماليه نظام ادوار
الدور الارضي عباره عن مجلس رجال وصاله ومطبخ ودورتين مياه غرفتين نوم الدور الثاني اربع غرف نوم وصاله ومطبخ وثلاث دورات مياه الملحق عباره عن مجلس وصاله غرفة شغاله دورتين مياه    مطلوب ٥٥الف",176.28,Modern
جدة,حي الياقوت,شرق,280,0,5,5,3,1,1,1,0,0,0,1,1,1,0,1,1,0,0,50000,فلل للايجار في ابحر الشماليه مخطط الياقوت دورين وملحق خمسه غرف وثلاث صالات ومطبخ خمس دورات مياه مطلوب ٥٠الف,178.57,New
جدة,حي البساتين,جنوب,350,10,4,4,2,0,1,1,1,0,1,1,0,1,0,1,0,0,0,90000,"فيلا في حي البساتين دوبلكس
مكونه من اربعه غرف نوم ووحده منهم ماستر 
مجلسين رجال وحريم بس الحمامات وصاله ومطبخ 
موقف سيارة غرفه حارس 
ملحق غرفه خادمه غرفه غسيل بداخل الحمام وسطح،،",257.14,Medium
جدة,حي الزهراء,جنوب,400,7,5,5,3,1,1,1,1,0,1,1,1,1,1,1,1,0,0,160000,"فيلا للايجار بحى الزهراء مكيفات ومطبخ راكب 
6 غرف نوم ويوجد مسبح",400.0,Medium
جدة,حي الزمرد,غرب,300,0,5,4,2,1,0,0,1,1,1,0,1,1,0,0,1,0,0,220000,"فيلا للايجار السنوي  في شاطىء البردايس 

6 غرف نوم 
5 دورة مياه 
مسبح مشترك 
صالون كبير 
اطلاله على البحر مباشرة",733.33,New
جدة,حي الشاطئ,شمال,300,0,5,5,2,1,1,1,1,1,1,1,1,1,0,1,1,0,0,250000,,833.33,New
جدة,حي البساتين,شرق,650,20,7,5,2,1,1,1,1,0,1,1,0,0,0,0,1,0,0,120000,فيلا  للإيجار تنفع مكتب محاما او سكني مباشره على طريق المدينة,184.62,Old
جدة,حي الياقوت,غرب,250,0,5,5,3,1,1,1,1,0,1,1,0,1,0,1,1,1,0,80000,فيلا للايجار بحى الياقوت مكيفات ومصعد ومطبخ راكب فيلا مفصوله,320.0,New
جدة,حي الروضة,شرق,110,0,2,3,1,1,0,0,1,0,1,0,0,0,0,0,1,0,0,65000,"مجمع ديار الروضة السكني يوفر لك جميع الخدمات والمرافق التي تحتاجها العائلة الصغيرة
-مسبح للكبار والصغار 
-نادي رياضي
-جلسات خاصة بالعوائل داخلية
-جلسات خاصة للعوائل خارجية
-كاميرات وامن ٢٤ ساعة 
-موقف خاص لكل وحدة سكنية خارجية",590.91,New
جدة,حي الروضة,جنوب غربي,250,10,4,4,2,1,0,0,0,0,1,1,0,1,0,1,1,0,0,100000,"فيلا للايجار في حي الروضه
مكونه من اربعه غرف نوم بس الحمامات وواحده ماستر مطبخ سيرفيس وصاله معيشه 
الدور الارضي 
مجلسين رجال ومجلس حريم حمامين وصاله مسبح مطبخ راكب
الملحق 
غرفه خادمه غرفه غسيل وسطح",400.0,Medium
جدة,حي الشاطئ,شمال شرقي,300,2,3,4,1,1,1,0,1,1,1,0,1,1,0,1,1,0,0,150000,"فلل فندقيه فاخره للايجار الشهري والسنوي بجانب الردسي مول وتبعد ٢٠٠ م عن الكورنيش
الفيلا دورين مكونه من ٣ غرف نوم وصالتين و ٤ حمامات ومطبخ كيير وغرفة خادمه 
نادي صحي متكامل للموقع كامل
الايجار الشهري / ٢٥٠٠٠ الف مع الخدمات بدون كهرباء
الايجار السنوي /...",500.0,Modern
جدة,حي الروضة,شرق,100,0,2,3,1,1,0,0,0,0,1,0,1,0,0,0,1,0,0,62000,"مجمع ديار الروضة السكني يوفر لك جميع الخدمات والمرافق التي تحتاجها العائلة الصغيرة
-مسبح للكبار والصغار 
-نادي رياضي
-جلسات خاصة بالعوائل داخلية
-جلسات خاصة للعوائل خارجية
-كاميرات وامن ٢٤ ساعة 
-موقف خاص لكل وحدة سكنية خارجية",620.0,New
جدة,حي طيبة,شرق,312,0,5,5,3,1,1,1,1,0,0,1,0,1,0,0,1,0,0,70000,"للايجار فيلا دبلكس منفصلة مخطط الرحيلي_مدينة_طيبة_قريب من طريق المدينة_جدة
المساحة: 312 متر
شارع: 16م
واجهة : شرقية
يوجد غرفة سائق بحمام
يوجد غرفة خادمة
جوش
نوافذ شتر
❁تتكون الفيلا من دورين وملحق
✿الدور الارضي
-مجلسين رجال ونساء بمدخلين ، مجلط ،صالة ...",224.36,New
جدة,حي المحمدية,شرق,375,9,5,5,2,1,0,1,1,0,0,1,1,1,0,0,1,0,0,100000,"فيلا للإيجار  خلف شركة المياة حي المحمدية_مدينة جدة
●التفاصيل :
الموقع : حي المحمدية
مساحة الارض : 375 م
مساحة المباني : 500 م
شارع : 16 م
●المواصفات :
تتكون الفيلا من دورين وملحق
• الدور الارضي : 
يتكون من صالونين الاول يستوعب 15 شخص. والاخر صالون ك...",266.67,Medium
جدة,حي المحمدية,شمال,250,8,4,3,2,1,1,1,1,0,1,1,0,1,0,0,1,0,0,130000,"فيلا اداريه مكونه من ٣ غرف نوم دورين وملحق موقف سياره 
غرفه حارس مقسمه غرف",520.0,Medium
جدة,حي الزمرد,شمال,312,2,5,5,3,1,1,1,1,0,0,1,0,1,0,1,0,1,1,55000,"فله للايجار في ابحر الشماليه نظام ادوار
الدور الارضي عباره عن مجلس رجال وصاله ومطبخ ودورتين مياه غرفتين نوم الدور الثاني اربع غرف نوم وصاله ومطبخ وثلاث دورات مياه الملحق عباره عن مجلس وصاله غرفة شغاله دورتين مياه    مطلوب ٥٥الف",176.28,Modern
جدة,حي الياقوت,شرق,280,0,5,5,3,1,1,1,0,0,0,1,1,1,0,1,1,0,0,50000,فلل للايجار في ابحر الشماليه مخطط الياقوت دورين وملحق خمسه غرف وثلاث صالات ومطبخ خمس دورات مياه مطلوب ٥٠الف,178.57,New
جدة,حي البساتين,جنوب,350,10,4,4,2,0,1,1,1,0,1,1,0,1,0,1,0,0,0,90000,"فيلا في حي البساتين دوبلكس
مكونه من اربعه غرف نوم ووحده منهم ماستر 
مجلسين رجال وحريم بس الحمامات وصاله ومطبخ 
موقف سيارة غرفه حارس 
ملحق غرفه خادمه غرفه غسيل بداخل الحمام وسطح،،",257.14,Medium
جدة,حي الزهراء,جنوب,400,7,5,5,3,1,1,1,1,0,1,1,1,1,1,1,1,0,0,160000,"فيلا للايجار بحى الزهراء مكيفات ومطبخ راكب 
6 غرف نوم ويوجد مسبح",400.0,Medium
جدة,حي الزمرد,غرب,300,0,5,4,2,1,0,0,1,1,1,0,1,1,0,0,1,0,0,220000,"فيلا للايجار السنوي  في شاطىء البردايس 

6 غرف نوم 
5 دورة مياه 
مسبح مشترك 
صالون كبير 
اطلاله على البحر مباشرة",733.33,New
جدة,حي الشاطئ,شمال,300,0,5,5,2,1,1,1,1,1,1,1,1,1,0,1,1,0,0,250000,,833.33,New
جدة,حي البساتين,شرق,650,20,7,5,2,1,1,1,1,0,1,1,0,0,0,0,1,0,0,120000,فيلا  للإيجار تنفع مكتب محاما او سكني مباشره على طريق المدينة,184.62,Old
جدة,حي الياقوت,غرب,250,0,5,5,3,1,1,1,1,0,1,1,0,1,0,1,1,1,0,80000,فيلا للايجار بحى الياقوت مكيفات ومصعد ومطبخ راكب فيلا مفصوله,320.0,New
جدة,حي الروضة,شرق,110,0,2,3,1,1,0,0,1,0,1,0,0,0,0,0,1,0,0,65000,"مجمع ديار الروضة السكني يوفر لك جميع الخدمات والمرافق التي تحتاجها العائلة الصغيرة
-مسبح للكبار والصغار 
-نادي رياضي
-جلسات خاصة بالعوائل داخلية
-جلسات خاصة للعوائل خارجية
-كاميرات وامن ٢٤ ساعة 
-موقف خاص لكل وحدة سكنية خارجية",590.91,New
جدة,حي الروضة,جنوب غربي,250,10,4,4,2,1,0,0,0,0,1,1,0,1,0,1,1,0,0,100000,"فيلا للايجار في حي الروضه
مكونه من اربعه غرف نوم بس الحمامات وواحده ماستر مطبخ سيرفيس وصاله معيشه 
الدور الارضي 
مجلسين رجال ومجلس حريم حمامين وصاله مسبح مطبخ راكب
الملحق 
غرفه خادمه غرفه غسيل وسطح",400.0,Medium
جدة,حي الشاطئ,شمال شرقي,300,2,3,4,1,1,1,0,1,1,1,0,1,1,0,1,1,0,0,150000,"فلل فندقيه فاخره للايجار الشهري والسنوي بجانب الردسي مول وتبعد ٢٠٠ م عن الكورنيش
الفيلا دورين مكونه من ٣ غرف نوم وصالتين و ٤ حمامات ومطبخ كيير وغرفة خادمه 
نادي صحي متكامل للموقع كامل
الايجار الشهري / ٢٥٠٠٠ الف مع الخدمات بدون كهرباء
الايجار السنوي /...",500.0,Modern
جدة,حي الروضة,شرق,100,0,2,3,1,1,0,0,0,0,1,0,1,0,0,0,1,0,0,62000,"مجمع ديار الروضة السكني يوفر لك جميع الخدمات والمرافق التي تحتاجها العائلة الصغيرة
-مسبح للكبار والصغار 
-نادي رياضي
-جلسات خاصة بالعوائل داخلية
-جلسات خاصة للعوائل خارجية
-كاميرات وامن ٢٤ ساعة 
-موقف خاص لكل وحدة سكنية خارجية",620.0,New
جدة,حي طيبة,شرق,312,0,5,5,3,1,1,1,1,0,0,1,0,1,0,0,1,0,0,70000,"للايجار فيلا دبلكس منفصلة مخطط الرحيلي_مدينة_طيبة_قريب من طريق المدينة_جدة
المساحة: 312 متر
شارع: 16م
واجهة : شرقية
يوجد غرفة سائق بحمام
يوجد غرفة خادمة
جوش
نوافذ شتر
❁تتكون الفيلا من دورين وملحق
✿الدور الارضي
-مجلسين رجال ونساء بمدخلين ، مجلط ،صالة ...",224.36,New
جدة,حي المحمدية,شرق,375,9,5,5,2,1,0,1,1,0,0,1,1,1,0,0,1,0,0,100000,"فيلا للإيجار  خلف شركة المياة حي المحمدية_مدينة جدة
●التفاصيل :
الموقع : حي المحمدية
مساحة الارض : 375 م
مساحة المباني : 500 م
شارع : 16 م
●المواصفات :
تتكون الفيلا من دورين وملحق
• الدور الارضي : 
يتكون من صالونين الاول يستوعب 15 شخص. والاخر صالون ك...",266.67,Medium
جدة,حي المحمدية,شمال,250,8,4,3,2,1,1,1,1,0,1,1,0,1,0,0,1,0,0,130000,"فيلا اداريه مكونه من ٣ غرف نوم دورين وملحق موقف سياره 
غرفه حارس مقسمه غرف",520.0,Medium
جدة,حي الزمرد,شمال,312,2,5,5,3,1,1,1,1,0,0,1,0,1,0,1,0,1,1,55000,"فله للايجار في ابحر الشماليه نظام ادوار
الدور الارضي عباره عن مجلس رجال وصاله ومطبخ ودورتين مياه غرفتين نوم الدور الثاني اربع غرف نوم وصاله ومطبخ وثلاث دورات مياه الملحق عباره عن مجلس وصاله غرفة شغاله دورتين مياه    مطلوب ٥٥الف",176.28,Modern
جدة,حي الياقوت,شرق,280,0,5,5,3,1,1,1,0,0,0,1,1,1,0,1,1,0,0,50000,فلل للايجار في ابحر الشماليه مخطط الياقوت دورين وملحق خمسه غرف وثلاث صالات ومطبخ خمس دورات مياه مطلوب ٥٠الف,178.57,New
جدة,حي البساتين,جنوب,350,10,4,4,2,0,1,1,1,0,1,1,0,1,0,1,0,0,0,90000,"فيلا في حي البساتين دوبلكس
مكونه من اربعه غرف نوم ووحده منهم ماستر 
مجلسين رجال وحريم بس الحمامات وصاله ومطبخ 
موقف سيارة غرفه حارس 
ملحق غرفه خادمه غرفه غسيل بداخل الحمام وسطح،،",257.14,Medium
جدة,حي الزهراء,جنوب,400,7,5,5,3,1,1,1,1,0,1,1,1,1,1,1,1,0,0,160000,"فيلا للايجار بحى الزهراء مكيفات ومطبخ راكب 
6 غرف نوم ويوجد مسبح",400.0,Medium
جدة,حي الزمرد,غرب,300,0,5,4,2,1,0,0,1,1,1,0,1,1,0,0,1,0,0,220000,"فيلا للايجار السنوي  في شاطىء البردايس 

6 غرف نوم 
5 دورة مياه 
مسبح مشترك 
صالون كبير 
اطلاله على البحر مباشرة",733.33,New
جدة,حي الشاطئ,شمال,300,0,5,5,2,1,1,1,1,1,1,1,1,1,0,1,1,0,0,250000,,833.33,New
جدة,حي البساتين,شرق,650,20,7,5,2,1,1,1,1,0,1,1,0,0,0,0,1,0,0,120000,فيلا  للإيجار تنفع مكتب محاما او سكني مباشره على طريق المدينة,184.62,Old
جدة,حي الياقوت,غرب,250,0,5,5,3,1,1,1,1,0,1,1,0,1,0,1,1,1,0,80000,فيلا للايجار بحى الياقوت مكيفات ومصعد ومطبخ راكب فيلا مفصوله,320.0,New
جدة,حي الروضة,شرق,110,0,2,3,1,1,0,0,1,0,1,0,0,0,0,0,1,0,0,65000,"مجمع ديار الروضة السكني يوفر لك جميع الخدمات والمرافق التي تحتاجها العائلة الصغيرة
-مسبح للكبار والصغار 
-نادي رياضي
-جلسات خاصة بالعوائل داخلية
-جلسات خاصة للعوائل خارجية
-كاميرات وامن ٢٤ ساعة 
-موقف خاص لكل وحدة سكنية خارجية",590.91,New
جدة,حي الروضة,جنوب غربي,250,10,4,4,2,1,0,0,0,0,1,1,0,1,0,1,1,0,0,100000,"فيلا للايجار في حي الروضه
مكونه من اربعه غرف نوم بس الحمامات وواحده ماستر مطبخ سيرفيس وصاله معيشه 
الدور الارضي 
مجلسين رجال ومجلس حريم حمامين وصاله مسبح مطبخ راكب
الملحق 
غرفه خادمه غرفه غسيل وسطح",400.0,Medium
جدة,حي الشاطئ,شمال شرقي,300,2,3,4,1,1,1,0,1,1,1,0,1,1,0,1,1,0,0,150000,"فلل فندقيه فاخره للايجار الشهري والسنوي بجانب الردسي مول وتبعد ٢٠٠ م عن الكورنيش
الفيلا دورين مكونه من ٣ غرف نوم وصالتين و ٤ حمامات ومطبخ كيير وغرفة خادمه 
نادي صحي متكامل للموقع كامل
الايجار الشهري / ٢٥٠٠٠ الف مع الخدمات بدون كهرباء
الايجار السنوي /...",500.0,Modern
جدة,حي الروضة,شرق,100,0,2,3,1,1,0,0,0,0,1,0,1,0,0,0,1,0,0,62000,"مجمع ديار الروضة السكني يوفر لك جميع الخدمات والمرافق التي تحتاجها العائلة الصغيرة
-مسبح للكبار والصغار 
-نادي رياضي
-جلسات خاصة بالعوائل داخلية
-جلسات خاصة للعوائل خارجية
-كاميرات وامن ٢٤ ساعة 
-موقف خاص لكل وحدة سكنية خارجية",620.0,New
جدة,حي طيبة,شرق,312,0,5,5,3,1,1,1,1,0,0,1,0,1,0,0,1,0,0,70000,"للايجار فيلا دبلكس منفصلة مخطط الرحيلي_مدينة_طيبة_قريب من طريق المدينة_جدة
المساحة: 312 متر
شارع: 16م
واجهة : شرقية
يوجد غرفة سائق بحمام
يوجد غرفة خادمة
جوش
نوافذ شتر
❁تتكون الفيلا من دورين وملحق
✿الدور الارضي
-مجلسين رجال ونساء بمدخلين ، مجلط ،صالة ...",224.36,New
جدة,حي المحمدية,شرق,375,9,5,5,2,1,0,1,1,0,0,1,1,1,0,0,1,0,0,100000,"فيلا للإيجار  خلف شركة المياة حي المحمدية_مدينة جدة
●التفاصيل :
الموقع : حي المحمدية
مساحة الارض : 375 م
مساحة المباني : 500 م
شارع : 16 م
●المواصفات :
تتكون الفيلا من دورين وملحق
• الدور الارضي : 
يتكون من صالونين الاول يستوعب 15 شخص. والاخر صالون ك...",266.67,Medium
جدة,حي المحمدية,شمال,250,8,4,3,2,1,1,1,1,0,1,1,0,1,0,0,1,0,0,130000,"فيلا اداريه مكونه من ٣ غرف نوم دورين وملحق موقف سياره 
غرفه حارس مقسمه غرف",520.0,Medium
جدة,حي الزمرد,شمال,312,2,5,5,3,1,1,1,1,0,0,1,0,1,0,1,0,1,1,55000,"فله للايجار في ابحر الشماليه نظام ادوار
الدور الارضي عباره عن مجلس رجال وصاله ومطبخ ودورتين مياه غرفتين نوم الدور الثاني اربع غرف نوم وصاله ومطبخ وثلاث دورات مياه الملحق عباره عن مجلس وصاله غرفة شغاله دورتين مياه    مطلوب ٥٥الف",176.28,Modern
جدة,حي الياقوت,شرق,280,0,5,5,3,1,1,1,0,0,0,1,1,1,0,1,1,0,0,50000,فلل للايجار في ابحر الشماليه مخطط الياقوت دورين وملحق خمسه غرف وثلاث صالات ومطبخ خمس دورات مياه مطلوب ٥٠الف,178.57,New
جدة,حي البساتين,جنوب,350,10,4,4,2,0,1,1,1,0,1,1,0,1,0,1,0,0,0,90000,"فيلا في حي البساتين دوبلكس
مكونه من اربعه غرف نوم ووحده منهم ماستر 
مجلسين رجال وحريم بس الحمامات وصاله ومطبخ 
موقف سيارة غرفه حارس 
ملحق غرفه خادمه غرفه غسيل بداخل الحمام وسطح،،",257.14,Medium
جدة,حي الزهراء,جنوب,400,7,5,5,3,1,1,1,1,0,1,1,1,1,1,1,1,0,0,160000,"فيلا للايجار بحى الزهراء مكيفات ومطبخ راكب 
6 غرف نوم ويوجد مسبح",400.0,Medium
جدة,حي الزمرد,غرب,300,0,5,4,2,1,0,0,1,1,1,0,1,1,0,0,1,0,0,220000,"فيلا للايجار السنوي  في شاطىء البردايس 

6 غرف نوم 
5 دورة مياه 
مسبح مشترك 
صالون كبير 
اطلاله على البحر مباشرة",733.33,New
جدة,حي الشاطئ,شمال,300,0,5,5,2,1,1,1,1,1,1,1,1,1,0,1,1,0,0,250000,,833.33,New
جدة,حي البساتين,شرق,650,20,7,5,2,1,1,1,1,0,1,1,0,0,0,0,1,0,0,120000,فيلا  للإيجار تنفع مكتب محاما او سكني مباشره على طريق المدينة,184.62,Old
جدة,حي الياقوت,غرب,250,0,5,5,3,1,1,1,1,0,1,1,0,1,0,1,1,1,0,80000,فيلا للايجار بحى الياقوت مكيفات ومصعد ومطبخ راكب فيلا مفصوله,320.0,New
جدة,حي الروضة,شرق,110,0,2,3,1,1,0,0,1,0,1,0,0,0,0,0,1,0,0,65000,"مجمع ديار الروضة السكني يوفر لك جميع الخدمات والمرافق التي تحتاجها العائلة الصغيرة
-مسبح للكبار والصغار 
-نادي رياضي
-جلسات خاصة بالعوائل داخلية
-جلسات خاصة للعوائل خارجية
-كاميرات وامن ٢٤ ساعة 
-موقف خاص لكل وحدة سكنية خارجية",590.91,New
جدة,حي الروضة,جنوب غربي,250,10,4,4,2,1,0,0,0,0,1,1,0,1,0,1,1,0,0,100000,"فيلا للايجار في حي الروضه
مكونه من اربعه غرف نوم بس الحمامات وواحده ماستر مطبخ سيرفيس وصاله معيشه 
الدور الارضي 
مجلسين رجال ومجلس حريم حمامين وصاله مسبح مطبخ راكب
الملحق 
غرفه خادمه غرفه غسيل وسطح",400.0,Medium
جدة,حي الشاطئ,شمال شرقي,300,2,3,4,1,1,1,0,1,1,1,0,1,1,0,1,1,0,0,150000,"فلل فندقيه فاخره للايجار الشهري والسنوي بجانب الردسي مول وتبعد ٢٠٠ م عن الكورنيش
الفيلا دورين مكونه من ٣ غرف نوم وصالتين و ٤ حمامات ومطبخ كيير وغرفة خادمه 
نادي صحي متكامل للموقع كامل
الايجار الشهري / ٢٥٠٠٠ الف مع الخدمات بدون كهرباء
الايجار السنوي /...",500.0,Modern
جدة,حي الروضة,شرق,100,0,2,3,1,1,0,0,0,0,1,0,1,0,0,0,1,0,0,62000,"مجمع ديار الروضة السكني يوفر لك جميع الخدمات والمرافق التي تحتاجها العائلة الصغيرة
-مسبح للكبار والصغار 
-نادي رياضي
-جلسات خاصة بالعوائل داخلية
-جلسات خاصة للعوائل خارجية
-كاميرات وامن ٢٤ ساعة 
-موقف خاص لكل وحدة سكنية خارجية",620.0,New
جدة,حي طيبة,شرق,312,0,5,5,3,1,1,1,1,0,0,1,0,1,0,0,1,0,0,70000,"للايجار فيلا دبلكس منفصلة مخطط الرحيلي_مدينة_طيبة_قريب من طريق المدينة_جدة
المساحة: 312 متر
شارع: 16م
واجهة : شرقية
يوجد غرفة سائق بحمام
يوجد غرفة خادمة
جوش
نوافذ شتر
❁تتكون الفيلا من دورين وملحق
✿الدور الارضي
-مجلسين رجال ونساء بمدخلين ، مجلط ،صالة ...",224.36,New
جدة,حي المحمدية,شرق,375,9,5,5,2,1,0,1,1,0,0,1,1,1,0,0,1,0,0,100000,"فيلا للإيجار  خلف شركة المياة حي المحمدية_مدينة جدة
●التفاصيل :
الموقع : حي المحمدية
مساحة الارض : 375 م
مساحة المباني : 500 م
شارع : 16 م
●المواصفات :
تتكون الفيلا من دورين وملحق
• الدور الارضي : 
يتكون من صالونين الاول يستوعب 15 شخص. والاخر صالون ك...",266.67,Medium
جدة,حي المحمدية,شمال,250,8,4,3,2,1,1,1,1,0,1,1,0,1,0,0,1,0,0,130000,"فيلا اداريه مكونه من ٣ غرف نوم دورين وملحق موقف سياره 
غرفه حارس مقسمه غرف",520.0,Medium
جدة,حي الزمرد,شمال,312,2,5,5,3,1,1,1,1,0,0,1,0,1,0,1,0,1,1,55000,"فله للايجار في ابحر الشماليه نظام ادوار
الدور الارضي عباره عن مجلس رجال وصاله ومطبخ ودورتين مياه غرفتين نوم الدور الثاني اربع غرف نوم وصاله ومطبخ وثلاث دورات مياه الملحق عباره عن مجلس وصاله غرفة شغاله دورتين مياه    مطلوب ٥٥الف",176.28,Modern
جدة,حي الياقوت,شرق,280,0,5,5,3,1,1,1,0,0,0,1,1,1,0,1,1,0,0,50000,فلل للايجار في ابحر الشماليه مخطط الياقوت دورين وملحق خمسه غرف وثلاث صالات ومطبخ خمس دورات مياه مطلوب ٥٠الف,178.57,New
جدة,حي البساتين,جنوب,350,10,4,4,2,0,1,1,1,0,1,1,0,1,0,1,0,0,0,90000,"فيلا في حي البساتين دوبلكس
مكونه من اربعه غرف نوم ووحده منهم ماستر 
مجلسين رجال وحريم بس الحمامات وصاله ومطبخ 
موقف سيارة غرفه حارس 
ملحق غرفه خادمه غرفه غسيل بداخل الحمام وسطح،،",257.14,Medium
جدة,حي الزهراء,جنوب,400,7,5,5,3,1,1,1,1,0,1,1,1,1,1,1,1,0,0,160000,"فيلا للايجار بحى الزهراء مكيفات ومطبخ راكب 
6 غرف نوم ويوجد مسبح",400.0,Medium
جدة,حي الزمرد,غرب,300,0,5,4,2,1,0,0,1,1,1,0,1,1,0,0,1,0,0,220000,"فيلا للايجار السنوي  في شاطىء البردايس 

6 غرف نوم 
5 دورة مياه 
مسبح مشترك 
صالون كبير 
اطلاله على البحر مباشرة",733.33,New
جدة,حي الشاطئ,شمال,300,0,5,5,2,1,1,1,1,1,1,1,1,1,0,1,1,0,0,250000,,833.33,New
جدة,حي البساتين,شرق,650,20,7,5,2,1,1,1,1,0,1,1,0,0,0,0,1,0,0,120000,فيلا  للإيجار تنفع مكتب محاما او سكني مباشره على طريق المدينة,184.62,Old
جدة,حي الياقوت,غرب,250,0,5,5,3,1,1,1,1,0,1,1,0,1,0,1,1,1,0,80000,فيلا للايجار بحى الياقوت مكيفات ومصعد ومطبخ راكب فيلا مفصوله,320.0,New
جدة,حي الروضة,شرق,110,0,2,3,1,1,0,0,1,0,1,0,0,0,0,0,1,0,0,65000,"مجمع ديار الروضة السكني يوفر لك جميع الخدمات والمرافق التي تحتاجها العائلة الصغيرة
-مسبح للكبار والصغار 
-نادي رياضي
-جلسات خاصة بالعوائل داخلية
-جلسات خاصة للعوائل خارجية
-كاميرات وامن ٢٤ ساعة 
-موقف خاص لكل وحدة سكنية خارجية",590.91,New
جدة,حي الروضة,جنوب غربي,250,10,4,4,2,1,0,0,0,0,1,1,0,1,0,1,1,0,0,100000,"فيلا للايجار في حي الروضه
مكونه من اربعه غرف نوم بس الحمامات وواحده ماستر مطبخ سيرفيس وصاله معيشه 
الدور الارضي 
مجلسين رجال ومجلس حريم حمامين وصاله مسبح مطبخ راكب
الملحق 
غرفه خادمه غرفه غسيل وسطح",400.0,Medium
جدة,حي الشاطئ,شمال شرقي,300,2,3,4,1,1,1,0,1,1,1,0,1,1,0,1,1,0,0,150000,"فلل فندقيه فاخره للايجار الشهري والسنوي بجانب الردسي مول وتبعد ٢٠٠ م عن الكورنيش
الفيلا دورين مكونه من ٣ غرف نوم وصالتين و ٤ حمامات ومطبخ كيير وغرفة خادمه 
نادي صحي متكامل للموقع كامل
الايجار الشهري / ٢٥٠٠٠ الف مع الخدمات بدون كهرباء
الايجار السنوي /...",500.0,Modern
جدة,حي الروضة,شرق,100,0,2,3,1,1,0,0,0,0,1,0,1,0,0,0,1,0,0,62000,"مجمع ديار الروضة السكني يوفر لك جميع الخدمات والمرافق التي تحتاجها العائلة الصغيرة
-مسبح للكبار والصغار 
-نادي رياضي
-جلسات خاصة بالعوائل داخلية
-جلسات خاصة للعوائل خارجية
-كاميرات وامن ٢٤ ساعة 
-موقف خاص لكل وحدة سكنية خارجية",620.0,New
جدة,حي طيبة,شرق,312,0,5,5,3,1,1,1,1,0,0,1,0,1,0,0,1,0,0,70000,"للايجار فيلا دبلكس منفصلة مخطط الرحيلي_مدينة_طيبة_قريب من طريق المدينة_جدة
المساحة: 312 متر
شارع: 16م
واجهة : شرقية
يوجد غرفة سائق بحمام
يوجد غرفة خادمة
جوش
نوافذ شتر
❁تتكون الفيلا من دورين وملحق
✿الدور الارضي
-مجلسين رجال ونساء بمدخلين ، مجلط ،صالة ...",224.36,New
جدة,حي المحمدية,شرق,375,9,5,5,2,1,0,1,1,0,0,1,1,1,0,0,1,0,0,100000,"فيلا للإيجار  خلف شركة المياة حي المحمدية_مدينة جدة
●التفاصيل :
الموقع : حي المحمدية
مساحة الارض : 375 م
مساحة المباني : 500 م
شارع : 16 م
●المواصفات :
تتكون الفيلا من دورين وملحق
• الدور الارضي : 
يتكون من صالونين الاول يستوعب 15 شخص. والاخر صالون ك...",266.67,Medium
جدة,حي المحمدية,شمال,250,8,4,3,2,1,1,1,1,0,1,1,0,1,0,0,1,0,0,130000,"فيلا اداريه مكونه من ٣ غرف نوم دورين وملحق موقف سياره 
غرفه حارس مقسمه غرف",520.0,Medium
جدة,حي الزمرد,شمال,312,2,5,5,3,1,1,1,1,0,0,1,0,1,0,1,0,1,1,55000,"فله للايجار في ابحر الشماليه نظام ادوار
الدور الارضي عباره عن مجلس رجال وصاله ومطبخ ودورتين مياه غرفتين نوم الدور الثاني اربع غرف نوم وصاله ومطبخ وثلاث دورات مياه الملحق عباره عن مجلس وصاله غرفة شغاله دورتين مياه    مطلوب ٥٥الف",176.28,Modern
جدة,حي الياقوت,شرق,280,0,5,5,3,1,1,1,0,0,0,1,1,1,0,1,1,0,0,50000,فلل للايجار في ابحر الشماليه مخطط الياقوت دورين وملحق خمسه غرف وثلاث صالات ومطبخ خمس دورات مياه مطلوب ٥٠الف,178.57,New
جدة,حي البساتين,جنوب,350,10,4,4,2,0,1,1,1,0,1,1,0,1,0,1,0,0,0,90000,"فيلا في حي البساتين دوبلكس
مكونه من اربعه غرف نوم ووحده منهم ماستر 
مجلسين رجال وحريم بس الحمامات وصاله ومطبخ 
موقف سيارة غرفه حارس 
ملحق غرفه خادمه غرفه غسيل بداخل الحمام وسطح،،",257.14,Medium
جدة,حي الزهراء,جنوب,400,7,5,5,3,1,1,1,1,0,1,1,1,1,1,1,1,0,0,160000,"فيلا للايجار بحى الزهراء مكيفات ومطبخ راكب 
6 غرف نوم ويوجد مسبح",400.0,Medium
جدة,حي الزمرد,غرب,300,0,5,4,2,1,0,0,1,1,1,0,1,1,0,0,1,0,0,220000,"فيلا للايجار السنوي  في شاطىء البردايس 

6 غرف نوم 
5 دورة مياه 
مسبح مشترك 
صالون كبير 
اطلاله على البحر مباشرة",733.33,New
جدة,حي الشاطئ,شمال,300,0,5,5,2,1,1,1,1,1,1,1,1,1,0,1,1,0,0,250000,,833.33,New
جدة,حي البساتين,شرق,650,20,7,5,2,1,1,1,1,0,1,1,0,0,0,0,1,0,0,120000,فيلا  للإيجار تنفع مكتب محاما او سكني مباشره على طريق المدينة,184.62,Old
جدة,حي الياقوت,غرب,250,0,5,5,3,1,1,1,1,0,1,1,0,1,0,1,1,1,0,80000,فيلا للايجار بحى الياقوت مكيفات ومصعد ومطبخ راكب فيلا مفصوله,320.0,New
جدة,حي الروضة,شرق,110,0,2,3,1,1,0,0,1,0,1,0,0,0,0,0,1,0,0,65000,"مجمع ديار الروضة السكني يوفر لك جميع الخدمات والمرافق التي تحتاجها العائلة الصغيرة
-مسبح للكبار والصغار 
-نادي رياضي
-جلسات خاصة بالعوائل داخلية
-جلسات خاصة للعوائل خارجية
-كاميرات وامن ٢٤ ساعة 
-موقف خاص لكل وحدة سكنية خارجية",590.91,New
جدة,حي الروضة,جنوب غربي,250,10,4,4,2,1,0,0,0,0,1,1,0,1,0,1,1,0,0,100000,"فيلا للايجار في حي الروضه
مكونه من اربعه غرف نوم بس الحمامات وواحده ماستر مطبخ سيرفيس وصاله معيشه 
الدور الارضي 
مجلسين رجال ومجلس حريم حمامين وصاله مسبح مطبخ راكب
الملحق 
غرفه خادمه غرفه غسيل وسطح",400.0,Medium
جدة,حي الشاطئ,شمال شرقي,300,2,3,4,1,1,1,0,1,1,1,0,1,1,0,1,1,0,0,150000,"فلل فندقيه فاخره للايجار الشهري والسنوي بجانب الردسي مول وتبعد ٢٠٠ م عن الكورنيش
الفيلا دورين مكونه من ٣ غرف نوم وصالتين و ٤ حمامات ومطبخ كيير وغرفة خادمه 
نادي صحي متكامل للموقع كامل
الايجار الشهري / ٢٥٠٠٠ الف مع الخدمات بدون كهرباء
الايجار السنوي /...",500.0,Modern
جدة,حي الروضة,شرق,100,0,2,3,1,1,0,0,0,0,1,0,1,0,0,0,1,0,0,62000,"مجمع ديار الروضة السكني يوفر لك جميع الخدمات والمرافق التي تحتاجها العائلة الصغيرة
-مسبح للكبار والصغار 
-نادي رياضي
-جلسات خاصة بالعوائل داخلية
-جلسات خاصة للعوائل خارجية
-كاميرات وامن ٢٤ ساعة 
-موقف خاص لكل وحدة سكنية خارجية",620.0,New
جدة,حي طيبة,شرق,312,0,5,5,3,1,1,1,1,0,0,1,0,1,0,0,1,0,0,70000,"للايجار فيلا دبلكس منفصلة مخطط الرحيلي_مدينة_طيبة_قريب من طريق المدينة_جدة
المساحة: 312 متر
شارع: 16م
واجهة : شرقية
يوجد غرفة سائق بحمام
يوجد غرفة خادمة
جوش
نوافذ شتر
❁تتكون الفيلا من دورين وملحق
✿الدور الارضي
-مجلسين رجال ونساء بمدخلين ، مجلط ،صالة ...",224.36,New
جدة,حي المحمدية,شرق,375,9,5,5,2,1,0,1,1,0,0,1,1,1,0,0,1,0,0,100000,"فيلا للإيجار  خلف شركة المياة حي المحمدية_مدينة جدة
●التفاصيل :
الموقع : حي المحمدية
مساحة الارض : 375 م
مساحة المباني : 500 م
شارع : 16 م
●المواصفات :
تتكون الفيلا من دورين وملحق
• الدور الارضي : 
يتكون من صالونين الاول يستوعب 15 شخص. والاخر صالون ك...",266.67,Medium
جدة,حي المحمدية,شمال,250,8,4,3,2,1,1,1,1,0,1,1,0,1,0,0,1,0,0,130000,"فيلا اداريه مكونه من ٣ غرف نوم دورين وملحق موقف سياره 
غرفه حارس مقسمه غرف",520.0,Medium
جدة,حي الزمرد,شمال,312,2,5,5,3,1,1,1,1,0,0,1,0,1,0,1,0,1,1,55000,"فله للايجار في ابحر الشماليه نظام ادوار
الدور الارضي عباره عن مجلس رجال وصاله ومطبخ ودورتين مياه غرفتين نوم الدور الثاني اربع غرف نوم وصاله ومطبخ وثلاث دورات مياه الملحق عباره عن مجلس وصاله غرفة شغاله دورتين مياه    مطلوب ٥٥الف",176.28,Modern
جدة,حي الياقوت,شرق,280,0,5,5,3,1,1,1,0,0,0,1,1,1,0,1,1,0,0,50000,فلل للايجار في ابحر الشماليه مخطط الياقوت دورين وملحق خمسه غرف وثلاث صالات ومطبخ خمس دورات مياه مطلوب ٥٠الف,178.57,New
جدة,حي البساتين,جنوب,350,10,4,4,2,0,1,1,1,0,1,1,0,1,0,1,0,0,0,90000,"فيلا في حي البساتين دوبلكس
مكونه من اربعه غرف نوم ووحده منهم ماستر 
مجلسين رجال وحريم بس الحمامات وصاله ومطبخ 
موقف سيارة غرفه حارس 
ملحق غرفه خادمه غرفه غسيل بداخل الحمام وسطح،،",257.14,Medium
جدة,حي الزهراء,جنوب,400,7,5,5,3,1,1,1,1,0,1,1,1,1,1,1,1,0,0,160000,"فيلا للايجار بحى الزهراء مكيفات ومطبخ راكب 
6 غرف نوم ويوجد مسبح",400.0,Medium
جدة,حي الزمرد,غرب,300,0,5,4,2,1,0,0,1,1,1,0,1,1,0,0,1,0,0,220000,"فيلا للايجار السنوي  في شاطىء البردايس 

6 غرف نوم 
5 دورة مياه 
مسبح مشترك 
صالون كبير 
اطلاله على البحر مباشرة",733.33,New
جدة,حي الشاطئ,شمال,300,0,5,5,2,1,1,1,1,1,1,1,1,1,0,1,1,0,0,250000,,833.33,New
جدة,حي البساتين,شرق,650,20,7,5,2,1,1,1,1,0,1,1,0,0,0,0,1,0,0,120000,فيلا  للإيجار تنفع مكتب محاما او سكني مباشره على طريق المدينة,184.62,Old
جدة,حي الياقوت,غرب,250,0,5,5,3,1,1,1,1,0,1,1,0,1,0,1,1,1,0,80000,فيلا للايجار بحى الياقوت مكيفات ومصعد ومطبخ راكب فيلا مفصوله,320.0,New
جدة,حي الروضة,شرق,110,0,2,3,1,1,0,0,1,0,1,0,0,0,0,0,1,0,0,65000,"مجمع ديار الروضة السكني يوفر لك جميع الخدمات والمرافق التي تحتاجها العائلة الصغيرة
-مسبح للكبار والصغار 
-نادي رياضي
-جلسات خاصة بالعوائل داخلية
-جلسات خاصة للعوائل خارجية
-كاميرات وامن ٢٤ ساعة 
-موقف خاص لكل وحدة سكنية خارجية",590.91,New
جدة,حي الروضة,جنوب غربي,250,10,4,4,2,1,0,0,0,0,1,1,0,1,0,1,1,0,0,100000,"فيلا للايجار في حي الروضه
مكونه من اربعه غرف نوم بس الحمامات وواحده ماستر مطبخ سيرفيس وصاله معيشه 
الدور الارضي 
مجلسين رجال ومجلس حريم حمامين وصاله مسبح مطبخ راكب
الملحق 
غرفه خادمه غرفه غسيل وسطح",400.0,Medium
جدة,حي الشاطئ,شمال شرقي,300,2,3,4,1,1,1,0,1,1,1,0,1,1,0,1,1,0,0,150000,"فلل فندقيه فاخره للايجار الشهري والسنوي بجانب الردسي مول وتبعد ٢٠٠ م عن الكورنيش
الفيلا دورين مكونه من ٣ غرف نوم وصالتين و ٤ حمامات ومطبخ كيير وغرفة خادمه 
نادي صحي متكامل للموقع كامل
الايجار الشهري / ٢٥٠٠٠ الف مع الخدمات بدون كهرباء
الايجار السنوي /...",500.0,Modern
الدمام,حي السيف,غرب,300,11,6,5,2,1,1,1,1,0,1,1,0,1,0,1,1,0,0,75000,فلة في حي الراكة الشمالية متصلة للايجار تتكون من  صاله ومجلس  ومطبخ ومقلط وحوش وغرفة سائق وحمامين بالدور الارضي الاول يوجد ٤ غرف نوم مع صاله  الدور الاخير فيه غرفة خادمة مع حمام + سطح البيت مكيف بالكامل ومجدد الصيانه,250.0,Medium
الدمام,حي الشعلة,جنوب,300,3,4,5,4,1,1,1,1,0,1,0,0,0,0,0,1,1,0,70000,"للايجار فيلا شبه جديده  حي الشعله 
٤ غرف نوم  منهم ٢ ماستر 
مجلس ومقلط  ومطبخ 
حوش كراج 
غرفه سواق 
غرفه خادمه 
تكيف المجلس وغرفه الماستر مركزي 
باقي البيت تكيف اسبلت",233.33,Modern
الدمام,حي طيبة,شمال غربي,450,4,7,5,2,1,1,0,1,0,0,1,0,1,0,0,1,0,1,55000,"للاجار بيت في حي طيبه زاويه

مكون من 
الدور الاخير / غزفه + دورة مياه + غرفة غسيل 
الدور العلوي الاول/
٥ غرف نوم منهم واحدة ماستر + صالة
والدور الارضي مجلس ومقلط وصالة كبيره وغرفه جلوس نساء ومطبخين ومستودع 



❇️ في حالة عدم الرد او الهاتف مغلق 
يسعد...",122.22,Modern
الدمام,حي الخالدية الشمالية,شرق,400,5,7,5,2,1,1,1,1,0,1,1,0,1,0,0,1,0,1,70000,‏فلا تشطيب ديلوكس خمس غرف نوم ومجلس ومقلط وصاله تين خمس دورات مياه غرفة غسيل غرفة عاملة منزلية مع دورة مياه مطبخين كراج سيارة حوش غرفة سواق الفلة بالكامل مكيفات  مركزيه جديده,175.0,Modern
الدمام,حي المنار,جنوب,200,0,7,5,2,1,1,0,1,1,1,1,0,1,0,1,1,0,0,60000,"فيلا دبلكس متصل مساحتها 200 متر 
الفيلا جديدة لم تسكن سوى 4 اشهر تقريبا 
يوجد 3 مكيفات راكبة ويوجد مطبخ راكب بقيمة 28 الف

قيمة الايجار السنوي : 
60.000 ريال بدون الاثاث
70.000 ريال مع الاثاث
وقابل للتفاوض مع الصامل",300.0,New
الدمام,حي الاثير,شرق,205,0,3,2,1,1,1,0,0,1,1,0,1,0,0,0,0,0,0,60000,يقع مجمع العائلة في الدمام استراتيجيًا بالقرب من طريق الظهران- الجبيل السريع. تشغل أكثر من 9000 متر مربع من المباني المبنية فوق المنطقة ، يتكون العقار من أكثر من 60 فلل غير مفروشة للايجار بأسعار معقولة مع خيارين (فيلات من غرفتي نوم و 3 غرف نوم). يقدم...,292.68,New
الدمام,حي المنتزه,غرب,387,0,5,5,3,1,0,1,1,0,1,0,0,1,0,0,1,0,0,140000,"الفئه المستهدفه للتاجير:
موظفين شركات الكبرى
رجال الاعمال 


لتوضيح 140 الف دفعتين
135 الف دفعه واحده 
للجادين انا صاحب الفيلا 
واتس 0565569555",361.76,New
الدمام,حي المدينة الصناعية الثانية,جنوب,355,0,7,5,2,1,1,0,1,0,1,1,0,1,0,1,1,0,0,65000,جديدة,183.1,New
الدمام,حي الحمراء,شرق,600,9,7,5,2,1,1,1,1,1,1,1,0,1,0,0,1,1,1,85000,فلا زاويه ع كيف كيفك بحي الحمراء مع التكيف ويوجد مصعد بالفلا والتفصيل الثانيه ع الوتساب,141.67,Medium
الدمام,حي الشاطئ الغربي,شمال,380,0,5,4,1,1,1,0,1,1,1,0,0,1,0,0,0,0,0,60000,‏دور ارضي بحي الشاطئ الغربي يتكون من ثلاث غرف نوم ‏ومقلط ومجلس وغرفة شغالة واربع دورات مياه مطبخ خارجي وداخلي حوش كراج سيارة مكيفة بالكامل تكييف مركزي بدون أثاث,157.89,New
الدمام,حي المنار,شمال,350,0,7,5,3,1,1,1,1,0,0,0,0,1,0,0,1,0,0,100000,"فيلا جديدة للايجار بحي المنار  موقع ممتاز
الواجهة حجر ورخام 
قريبة من الخدمات وقريبة من النخيل مول 
تتكون من
الدور الارضي 
مجلس رجال
مقلط
مطبخ


صالة كبيرة وصالة صغيرة


غرفة نساء
دورتين مياه
مدخل سيارة
حوش بمساحة 70متر
مستودع خارجي
دورة مياه خارجية
...",285.71,New
الدمام,حي المنار,شمال,300,3,7,4,2,1,1,0,1,0,1,1,0,1,0,1,1,0,0,60000,"التواصل على الواتساب فقط 🚫

دبلكس للايجار / المنار

60 الف بالسنه 

نظام الدفع كل 6 شهور 
 عمره 3 سنوات 
مكيفات سبليت مركبه / طقم مطبخ راكب 

حوش / كراج 
مجلس /غرفة طعام 
صالة

الدور الاول 

2 ماستر / 2 عادي 
صالة 

ملحق 
مستودع / غرفة غسيل 
غرفة ما...",200.0,Modern
الدمام,حي الخالدية الشمالية,شمال,400,4,5,1,3,1,0,0,1,1,1,1,0,1,0,0,0,0,0,75000,فيلا للايجار بحي الارجان,187.5,Modern
الدمام,حي الفيصلية,شمال,180,0,3,4,1,1,1,0,1,0,1,0,1,0,0,1,0,0,0,65000,"يقع المجمع في مدينة الدمام حي الفيصلية على بعد دقيقة واحدة من طريق الملك فهد والذي يصل الخبر بالدمام والمطار الدولي ، يحيط بالمجمع مجموعة من المشاريع القائمة والواعدة كما يسهل الوصول إليه من الطرق الرئيسية 
للتواصل على الرقم 0593711174",361.11,New
الدمام,حي الشاطئ الغربي,شرق,1000,9,5,5,3,1,1,1,1,0,1,1,1,1,0,0,0,0,0,165000,Luxury Villa,165.0,Medium
الدمام,حي المنار,جنوب,300,2,5,5,2,1,1,1,1,0,1,1,0,1,0,0,1,0,0,50000,"للايجار فيلا دبلكس منفصل مساحه300متر شارع 30جنوب يتكون من مجلس ومقلط وصاله نسا وحوش وكراج 2دوره مياه
الدور الاول 4غرف نوم 💤 وصاله منهم 2ماستر روم 
الملحق غرفه مع حمام 🛀 وغرفه شغاله وغرفه غسيل 
جميع المكيفات راكبه سبلت جري مطبخ راكب غرفه سايق 
السعر...",166.67,Modern
الدمام,حي المنار,غرب,280,3,5,5,3,1,1,1,1,0,0,1,0,1,0,1,0,0,0,55000,"فيلا دوبلكس  مستقلة على واجهه غربيه بحي الفيصلية المنار /بالدمام مكونة من
الدور الارضي كراج سيارة مع غرفة سائق مدخل رئيسي للرجال ومدخليين جانبيين للنساء ومدخل مستقل للمطبخ . مجلس رجال مع مقلط ودورة مياة وصالة  داخلية كبيرة ومجلس نساء ومطبخ جاهز مع مس...",196.43,Modern
الدمام,حي الشعلة,شمال,256,0,5,5,2,0,1,0,1,0,1,1,0,1,0,1,1,0,0,75000,"فيلا دبلكس جديده
ثلاث ادوار ولها سطحين
بها ٥ مكيفات سبليت جديدة
الدور الأرضي: مجلس ودورة مياه + غرفة طعام + صالة كبيره ودورة مياه +مطبخ 
الدور الاول: غرفة نوم ماستر كبيرة مع حمام ولها صاله خاصة وممكن تكون غرفة ملابس + غرفة ماستر+ غرفة + صالة وحمام
ال...",292.97,New
الدمام,حي الشعلة,شمال غربي,300,0,4,5,1,1,1,1,1,0,0,1,1,1,0,1,1,0,0,130000,"مطل على حديقة الحي
قريبه من المسجد والنادي الرياضي والمحلات التجارية والحديقة مشي على الأقدام
سطح
انترنت جميع الغرف

واتز:
0557714341",433.33,New
الدمام,حي الشاطئ الشرقي,شرق,375,8,5,5,2,1,1,1,1,0,0,1,0,1,0,1,1,0,0,65000,"للايجار دبلكس منفصل دورين وملحق.حي الشاطئ الشرقي المجاور اﻻول.
مجلس ومقلط وصاله ومطبخين و2دوره مياه.
مجدد بالكامل.ايجار سنوي.
  (65) الف . (قابل للتفاوض)",173.33,Medium
الدمام,حي الشاطئ الشرقي,جنوب,375,12,7,5,2,1,1,1,1,0,0,1,0,1,0,0,1,0,0,55000,"للايجار دبلكس مجدد دورين وملحق وسطحين حي الشاطئ الشرقي مجاوره (3) بالدمام مكون :
الدور الارضي ( مدخلين مجلس رجال ومقلط وصاله ومجلس نساء مدخل من الحوش و مطبخين راكبه و 3 حمام وقبه فوق الصاله من السطح و غرفه سائق مع حمام وكراج  وحوش من الجهتين .
الدور ...",146.67,Medium
الدمام,حي الشاطئ الغربي,شمال,375,15,7,5,2,1,1,1,1,0,0,0,0,1,0,0,1,0,0,60000,"للايجار دبلكس دورين وملحق مجدد حي الشاطئ مجاوره  الرابعه بالدمام مكون من :-
الدور الارضي /   مجلس رجال ومقلط وصاله ومجلس نساء ومطبخ راكب و2حمام و كراج وغرفه سائق مع حمام وحوش .
الدور العلوي / 4 غرف نوم (واحده نوم ماستر ) و3حمام .
السطح  / ملحق غرفه و...",160.0,Medium
الدمام,حي ضاحية الملك فهد,شرق,250,0,7,5,3,1,1,0,0,1,1,1,0,1,0,1,1,0,0,50000,,200.0,New
الدمام,حي الشعلة,شرق,375,4,5,5,2,1,1,1,1,0,1,1,0,1,0,1,1,0,0,80000,"فيلا دبلكس للإيجار ؛مساحة البيت ٣٧٥،،
دورين مع ملحق 
صاله طعام 
مجلس للرجال والنساء ( مكيف مركزي ) 
٢صاله ( مكيف مركزي) 
٥ غرف نوم ( غرفه الماستر مكيف مركزي، باقي الغرف سبلت)
٦ دورات مياه
مطبخ
ومخزن ،،،يوجد غرفه سائق مع دوره مياه",213.33,Modern
الدمام,حي الحمراء,شمال,500,18,7,5,2,1,1,1,1,0,1,0,0,1,0,0,1,0,0,65000,"للايجار فيلا دورين وملحق منفصله ومجدده مع (7) مكيفات سبليت  حيي  الحمراء(المباركيه) .مكونه من :-
الدور الارضي ( مجاس رجال وصاله وحمام مع مغاسل رجال .
————— ومجلس نساء وحمام ومغاسل للنساء .ومدخل ثاني للنساء عن طريق الصاله .
الدور العلوي( 6 غرف نوم {2ن...",130.0,Old
الدمام,حي النزهة,شرق,400,5,5,5,2,1,1,1,0,0,1,0,0,1,0,0,1,0,0,75000,"فيلا للإيجار
مكيفات سبلت جاهزه ومطبخ راكب
للاستفسار
مكتب عقار حلول الجزيرة العقاري
0508443330
0537343385",187.5,Modern
الدمام,حي الحمراء,شمال شرقي,1200,15,7,5,2,1,1,1,1,0,0,0,0,1,0,0,1,0,0,150000,"للايجار فيلا تجاريه  ركنيه على (3)شوارع خلفها مواقف 15 سياره 
 تصلح مقر شركه ومكاتب وسكن  او مدرسه او معهد مكونه من :-(12) غرفه (6) حمام ومطبخ راكب وغرفه سائق وخادمه  وكراج سياره وحوش كبير .
ايجار سنوي (150) الف ريال  دفعتين او (4) دفعات .
والصيانه ع...",125.0,Medium
الدمام,حي الشاطئ الغربي,غرب,500,17,7,5,2,1,1,1,1,0,0,1,0,1,0,0,1,0,0,65000,"للايجار فيلا دورين وملحق حي الشاطئ الغربي مجاوره السادسه بالدمام مكونه من :-
الدور الارضي ( 3 مداخل و مجلس كبير ومقلط وصاله كبيره وغرفه طعام ومطبخين وغرفه سائق مع حمام وكراج سياره وحوش .
الدور العلوي( 5 غرف نوم (2غرف نوم ماستر و 3 غرف نوم مع حمام وصا...",130.0,Old
الدمام,حي الشعلة,شرق,375,4,5,5,2,1,1,1,1,0,1,1,0,1,0,1,1,0,0,80000,"فيلا دبلكس للإيجار ؛مساحة البيت ٣٧٥،،
دورين مع ملحق 
صاله طعام 
مجلس للرجال والنساء ( مكيف مركزي ) 
٢صاله ( مكيف مركزي) 
٥ غرف نوم ( غرفه الماستر مكيف مركزي، باقي الغرف سبلت)
٦ دورات مياه
مطبخ
ومخزن ،،،يوجد غرفه سائق مع دوره مياه",213.33,Modern
الدمام,حي المنار,شمال,300,0,7,5,2,0,1,0,1,0,0,0,0,1,0,0,1,0,0,50000,دبلكس متصل,166.67,New
الدمام,حي الشعلة,شرق,375,4,5,5,2,1,1,1,1,0,1,1,0,1,0,1,1,0,0,80000,"فيلا دبلكس للإيجار ؛مساحة البيت ٣٧٥،،
دورين مع ملحق 
صاله طعام 
مجلس للرجال والنساء ( مكيف مركزي ) 
٢صاله ( مكيف مركزي) 
٥ غرف نوم ( غرفه الماستر مكيف مركزي، باقي الغرف سبلت)
٦ دورات مياه
مطبخ
ومخزن ،،،يوجد غرفه سائق مع دوره مياه",213.33,Modern
الدمام,حي الشعلة,شرق,375,4,5,5,2,1,1,1,1,0,1,1,0,1,0,1,1,0,0,80000,"فيلا دبلكس للإيجار ؛مساحة البيت ٣٧٥،،
دورين مع ملحق 
صاله طعام 
مجلس للرجال والنساء ( مكيف مركزي ) 
٢صاله ( مكيف مركزي) 
٥ غرف نوم ( غرفه الماستر مكيف مركزي، باقي الغرف سبلت)
٦ دورات مياه
مطبخ
ومخزن ،،،يوجد غرفه سائق مع دوره مياه",213.33,Modern
الدمام,حي الشعلة,شرق,375,4,5,5,2,1,1,1,1,0,1,1,0,1,0,1,1,0,0,80000,"فيلا دبلكس للإيجار ؛مساحة البيت ٣٧٥،،
دورين مع ملحق 
صاله طعام 
مجلس للرجال والنساء ( مكيف مركزي ) 
٢صاله ( مكيف مركزي) 
٥ غرف نوم ( غرفه الماستر مكيف مركزي، باقي الغرف سبلت)
٦ دورات مياه
مطبخ
ومخزن ،،،يوجد غرفه سائق مع دوره مياه",213.33,Modern
الدمام,حي الشعلة,شرق,375,4,5,5,2,1,1,1,1,0,1,1,0,1,0,1,1,0,0,80000,"فيلا دبلكس للإيجار ؛مساحة البيت ٣٧٥،،
دورين مع ملحق 
صاله طعام 
مجلس للرجال والنساء ( مكيف مركزي ) 
٢صاله ( مكيف مركزي) 
٥ غرف نوم ( غرفه الماستر مكيف مركزي، باقي الغرف سبلت)
٦ دورات مياه
مطبخ
ومخزن ،،،يوجد غرفه سائق مع دوره مياه",213.33,Modern
الدمام,حي الشعلة,شمال,300,3,4,5,2,1,1,0,1,0,1,1,0,1,0,1,1,0,0,55000,"فله دبلكس...حي (الشعله) واحة السمحانية (خلف هرفي)
٤غرف نوم ومجلس نساء +مجلس رجال و٢صاله ومغلط ومطبخ راكب وجميع المكيفات راكبه م عدا المجلس..
مكتب النبلاء للخدمات العقارية 🏘️🏠🏚️",183.33,Modern
الدمام,حي الشعلة,شرق,375,4,5,5,2,1,1,1,1,0,1,1,0,1,0,1,1,0,0,80000,"فيلا دبلكس للإيجار ؛مساحة البيت ٣٧٥،،
دورين مع ملحق 
صاله طعام 
مجلس للرجال والنساء ( مكيف مركزي ) 
2صاله ( مكيف مركزي) 
٥ غرف نوم ( غرفه الماستر مكيف مركزي، باقي الغرف سبلت)
٦ دورات مياه 
مطبخ ومخزن ،،،يوجد غرفه سائق مع دوره مياه",213.33,Modern
الدمام,حي الشعلة,شمال شرقي,400,0,5,5,2,1,1,1,1,0,0,0,0,1,0,1,1,0,0,70000,"تم تأجيير الفيلا



بسم الله الرحمن الرحيم

للايجار فيلا دوبلكس في الفاخرية ٢ 

٤ غرف ماستر 

٢ صاله

مجلس 

غرفة طعام

مجلس نساء

مطبخ

٧ دورات مياه

مطلوب ٧٠ الف على دفعتين

او

٦٥ الف دفعه واحدة",175.0,New
الدمام,حي الشاطئ الشرقي,شرق,450,12,5,5,3,1,1,1,1,0,1,1,0,1,0,0,1,0,0,100000,"المساحة: ٤٥٠م
عمر العقار: ١٢ سنة
مدام بالكامل مقبل شركة IDS
خمس غرف نوم..صالتين..مجلس..غرفة غسيل..غرفة شغالات..غرفة سواق
٦ دورات مياه..
بناء خاص وممتاز
الموقع:رائع جدا مطل على الواجهة البحرية الشرقية..
السعر الادنى: ١٠٠ الف  ريال/سنويا",222.22,Medium
الدمام,حي طيبة,جنوب,375,6,4,4,1,1,1,0,1,0,0,1,0,1,0,1,1,0,0,60000,فله للايجار بالسنه بحي طيبة مقابل مسجد طيبة,160.0,Medium
الدمام,حي الحمراء,شمال شرقي,600,26,7,5,2,1,1,1,1,1,1,1,0,1,0,0,0,1,0,85000,بيت للايجار,141.67,Old
الدمام,حي النورس,شرق,200,6,3,5,2,1,1,0,1,1,1,0,0,1,0,0,1,0,0,70000,"الدور الارضي
صاله و مجلس و دورتين مياه ومطبخ

الدور الاول
غرفه ماستر بدورة مياه
و غرفتين و دورة مياه

الدور الثاني

غرفه ودورة مياه والسطح


الفله مأثثه بالكامل تقريب

الموقع أمام المسجد

في حال تسجيل عقد لا مانع من المناقشه على قيمة الاجار بالمعقول",350.0,Medium
الدمام,حي الندى,شمال,455,0,5,5,2,1,1,0,0,0,1,1,0,1,0,1,1,0,0,80000,"فيلا للايجار حي الندى مساحه ٤٥٥متر السعر ٨٠الف....
البيت يتكون من.الارضي...
مجلس رجال مجلس حريم صاله مطبخ مقلط حمامين حوش كراج ديوانيه...
الأول...
٤غرف نوم منها ٢ماستر واثنين بدورة مياه وصاله...
الثاتي..
غرفتين نوم وصاله وحمامين...",175.82,New
الدمام,حي الشعلة,شمال,300,0,7,5,4,1,1,1,1,0,1,1,0,1,1,1,1,0,0,85000,"دبلكس مساحة 300 متر بناء شخصي الموقع حي الشعله واحه السمحانيه 
مكون من 
الدور الارضي
 (مجلس و دورة مياه+صاله طعام +صاله معيشه ودورة مياه+مطبخ الداخلي  +مطبخ خارجي +غرفه عامله منزليه مع دورة مياه + حوش وكراج سياره )
الدور الاول 
( غرفه رئسيه مع دوره م...",283.33,New
الدمام,حي الشعلة,شمال غربي,300,0,5,5,1,1,1,0,0,0,0,1,0,1,0,1,1,0,0,60000,"فيلا جديده بحي الشعله للايجار 
مكونه من حوش وقراج ، والدور الارضي 
مجالس ومطبخ ، والدور الاول والملحق سبع غرف نوم وخدماتها .
للإستفسار واتس أو اتصال؛ 0551122213",200.0,New
الدمام,حي الشرق,شرق,300,0,7,5,1,1,1,1,1,0,0,0,0,1,0,1,1,0,0,50000,حي الفرسان جديد دبلكس متصل دورين الحمامات مكتمله فقط انارة بالمطبخ والحمامات حوش جانبي مساحه جيده نوافذ كبيره بلكونه في غرفة الماستر ايضا جانب لغرفة الملابس مستودع ٢ صغير فالدور الارضي والدور الاول السطح غرفة غسيل وخادمه قابل للتفاوض ايجار مدة سنه فق...,166.67,New
الدمام,حي النزهة,غرب,312,0,1,5,2,1,1,0,0,1,1,1,0,1,0,1,1,0,0,80000,فيلا دبلكس للإيجار المالك مباشره الدمام النزهه الجامعيين المطلوب عقد خمس سنوات  مساحه 312 واجهه حجر انوار خارجيه لد مخفي كراج سياره مدخل نساء مدخل رجال مجلس رجال مقلط نساء غرفة طعام عدد 2صالات الدور الثاني يوجد مساحه لعمل مطبخ خدمه يميز البيت الاثاث ...,256.41,New
الدمام,حي الشعلة,شمال,355,3,2,5,2,1,1,1,1,0,1,1,0,1,0,0,1,0,0,80000,فيلا راقيه مجهزه بالمطبخ و التكييف سبليت كراج غرفه سائق غرفه خادمه,225.35,Modern
الدمام,حي المزروعية,جنوب,320,0,5,4,2,1,1,1,1,0,1,0,1,1,1,1,1,1,0,70000,يوجد ٤ دبلكسات كل واحد مستقل به كراج ومصعد وبادروم ومكيفات سبلت,218.75,New
الدمام,حي الشعلة,شرق,325,0,5,5,2,1,1,0,1,0,0,0,0,1,0,1,1,0,0,65000,دبلكس منفصل للايجار شبة جديد عمره سنه وقريب من الخدمات مطبخ راكب ٦٥ الف دفعتين و٦٠ الف دفعة,200.0,New
الدمام,حي الشاطئ الغربي,شمال,300,3,5,5,2,1,1,1,1,0,1,0,0,1,0,0,1,0,0,85000,"موقع مميز بالمجاورة الثامنة بحي الشاطئ 
 فلة جديدة بها مكيفات ومطبخ داخلي بدواليب وفرن كهربائي ومستودع والدور الاول به غرفتين ماستر وغرفتين بينهم دورة مياه وغرفة مع دورة مياه واخري صغيرة مع مكان للغسيل للخادمة بالدور الثاني",283.33,Modern
الدمام,حي ضاحية الملك فهد,شمال شرقي,250,0,5,5,2,1,1,0,0,0,0,0,0,1,0,1,0,0,0,780000,"عقارك من أختيارك بالدمام والخبر 
الان تقدر تحصل اعليي مبلغ
امكانية دمج دعم الصندوق او وزارة الاسكان 
تأمين على العقار طول مدة السداد
اعفاء من الاقساط فى حالة العجز او الوفاة (لا قدر الله)
0553083150
يوجد فلل متصله مساحه 250 متر
يوجد فلل شبه منفصل مسا...",3120.0,New
الدمام,حي النزهة,شرق,350,7,5,5,2,1,1,0,1,0,1,1,0,0,0,0,0,0,0,75000,"فيلا حي النزهة شرقيه مجدد
مكيفات راكبه",214.29,Medium
الدمام,حي الندى,شمال,355,5,7,5,2,1,1,0,0,0,1,0,0,0,0,1,1,0,0,70000,"دبلكس للإيجار مساحة
355 م مدخل خاص وكراج سياره بمظله 
عدد(8) غرف (2) ماستر وعدد (2) صالتين 
وعدد(5) حمامات +مطبخ راكب ويوجد مستودع  +مكيفات عدد(11) مكيف اسبلت ...حي راقي وجيران راقين وقريب  جداً من المسجد وجميع الخدمات والمرافق مدارس ومركز صحي وسوبرم...",197.18,Modern
الدمام,حي الشعلة,غرب,300,0,6,4,1,1,1,0,1,0,0,0,0,1,0,1,1,0,0,60000,"فيلا جديده دوبليكس للايجار 
مساحة ٣٠٠م

حي الشعلة ( الفاخرية )

مواصفات وعدد الغرف :
غرفة نوم رئيسية بدورة مياه وغرفة صغيرة ( كلوزيت روم ) تصلح تكون مخزن للملابس أو للجزم تكرمون.
+
غرفة نوم أخرى بدورة مياة داخليه خاصة
+
غرفتين نوم مستقلة
+
ملحق : غرف...",200.0,New
الدمام,حي الشعلة,غرب,345,4,5,5,2,1,1,0,0,0,0,0,0,1,0,1,0,0,0,60000,"للايجار 
دبلكس منفصل في حي الرحاب الدمام
معلوماته: 
المساحه ٣٤٥م 
الدور الارضي: استقبال 
الدور الاول: صاله وبوفيه و٤ غرف نوم ثنتين منهم ماستر.
الملحق: غرفه وحمام+ غرفة غسيل.

الإيجار ٦٠ الف. 

تحياتي ..",173.91,Modern
الدمام,حي الشعلة,جنوب,300,5,5,5,2,1,1,1,1,0,0,1,0,1,0,1,1,0,0,60000,فلة دوبلكس منفصل للايجار بمخطط  الرحاب لصيق الفاخرية  مساحتها ٣٠٠م الواجهة جنوبية الفلة نظيفة جدا تحتاج صيانة خفيفة الدور الارضي كراج و غرفة سائق حوش مجلس رجال وغرفة طعام صالة كبيرة ومدخل نساء مطبخ ودورة مياة الدور الاول اربع غرف نوم ٢ ماستر و٢ بحمام...,200.0,Modern
الدمام,حي الريان,جنوب,400,14,5,5,2,1,1,1,1,0,1,1,0,1,0,1,1,0,0,70000,"فيلا للايجار فى الدمام حى الريان 
مجلس 
مقلط بحمام 
صاله مطبخ 
حوش
مدخل سيارة 
غرف سائق 

الدور الأول
غرف مستر 
٣ غرف نوم 
الملحق غرف نوم بحمام  مع السطح
يوجد  مكيفات فى الفيلا 
مطلوب  ٧٠ الف 
الدفع نصف سنوى 
مؤسسة التطوير التنظيمى",175.0,Medium
الدمام,حي جامعة الدمام,جنوب,375,4,4,5,2,1,1,1,1,1,1,1,0,1,0,1,1,0,0,90000,فله ديلكس للايجار حي الصفا خدمات في الدور الارضي واربع غرف نوم مؤثثه,240.0,Modern
الدمام,حي الشاطئ الغربي,شرق,1000,9,5,5,5,1,1,1,1,0,1,1,1,1,0,0,1,0,0,165000,فيلا فخمة Luxury Villa جدا ونظيفة  قريبة للكورنيش فيها 3 مطابخ مجالس صالات رخام إيطالي روزا 6 أجنحة مع دورات مياة مع دواليب ثابته في الجدار  ستاير مكيف مركزي الأجنحة كل جناح مكيف منفصل كراج ياخذ اكثر من 4 سيارات تقع خلف مداس البسام للبنات الفيلا من ا...,165.0,Medium
الدمام,حي النورس,جنوب,800,0,3,5,4,1,1,1,1,1,1,0,0,1,0,0,1,0,0,150000,,187.5,New
الدمام,حي الشاطئ الغربي,شمال,365,5,4,5,2,1,1,1,1,0,0,0,0,0,0,1,1,0,0,75000,للإيجار فيلا دبلكس في حي الشاطئ الغربي . للتواصل على الرقم  0593822228,205.48,Modern
الدمام,حي الشعلة,غرب,500,0,4,5,4,1,1,1,1,0,1,0,0,1,0,0,1,0,0,115000,"فيلا جديده للإجار السنوي  داخل مجمع سكني فخم اعمار ،، 
((بحيرات الخبر ))
عبارة عن فيلا مكونه من دورين 
4 غرف نوم ماسترات وغرفة للسائق وغرفة للخادمه وصالة 
مع مطبخ متكامل
مجلس للرجال 
دورات المياة كامله عدد 5 
مكيفة تكييف مركزي بالكامل 
يوجد مساحه خلف...",230.0,New
الدمام,حي طيبة,شمال شرقي,435,9,6,5,2,1,1,0,1,1,1,1,0,1,0,0,1,0,0,60000,"بيت شمالي شرقي حي طيبه ٢٤٣ للايجار بالأثاث اوبدون - المكيفات والمطبخ راكبه الدور الاول مجلس وغرفة تحضير رجال- مطبخ ومستودع- مجلس نساء وصاله نساء كبيره. 
الدور الثاني اربع غرف نوم- ٢بحمام و٢ حمام مشترك. 
الملحق غرفه ومكان غسيل.
من الظهران اقل من ربع س...",137.93,Medium
الدمام,حي الشاطئ الغربي,شرق,300,16,3,4,2,1,1,1,0,0,1,0,0,1,0,1,1,0,0,60000,"‏فلة للإيجار في حي الشاطئ الغربي تكييف مركزي كامل راكب مكونة من ضيافة في الدور الأرضي بملحقاتها وثلاث غرف نوم في الدور العلوي بملحقاتها  مع حوش ومدخل سيارة 
‏سعر الأجار 60,000 الدفع سنوي او ستة أشهر فقط


(اعتذر عن التواصل في هذا البنامج) لقله الدخول...",200.0,Old
الدمام,حي الشاطئ الشرقي,شرق,560,11,7,5,2,1,1,0,1,1,1,1,0,1,1,0,1,0,1,105000,"فلة للايجار  ممتازة  موقع وتصميم وديكور ماشاء الله تبارك الله  ومؤثثة.

قيمة  الإيجار  مع الأثاث  ١١٠  الف ريال.
قيمة الإيجار  بدون  أثاث  ١٠٠  الف  ريال

للاستفسار  ارجو  الاتصال 
0561311115",187.5,Medium
الدمام,حي الندى,شمال,455,5,7,5,3,1,1,0,1,0,0,1,0,0,0,1,1,0,1,80000,"الفيلا تتكون من الدور الارضي 
مجلس خارجي مع دوره مياه وحوش وكراج ومجلس ومقلط ومجلس حريم ومطبخ داخلي واخارجي راكب وصاله الدور الاول يتكون من ٤  غرف نوم وصاله كلها ماستر الغرف والملحق يتكون من غرفتين وصاله وشغاله",175.82,Modern
الدمام,حي ضاحية الملك فهد,غرب,340,0,5,5,3,0,0,0,1,0,0,0,0,0,0,1,1,0,0,55000,"فيلا دوبلكس منفصلة مساحتها ٣٤٠ م ثلاث ادوار بضاحية الملك فهد الحي الثالث الرابع بالقرب من كوبري الملك عبدالعزيز
العقار جديد",161.76,New
الدمام,حي طيبة,جنوب,375,0,5,5,2,1,0,0,0,0,0,0,0,0,0,0,0,0,0,60000,"حي طيبه قريب من مسجد طيبه

دبلكس منفصل للأيجار مساحه 375

مستخدم العمر 6 سنه 
مشب خارجي + مجلس رجال مقلط 
مجلس حريم صاله مطبخ راكب 
الدور الاول 4غرف نوم 2 ماستر+ صاله
الدور الثاني غرفه خادمه غرفه غسيل + غرفه+ حمام
السعر حد 60 الف
الموقع غير دقيق",160.0,New
الدمام,حي الشعلة,جنوب,375,2,5,5,2,1,1,1,1,0,1,1,0,1,0,1,1,0,0,75000,"فيلا دبلكس للإيجار ؛مساحة البيت ٣٧٥،،
دورين مع ملحق 
صاله طعام 
مجلس للرجال والنساء ( مكيف مركزي ) 
٢صاله ( مكيف مركزي) 
٥ غرف نوم ( غرفه الماستر مكيف مركزي، باقي الغرف سبلت)
٦ دورات مياه
مطبخ
ومخزن ،،،يوجد غرفه سائق مع دوره مياه",200.0,Modern
الدمام,حي المنار,شمال شرقي,360,3,6,5,4,1,1,0,1,0,1,1,0,1,0,1,1,0,0,67000,"دبلكس في حي المنار للايجار
شارع عبدالرحمن بن عوف 
بالقرب من اسواق المزرعة و النخيل مول الدمام",186.11,Modern
الدمام,حي ضاحية الملك فهد,شمال,400,0,7,5,2,0,1,1,1,0,0,0,0,1,0,1,1,0,0,50000,"فله دوبلكس دورين جديده ولم تسكن من قبل
مساحتها 400 متر/دورين
مكانها/ضاحيه الملك فهد بالدمام
موقعها/الحي السادس الحادي عشر


1*حوش كبير جداً 
2*غرفه خارجيه 
3*الدورالاول
قسم الرجال/ مجلس رجال-مقلط لطعام-حمام
+
قسم النساء/صاله-مقلط نساء-مطبخ مدخلين من ...",125.0,New
الدمام,حي الشعلة,شمال,300,3,5,5,2,1,1,0,1,0,1,1,0,0,0,1,1,0,0,55000,"فله منفصل للايجار خلف هرفي

التفاصيل
الدور الأرضي مجلس رجال ومقلط ومجلس نساء وصاله ومطباخ
الدور الأول ٤غرف نوم ٢ ماستر روم
الدور الثاني غرفة شغاله وغرفة غسيل وسطح كبير
مكيفات راكبه ومطباخ راكب",183.33,Modern
الدمام,حي جامعة الدمام,شرق,250,5,5,5,2,1,1,0,1,0,1,1,0,1,0,1,0,0,0,55000,دوبلكس للايجار أمامي في حي الصفا بالراكه الشماليه قريب من جامعة الدمام ومعهد الدراسات الدور الأرضي يتكون من مجلس ومقلط وصاله ومطبخ ودورتين مياه مع حوش وكراج والدور الأول يتكون من أربعة غرف نوم وصاله منهم غرفتين ماستر والملحق غرفه نوم وغرفة خادمة وغرف...,220.0,Modern
الدمام,حي طيبة,شمال,375,6,5,5,2,1,1,0,1,0,0,1,0,1,0,1,1,1,1,60000,"مشب خارجي مجلس رجال مقلط صاله مجلس حريم مطبخ 
الدور الاول 
4 غرف نوم 2 منها ماستر
الدور الثاني
غرفه خادمه مع دوره مياه + غرفه غسيل +غرفه
السعر ٦٠ الف حد غير قابل للتفاوض
يقبل دفعة او دفعتين
ال٦٠ هذه غير قابلة للتفاوض",160.0,Medium
الدمام,حي طيبة,شمال,370,2,5,5,2,1,0,0,0,0,0,0,0,0,0,1,0,0,0,50000,"للايجار دبلوكس مساحة ٣٧٠ في حي طيبة مطبح راكب جاهز مع الفرن والمايكرويف 
مجلس ومقط وصالة ومطبخ 
الدور الاول 
٤غرف نوم كل غرفة حمام بانيوم وصالة 
الدور الاخير غرفة شغالة وحمام وغرفة غسيل 

قيمة الايجار ٥٠ الف قابل للتفاوض",135.14,Modern
الدمام,حي الشعلة,شمال,300,6,7,5,2,1,1,0,1,0,1,1,0,1,0,1,1,0,0,55000,"دبلكس للايجار بحي الفاخرية  مساحة 300 متر  منفصل شمالي 
يتمون من دورين و ملحق 
مطبخ راكب
مكيفات اسلبت  

السعر 55 الف ريال",183.33,Medium
الدمام,حي الفيصلية,شمال شرقي,190,0,3,4,2,1,1,0,1,0,1,0,1,1,0,1,0,0,0,65000,للإيجار فيلا  في كمباوند أكادونيا الدمام مع جميع المرافق مواصفات الفيلات والخدمات: -  الطابق الأرضي: - منطقة المعيشة وتناول الطعام + مطبخ وغرفة خادمه +مجلس +٢حمام ، الطابق الأول - 3 BDR  (غرفه ماستر  + ٢ غرفه نوم أخري ) +صاله +بلكونه  : - مكيفه بالكا...,342.11,New
الدمام,حي الندى,شمال,320,0,7,5,2,1,1,0,0,0,0,0,0,1,0,1,1,0,0,60000,"دبلكس للايجار بحي الندي مساحة 320 متر  منفصل 

الدور الارضي يتكون من مجلس رجال ومجلس حريم وصاله ومقلط و مطبخ 
الدور الاول غرفتين نوم ماستر وغرفتين نوم بحمام وصاله 

الملحق عباره عن سطح

السعر 60 الف دفعتين 
و 55 الف دفعة


0594405278",187.5,New
الدمام,حي طيبة,جنوب,300,4,1,5,2,1,0,0,0,0,0,0,0,0,0,1,0,0,0,115000,"للبيع فلة دبلوكس بالفاخرية مساحة ٣٠٠ متر 
تتكون من :---
حوش وكراج ومجلس ومقلط ومجلس حريم وصالة ومطبخ 
الدور الاول :----
4 غرف نوم 2 غرفة ماستر  2غرفة حمام مشترك وصالة 
الدور الاخير :---
غرفتين نوم مع حمام مع غرفة غسيل 
السعر :---- مليون 150  الف ريال...",383.33,Modern
الدمام,حي الندى,شمال,330,0,5,5,2,1,1,0,0,0,0,1,0,1,0,1,1,0,0,85000,فيلا للايجار مساحة 330 في حي الندى,257.58,New
الدمام,حي المنار,شمال,350,0,7,5,2,1,1,1,1,0,1,1,0,1,0,1,1,1,0,90000,"دبلكس جديد للايجار مساحه 350 متر مربع الواجهه حجر ورخام غرب الفيصليه خلف مول النخيل
‎الدور الارضي :
مجلس رجال
مقلط
مطبخ
صاله صغيره
صاله كبيره
غرفه نساء
دورتين مياه
مدخل سياره
حوش
مستودع خارجي
دوره مياه خارجيه
ديكورات جبسن بورد
مصعد مهيا للتركيب مكيفا...",257.14,New
الدمام,حي النخيل,جنوب,400,20,7,5,2,1,0,0,0,0,0,0,0,0,0,0,1,0,0,55000,"للشركات والمؤسسات فيلا دورين للايجار شارع تجاري يمكن ترخيصه كمقر شركه او مؤسسه وكذلك يمكن استئجاره سكن لموظفين الشركات 

للتواصل على الجوال لقله دخولي التطبيق
0563800022",137.5,Old
الدمام,حي الشعلة,غرب,304,0,7,5,2,1,1,0,1,0,1,0,0,1,0,1,1,0,0,60000,,197.37,New
الدمام,حي ضاحية الملك فهد,شمال,250,0,5,5,1,1,1,0,0,0,0,1,0,1,0,0,1,0,0,800000,دبلوكس في الضاحيه مكون من 3ادوار ارضي مجالس الدور الاول 4غرف نوم الملحق غرفتين نوم,3200.0,New
الدمام,حي الندى,شمال,420,5,5,5,2,1,1,0,1,0,0,0,0,1,0,0,1,0,1,70000,"دبلكس مستخدم  مجدد  بالكامل    ومطبخ  راكب  مساحة 420  متر  تشطيب راقي  وتفصيل ممتاز قريب من خدمات 
مدارس  وحديقة  
توجد.ديوانية  والسعر  أن شاء الله قابل",166.67,Modern
الدمام,حي السيف,غرب,300,11,6,5,2,1,1,1,1,0,1,1,0,1,0,1,1,0,0,75000,فلة في حي الراكة الشمالية متصلة للايجار تتكون من  صاله ومجلس  ومطبخ ومقلط وحوش وغرفة سائق وحمامين بالدور الارضي الاول يوجد ٤ غرف نوم مع صاله  الدور الاخير فيه غرفة خادمة مع حمام + سطح البيت مكيف بالكامل ومجدد الصيانه,250.0,Medium
الدمام,حي الشعلة,جنوب,300,3,4,5,4,1,1,1,1,0,1,0,0,0,0,0,1,1,0,70000,"للايجار فيلا شبه جديده  حي الشعله 
٤ غرف نوم  منهم ٢ ماستر 
مجلس ومقلط  ومطبخ 
حوش كراج 
غرفه سواق 
غرفه خادمه 
تكيف المجلس وغرفه الماستر مركزي 
باقي البيت تكيف اسبلت",233.33,Modern
الدمام,حي طيبة,شمال غربي,450,4,7,5,2,1,1,0,1,0,0,1,0,1,0,0,1,0,1,55000,"للاجار بيت في حي طيبه زاويه

مكون من 
الدور الاخير / غزفه + دورة مياه + غرفة غسيل 
الدور العلوي الاول/
٥ غرف نوم منهم واحدة ماستر + صالة
والدور الارضي مجلس ومقلط وصالة كبيره وغرفه جلوس نساء ومطبخين ومستودع 



❇️ في حالة عدم الرد او الهاتف مغلق 
يسعد...",122.22,Modern
الدمام,حي الخالدية الشمالية,شرق,400,5,7,5,2,1,1,1,1,0,1,1,0,1,0,0,1,0,1,70000,‏فلا تشطيب ديلوكس خمس غرف نوم ومجلس ومقلط وصاله تين خمس دورات مياه غرفة غسيل غرفة عاملة منزلية مع دورة مياه مطبخين كراج سيارة حوش غرفة سواق الفلة بالكامل مكيفات  مركزيه جديده,175.0,Modern
الدمام,حي المنار,جنوب,200,0,7,5,2,1,1,0,1,1,1,1,0,1,0,1,1,0,0,60000,"فيلا دبلكس متصل مساحتها 200 متر 
الفيلا جديدة لم تسكن سوى 4 اشهر تقريبا 
يوجد 3 مكيفات راكبة ويوجد مطبخ راكب بقيمة 28 الف

قيمة الايجار السنوي : 
60.000 ريال بدون الاثاث
70.000 ريال مع الاثاث
وقابل للتفاوض مع الصامل",300.0,New
الدمام,حي الاثير,شرق,205,0,3,2,1,1,1,0,0,1,1,0,1,0,0,0,0,0,0,60000,يقع مجمع العائلة في الدمام استراتيجيًا بالقرب من طريق الظهران- الجبيل السريع. تشغل أكثر من 9000 متر مربع من المباني المبنية فوق المنطقة ، يتكون العقار من أكثر من 60 فلل غير مفروشة للايجار بأسعار معقولة مع خيارين (فيلات من غرفتي نوم و 3 غرف نوم). يقدم...,292.68,New
الدمام,حي المنتزه,غرب,387,0,5,5,3,1,0,1,1,0,1,0,0,1,0,0,1,0,0,140000,"الفئه المستهدفه للتاجير:
موظفين شركات الكبرى
رجال الاعمال 


لتوضيح 140 الف دفعتين
135 الف دفعه واحده 
للجادين انا صاحب الفيلا 
واتس 0565569555",361.76,New
الدمام,حي المدينة الصناعية الثانية,جنوب,355,0,7,5,2,1,1,0,1,0,1,1,0,1,0,1,1,0,0,65000,جديدة,183.1,New
الدمام,حي الحمراء,شرق,600,9,7,5,2,1,1,1,1,1,1,1,0,1,0,0,1,1,1,85000,فلا زاويه ع كيف كيفك بحي الحمراء مع التكيف ويوجد مصعد بالفلا والتفصيل الثانيه ع الوتساب,141.67,Medium
الدمام,حي الشاطئ الغربي,شمال,380,0,5,4,1,1,1,0,1,1,1,0,0,1,0,0,0,0,0,60000,‏دور ارضي بحي الشاطئ الغربي يتكون من ثلاث غرف نوم ‏ومقلط ومجلس وغرفة شغالة واربع دورات مياه مطبخ خارجي وداخلي حوش كراج سيارة مكيفة بالكامل تكييف مركزي بدون أثاث,157.89,New
الدمام,حي المنار,شمال,350,0,7,5,3,1,1,1,1,0,0,0,0,1,0,0,1,0,0,100000,"فيلا جديدة للايجار بحي المنار  موقع ممتاز
الواجهة حجر ورخام 
قريبة من الخدمات وقريبة من النخيل مول 
تتكون من
الدور الارضي 
مجلس رجال
مقلط
مطبخ


صالة كبيرة وصالة صغيرة


غرفة نساء
دورتين مياه
مدخل سيارة
حوش بمساحة 70متر
مستودع خارجي
دورة مياه خارجية
...",285.71,New
الدمام,حي السيف,غرب,300,11,6,5,2,1,1,1,1,0,1,1,0,1,0,1,1,0,0,75000,فلة في حي الراكة الشمالية متصلة للايجار تتكون من  صاله ومجلس  ومطبخ ومقلط وحوش وغرفة سائق وحمامين بالدور الارضي الاول يوجد ٤ غرف نوم مع صاله  الدور الاخير فيه غرفة خادمة مع حمام + سطح البيت مكيف بالكامل ومجدد الصيانه,250.0,Medium
الدمام,حي الشعلة,جنوب,300,3,4,5,4,1,1,1,1,0,1,0,0,0,0,0,1,1,0,70000,"للايجار فيلا شبه جديده  حي الشعله 
٤ غرف نوم  منهم ٢ ماستر 
مجلس ومقلط  ومطبخ 
حوش كراج 
غرفه سواق 
غرفه خادمه 
تكيف المجلس وغرفه الماستر مركزي 
باقي البيت تكيف اسبلت",233.33,Modern
الدمام,حي طيبة,شمال غربي,450,4,7,5,2,1,1,0,1,0,0,1,0,1,0,0,1,0,1,55000,"للاجار بيت في حي طيبه زاويه

مكون من 
الدور الاخير / غزفه + دورة مياه + غرفة غسيل 
الدور العلوي الاول/
٥ غرف نوم منهم واحدة ماستر + صالة
والدور الارضي مجلس ومقلط وصالة كبيره وغرفه جلوس نساء ومطبخين ومستودع 



❇️ في حالة عدم الرد او الهاتف مغلق 
يسعد...",122.22,Modern
الدمام,حي الخالدية الشمالية,شرق,400,5,7,5,2,1,1,1,1,0,1,1,0,1,0,0,1,0,1,70000,‏فلا تشطيب ديلوكس خمس غرف نوم ومجلس ومقلط وصاله تين خمس دورات مياه غرفة غسيل غرفة عاملة منزلية مع دورة مياه مطبخين كراج سيارة حوش غرفة سواق الفلة بالكامل مكيفات  مركزيه جديده,175.0,Modern
الدمام,حي المنار,جنوب,200,0,7,5,2,1,1,0,1,1,1,1,0,1,0,1,1,0,0,60000,"فيلا دبلكس متصل مساحتها 200 متر 
الفيلا جديدة لم تسكن سوى 4 اشهر تقريبا 
يوجد 3 مكيفات راكبة ويوجد مطبخ راكب بقيمة 28 الف

قيمة الايجار السنوي : 
60.000 ريال بدون الاثاث
70.000 ريال مع الاثاث
وقابل للتفاوض مع الصامل",300.0,New
الدمام,حي الاثير,شرق,205,0,3,2,1,1,1,0,0,1,1,0,1,0,0,0,0,0,0,60000,يقع مجمع العائلة في الدمام استراتيجيًا بالقرب من طريق الظهران- الجبيل السريع. تشغل أكثر من 9000 متر مربع من المباني المبنية فوق المنطقة ، يتكون العقار من أكثر من 60 فلل غير مفروشة للايجار بأسعار معقولة مع خيارين (فيلات من غرفتي نوم و 3 غرف نوم). يقدم...,292.68,New
الدمام,حي المنتزه,غرب,387,0,5,5,3,1,0,1,1,0,1,0,0,1,0,0,1,0,0,140000,"الفئه المستهدفه للتاجير:
موظفين شركات الكبرى
رجال الاعمال 


لتوضيح 140 الف دفعتين
135 الف دفعه واحده 
للجادين انا صاحب الفيلا 
واتس 0565569555",361.76,New
الدمام,حي المدينة الصناعية الثانية,جنوب,355,0,7,5,2,1,1,0,1,0,1,1,0,1,0,1,1,0,0,65000,جديدة,183.1,New
الدمام,حي الحمراء,شرق,600,9,7,5,2,1,1,1,1,1,1,1,0,1,0,0,1,1,1,85000,فلا زاويه ع كيف كيفك بحي الحمراء مع التكيف ويوجد مصعد بالفلا والتفصيل الثانيه ع الوتساب,141.67,Medium
الدمام,حي الشاطئ الغربي,شمال,380,0,5,4,1,1,1,0,1,1,1,0,0,1,0,0,0,0,0,60000,‏دور ارضي بحي الشاطئ الغربي يتكون من ثلاث غرف نوم ‏ومقلط ومجلس وغرفة شغالة واربع دورات مياه مطبخ خارجي وداخلي حوش كراج سيارة مكيفة بالكامل تكييف مركزي بدون أثاث,157.89,New
الدمام,حي المنار,شمال,350,0,7,5,3,1,1,1,1,0,0,0,0,1,0,0,1,0,0,100000,"فيلا جديدة للايجار بحي المنار  موقع ممتاز
الواجهة حجر ورخام 
قريبة من الخدمات وقريبة من النخيل مول 
تتكون من
الدور الارضي 
مجلس رجال
مقلط
مطبخ


صالة كبيرة وصالة صغيرة


غرفة نساء
دورتين مياه
مدخل سيارة
حوش بمساحة 70متر
مستودع خارجي
دورة مياه خارجية
...",285.71,New
الدمام,حي السيف,غرب,300,11,6,5,2,1,1,1,1,0,1,1,0,1,0,1,1,0,0,75000,فلة في حي الراكة الشمالية متصلة للايجار تتكون من  صاله ومجلس  ومطبخ ومقلط وحوش وغرفة سائق وحمامين بالدور الارضي الاول يوجد ٤ غرف نوم مع صاله  الدور الاخير فيه غرفة خادمة مع حمام + سطح البيت مكيف بالكامل ومجدد الصيانه,250.0,Medium
الدمام,حي الشعلة,جنوب,300,3,4,5,4,1,1,1,1,0,1,0,0,0,0,0,1,1,0,70000,"للايجار فيلا شبه جديده  حي الشعله 
٤ غرف نوم  منهم ٢ ماستر 
مجلس ومقلط  ومطبخ 
حوش كراج 
غرفه سواق 
غرفه خادمه 
تكيف المجلس وغرفه الماستر مركزي 
باقي البيت تكيف اسبلت",233.33,Modern
الدمام,حي طيبة,شمال غربي,450,4,7,5,2,1,1,0,1,0,0,1,0,1,0,0,1,0,1,55000,"للاجار بيت في حي طيبه زاويه

مكون من 
الدور الاخير / غزفه + دورة مياه + غرفة غسيل 
الدور العلوي الاول/
٥ غرف نوم منهم واحدة ماستر + صالة
والدور الارضي مجلس ومقلط وصالة كبيره وغرفه جلوس نساء ومطبخين ومستودع 



❇️ في حالة عدم الرد او الهاتف مغلق 
يسعد...",122.22,Modern
الدمام,حي الخالدية الشمالية,شرق,400,5,7,5,2,1,1,1,1,0,1,1,0,1,0,0,1,0,1,70000,‏فلا تشطيب ديلوكس خمس غرف نوم ومجلس ومقلط وصاله تين خمس دورات مياه غرفة غسيل غرفة عاملة منزلية مع دورة مياه مطبخين كراج سيارة حوش غرفة سواق الفلة بالكامل مكيفات  مركزيه جديده,175.0,Modern
الدمام,حي المنار,جنوب,200,0,7,5,2,1,1,0,1,1,1,1,0,1,0,1,1,0,0,60000,"فيلا دبلكس متصل مساحتها 200 متر 
الفيلا جديدة لم تسكن سوى 4 اشهر تقريبا 
يوجد 3 مكيفات راكبة ويوجد مطبخ راكب بقيمة 28 الف

قيمة الايجار السنوي : 
60.000 ريال بدون الاثاث
70.000 ريال مع الاثاث
وقابل للتفاوض مع الصامل",300.0,New
الدمام,حي الاثير,شرق,205,0,3,2,1,1,1,0,0,1,1,0,1,0,0,0,0,0,0,60000,يقع مجمع العائلة في الدمام استراتيجيًا بالقرب من طريق الظهران- الجبيل السريع. تشغل أكثر من 9000 متر مربع من المباني المبنية فوق المنطقة ، يتكون العقار من أكثر من 60 فلل غير مفروشة للايجار بأسعار معقولة مع خيارين (فيلات من غرفتي نوم و 3 غرف نوم). يقدم...,292.68,New
الدمام,حي المنتزه,غرب,387,0,5,5,3,1,0,1,1,0,1,0,0,1,0,0,1,0,0,140000,"الفئه المستهدفه للتاجير:
موظفين شركات الكبرى
رجال الاعمال 


لتوضيح 140 الف دفعتين
135 الف دفعه واحده 
للجادين انا صاحب الفيلا 
واتس 0565569555",361.76,New
الدمام,حي المدينة الصناعية الثانية,جنوب,355,0,7,5,2,1,1,0,1,0,1,1,0,1,0,1,1,0,0,65000,جديدة,183.1,New
الدمام,حي الحمراء,شرق,600,9,7,5,2,1,1,1,1,1,1,1,0,1,0,0,1,1,1,85000,فلا زاويه ع كيف كيفك بحي الحمراء مع التكيف ويوجد مصعد بالفلا والتفصيل الثانيه ع الوتساب,141.67,Medium
الدمام,حي الشاطئ الغربي,شمال,380,0,5,4,1,1,1,0,1,1,1,0,0,1,0,0,0,0,0,60000,‏دور ارضي بحي الشاطئ الغربي يتكون من ثلاث غرف نوم ‏ومقلط ومجلس وغرفة شغالة واربع دورات مياه مطبخ خارجي وداخلي حوش كراج سيارة مكيفة بالكامل تكييف مركزي بدون أثاث,157.89,New
الدمام,حي المنار,شمال,350,0,7,5,3,1,1,1,1,0,0,0,0,1,0,0,1,0,0,100000,"فيلا جديدة للايجار بحي المنار  موقع ممتاز
الواجهة حجر ورخام 
قريبة من الخدمات وقريبة من النخيل مول 
تتكون من
الدور الارضي 
مجلس رجال
مقلط
مطبخ


صالة كبيرة وصالة صغيرة


غرفة نساء
دورتين مياه
مدخل سيارة
حوش بمساحة 70متر
مستودع خارجي
دورة مياه خارجية
...",285.71,New
الدمام,حي السيف,غرب,300,11,6,5,2,1,1,1,1,0,1,1,0,1,0,1,1,0,0,75000,فلة في حي الراكة الشمالية متصلة للايجار تتكون من  صاله ومجلس  ومطبخ ومقلط وحوش وغرفة سائق وحمامين بالدور الارضي الاول يوجد ٤ غرف نوم مع صاله  الدور الاخير فيه غرفة خادمة مع حمام + سطح البيت مكيف بالكامل ومجدد الصيانه,250.0,Medium
الدمام,حي الشعلة,جنوب,300,3,4,5,4,1,1,1,1,0,1,0,0,0,0,0,1,1,0,70000,"للايجار فيلا شبه جديده  حي الشعله 
٤ غرف نوم  منهم ٢ ماستر 
مجلس ومقلط  ومطبخ 
حوش كراج 
غرفه سواق 
غرفه خادمه 
تكيف المجلس وغرفه الماستر مركزي 
باقي البيت تكيف اسبلت",233.33,Modern
الدمام,حي طيبة,شمال غربي,450,4,7,5,2,1,1,0,1,0,0,1,0,1,0,0,1,0,1,55000,"للاجار بيت في حي طيبه زاويه

مكون من 
الدور الاخير / غزفه + دورة مياه + غرفة غسيل 
الدور العلوي الاول/
٥ غرف نوم منهم واحدة ماستر + صالة
والدور الارضي مجلس ومقلط وصالة كبيره وغرفه جلوس نساء ومطبخين ومستودع 



❇️ في حالة عدم الرد او الهاتف مغلق 
يسعد...",122.22,Modern
الدمام,حي الخالدية الشمالية,شرق,400,5,7,5,2,1,1,1,1,0,1,1,0,1,0,0,1,0,1,70000,‏فلا تشطيب ديلوكس خمس غرف نوم ومجلس ومقلط وصاله تين خمس دورات مياه غرفة غسيل غرفة عاملة منزلية مع دورة مياه مطبخين كراج سيارة حوش غرفة سواق الفلة بالكامل مكيفات  مركزيه جديده,175.0,Modern
الدمام,حي المنار,جنوب,200,0,7,5,2,1,1,0,1,1,1,1,0,1,0,1,1,0,0,60000,"فيلا دبلكس متصل مساحتها 200 متر 
الفيلا جديدة لم تسكن سوى 4 اشهر تقريبا 
يوجد 3 مكيفات راكبة ويوجد مطبخ راكب بقيمة 28 الف

قيمة الايجار السنوي : 
60.000 ريال بدون الاثاث
70.000 ريال مع الاثاث
وقابل للتفاوض مع الصامل",300.0,New
الدمام,حي الاثير,شرق,205,0,3,2,1,1,1,0,0,1,1,0,1,0,0,0,0,0,0,60000,يقع مجمع العائلة في الدمام استراتيجيًا بالقرب من طريق الظهران- الجبيل السريع. تشغل أكثر من 9000 متر مربع من المباني المبنية فوق المنطقة ، يتكون العقار من أكثر من 60 فلل غير مفروشة للايجار بأسعار معقولة مع خيارين (فيلات من غرفتي نوم و 3 غرف نوم). يقدم...,292.68,New
الدمام,حي المنتزه,غرب,387,0,5,5,3,1,0,1,1,0,1,0,0,1,0,0,1,0,0,140000,"الفئه المستهدفه للتاجير:
موظفين شركات الكبرى
رجال الاعمال 


لتوضيح 140 الف دفعتين
135 الف دفعه واحده 
للجادين انا صاحب الفيلا 
واتس 0565569555",361.76,New
الدمام,حي المدينة الصناعية الثانية,جنوب,355,0,7,5,2,1,1,0,1,0,1,1,0,1,0,1,1,0,0,65000,جديدة,183.1,New
الدمام,حي الحمراء,شرق,600,9,7,5,2,1,1,1,1,1,1,1,0,1,0,0,1,1,1,85000,فلا زاويه ع كيف كيفك بحي الحمراء مع التكيف ويوجد مصعد بالفلا والتفصيل الثانيه ع الوتساب,141.67,Medium
الدمام,حي الشاطئ الغربي,شمال,380,0,5,4,1,1,1,0,1,1,1,0,0,1,0,0,0,0,0,60000,‏دور ارضي بحي الشاطئ الغربي يتكون من ثلاث غرف نوم ‏ومقلط ومجلس وغرفة شغالة واربع دورات مياه مطبخ خارجي وداخلي حوش كراج سيارة مكيفة بالكامل تكييف مركزي بدون أثاث,157.89,New
الدمام,حي المنار,شمال,350,0,7,5,3,1,1,1,1,0,0,0,0,1,0,0,1,0,0,100000,"فيلا جديدة للايجار بحي المنار  موقع ممتاز
الواجهة حجر ورخام 
قريبة من الخدمات وقريبة من النخيل مول 
تتكون من
الدور الارضي 
مجلس رجال
مقلط
مطبخ


صالة كبيرة وصالة صغيرة


غرفة نساء
دورتين مياه
مدخل سيارة
حوش بمساحة 70متر
مستودع خارجي
دورة مياه خارجية
...",285.71,New
الدمام,حي السيف,غرب,300,11,6,5,2,1,1,1,1,0,1,1,0,1,0,1,1,0,0,75000,فلة في حي الراكة الشمالية متصلة للايجار تتكون من  صاله ومجلس  ومطبخ ومقلط وحوش وغرفة سائق وحمامين بالدور الارضي الاول يوجد ٤ غرف نوم مع صاله  الدور الاخير فيه غرفة خادمة مع حمام + سطح البيت مكيف بالكامل ومجدد الصيانه,250.0,Medium
الدمام,حي الشعلة,جنوب,300,3,4,5,4,1,1,1,1,0,1,0,0,0,0,0,1,1,0,70000,"للايجار فيلا شبه جديده  حي الشعله 
٤ غرف نوم  منهم ٢ ماستر 
مجلس ومقلط  ومطبخ 
حوش كراج 
غرفه سواق 
غرفه خادمه 
تكيف المجلس وغرفه الماستر مركزي 
باقي البيت تكيف اسبلت",233.33,Modern
الدمام,حي طيبة,شمال غربي,450,4,7,5,2,1,1,0,1,0,0,1,0,1,0,0,1,0,1,55000,"للاجار بيت في حي طيبه زاويه

مكون من 
الدور الاخير / غزفه + دورة مياه + غرفة غسيل 
الدور العلوي الاول/
٥ غرف نوم منهم واحدة ماستر + صالة
والدور الارضي مجلس ومقلط وصالة كبيره وغرفه جلوس نساء ومطبخين ومستودع 



❇️ في حالة عدم الرد او الهاتف مغلق 
يسعد...",122.22,Modern
الدمام,حي الخالدية الشمالية,شرق,400,5,7,5,2,1,1,1,1,0,1,1,0,1,0,0,1,0,1,70000,‏فلا تشطيب ديلوكس خمس غرف نوم ومجلس ومقلط وصاله تين خمس دورات مياه غرفة غسيل غرفة عاملة منزلية مع دورة مياه مطبخين كراج سيارة حوش غرفة سواق الفلة بالكامل مكيفات  مركزيه جديده,175.0,Modern
الدمام,حي المنار,جنوب,200,0,7,5,2,1,1,0,1,1,1,1,0,1,0,1,1,0,0,60000,"فيلا دبلكس متصل مساحتها 200 متر 
الفيلا جديدة لم تسكن سوى 4 اشهر تقريبا 
يوجد 3 مكيفات راكبة ويوجد مطبخ راكب بقيمة 28 الف

قيمة الايجار السنوي : 
60.000 ريال بدون الاثاث
70.000 ريال مع الاثاث
وقابل للتفاوض مع الصامل",300.0,New
الدمام,حي الاثير,شرق,205,0,3,2,1,1,1,0,0,1,1,0,1,0,0,0,0,0,0,60000,يقع مجمع العائلة في الدمام استراتيجيًا بالقرب من طريق الظهران- الجبيل السريع. تشغل أكثر من 9000 متر مربع من المباني المبنية فوق المنطقة ، يتكون العقار من أكثر من 60 فلل غير مفروشة للايجار بأسعار معقولة مع خيارين (فيلات من غرفتي نوم و 3 غرف نوم). يقدم...,292.68,New
الدمام,حي المنتزه,غرب,387,0,5,5,3,1,0,1,1,0,1,0,0,1,0,0,1,0,0,140000,"الفئه المستهدفه للتاجير:
موظفين شركات الكبرى
رجال الاعمال 


لتوضيح 140 الف دفعتين
135 الف دفعه واحده 
للجادين انا صاحب الفيلا 
واتس 0565569555",361.76,New
الدمام,حي المدينة الصناعية الثانية,جنوب,355,0,7,5,2,1,1,0,1,0,1,1,0,1,0,1,1,0,0,65000,جديدة,183.1,New
الدمام,حي الحمراء,شرق,600,9,7,5,2,1,1,1,1,1,1,1,0,1,0,0,1,1,1,85000,فلا زاويه ع كيف كيفك بحي الحمراء مع التكيف ويوجد مصعد بالفلا والتفصيل الثانيه ع الوتساب,141.67,Medium
الدمام,حي الشاطئ الغربي,شمال,380,0,5,4,1,1,1,0,1,1,1,0,0,1,0,0,0,0,0,60000,‏دور ارضي بحي الشاطئ الغربي يتكون من ثلاث غرف نوم ‏ومقلط ومجلس وغرفة شغالة واربع دورات مياه مطبخ خارجي وداخلي حوش كراج سيارة مكيفة بالكامل تكييف مركزي بدون أثاث,157.89,New
الدمام,حي المنار,شمال,350,0,7,5,3,1,1,1,1,0,0,0,0,1,0,0,1,0,0,100000,"فيلا جديدة للايجار بحي المنار  موقع ممتاز
الواجهة حجر ورخام 
قريبة من الخدمات وقريبة من النخيل مول 
تتكون من
الدور الارضي 
مجلس رجال
مقلط
مطبخ


صالة كبيرة وصالة صغيرة


غرفة نساء
دورتين مياه
مدخل سيارة
حوش بمساحة 70متر
مستودع خارجي
دورة مياه خارجية
...",285.71,New
الدمام,حي السيف,غرب,300,11,6,5,2,1,1,1,1,0,1,1,0,1,0,1,1,0,0,75000,فلة في حي الراكة الشمالية متصلة للايجار تتكون من  صاله ومجلس  ومطبخ ومقلط وحوش وغرفة سائق وحمامين بالدور الارضي الاول يوجد ٤ غرف نوم مع صاله  الدور الاخير فيه غرفة خادمة مع حمام + سطح البيت مكيف بالكامل ومجدد الصيانه,250.0,Medium
الدمام,حي الشعلة,جنوب,300,3,4,5,4,1,1,1,1,0,1,0,0,0,0,0,1,1,0,70000,"للايجار فيلا شبه جديده  حي الشعله 
٤ غرف نوم  منهم ٢ ماستر 
مجلس ومقلط  ومطبخ 
حوش كراج 
غرفه سواق 
غرفه خادمه 
تكيف المجلس وغرفه الماستر مركزي 
باقي البيت تكيف اسبلت",233.33,Modern
الدمام,حي طيبة,شمال غربي,450,4,7,5,2,1,1,0,1,0,0,1,0,1,0,0,1,0,1,55000,"للاجار بيت في حي طيبه زاويه

مكون من 
الدور الاخير / غزفه + دورة مياه + غرفة غسيل 
الدور العلوي الاول/
٥ غرف نوم منهم واحدة ماستر + صالة
والدور الارضي مجلس ومقلط وصالة كبيره وغرفه جلوس نساء ومطبخين ومستودع 



❇️ في حالة عدم الرد او الهاتف مغلق 
يسعد...",122.22,Modern
الدمام,حي الخالدية الشمالية,شرق,400,5,7,5,2,1,1,1,1,0,1,1,0,1,0,0,1,0,1,70000,‏فلا تشطيب ديلوكس خمس غرف نوم ومجلس ومقلط وصاله تين خمس دورات مياه غرفة غسيل غرفة عاملة منزلية مع دورة مياه مطبخين كراج سيارة حوش غرفة سواق الفلة بالكامل مكيفات  مركزيه جديده,175.0,Modern
الدمام,حي المنار,جنوب,200,0,7,5,2,1,1,0,1,1,1,1,0,1,0,1,1,0,0,60000,"فيلا دبلكس متصل مساحتها 200 متر 
الفيلا جديدة لم تسكن سوى 4 اشهر تقريبا 
يوجد 3 مكيفات راكبة ويوجد مطبخ راكب بقيمة 28 الف

قيمة الايجار السنوي : 
60.000 ريال بدون الاثاث
70.000 ريال مع الاثاث
وقابل للتفاوض مع الصامل",300.0,New
الدمام,حي الاثير,شرق,205,0,3,2,1,1,1,0,0,1,1,0,1,0,0,0,0,0,0,60000,يقع مجمع العائلة في الدمام استراتيجيًا بالقرب من طريق الظهران- الجبيل السريع. تشغل أكثر من 9000 متر مربع من المباني المبنية فوق المنطقة ، يتكون العقار من أكثر من 60 فلل غير مفروشة للايجار بأسعار معقولة مع خيارين (فيلات من غرفتي نوم و 3 غرف نوم). يقدم...,292.68,New
الدمام,حي المنتزه,غرب,387,0,5,5,3,1,0,1,1,0,1,0,0,1,0,0,1,0,0,140000,"الفئه المستهدفه للتاجير:
موظفين شركات الكبرى
رجال الاعمال 


لتوضيح 140 الف دفعتين
135 الف دفعه واحده 
للجادين انا صاحب الفيلا 
واتس 0565569555",361.76,New
الدمام,حي المدينة الصناعية الثانية,جنوب,355,0,7,5,2,1,1,0,1,0,1,1,0,1,0,1,1,0,0,65000,جديدة,183.1,New
الدمام,حي الحمراء,شرق,600,9,7,5,2,1,1,1,1,1,1,1,0,1,0,0,1,1,1,85000,فلا زاويه ع كيف كيفك بحي الحمراء مع التكيف ويوجد مصعد بالفلا والتفصيل الثانيه ع الوتساب,141.67,Medium
الدمام,حي الشاطئ الغربي,شمال,380,0,5,4,1,1,1,0,1,1,1,0,0,1,0,0,0,0,0,60000,‏دور ارضي بحي الشاطئ الغربي يتكون من ثلاث غرف نوم ‏ومقلط ومجلس وغرفة شغالة واربع دورات مياه مطبخ خارجي وداخلي حوش كراج سيارة مكيفة بالكامل تكييف مركزي بدون أثاث,157.89,New
الدمام,حي المنار,شمال,350,0,7,5,3,1,1,1,1,0,0,0,0,1,0,0,1,0,0,100000,"فيلا جديدة للايجار بحي المنار  موقع ممتاز
الواجهة حجر ورخام 
قريبة من الخدمات وقريبة من النخيل مول 
تتكون من
الدور الارضي 
مجلس رجال
مقلط
مطبخ


صالة كبيرة وصالة صغيرة


غرفة نساء
دورتين مياه
مدخل سيارة
حوش بمساحة 70متر
مستودع خارجي
دورة مياه خارجية
...",285.71,New
الدمام,حي السيف,غرب,300,11,6,5,2,1,1,1,1,0,1,1,0,1,0,1,1,0,0,75000,فلة في حي الراكة الشمالية متصلة للايجار تتكون من  صاله ومجلس  ومطبخ ومقلط وحوش وغرفة سائق وحمامين بالدور الارضي الاول يوجد ٤ غرف نوم مع صاله  الدور الاخير فيه غرفة خادمة مع حمام + سطح البيت مكيف بالكامل ومجدد الصيانه,250.0,Medium
الدمام,حي الشعلة,جنوب,300,3,4,5,4,1,1,1,1,0,1,0,0,0,0,0,1,1,0,70000,"للايجار فيلا شبه جديده  حي الشعله 
٤ غرف نوم  منهم ٢ ماستر 
مجلس ومقلط  ومطبخ 
حوش كراج 
غرفه سواق 
غرفه خادمه 
تكيف المجلس وغرفه الماستر مركزي 
باقي البيت تكيف اسبلت",233.33,Modern
الدمام,حي طيبة,شمال غربي,450,4,7,5,2,1,1,0,1,0,0,1,0,1,0,0,1,0,1,55000,"للاجار بيت في حي طيبه زاويه

مكون من 
الدور الاخير / غزفه + دورة مياه + غرفة غسيل 
الدور العلوي الاول/
٥ غرف نوم منهم واحدة ماستر + صالة
والدور الارضي مجلس ومقلط وصالة كبيره وغرفه جلوس نساء ومطبخين ومستودع 



❇️ في حالة عدم الرد او الهاتف مغلق 
يسعد...",122.22,Modern
الدمام,حي الخالدية الشمالية,شرق,400,5,7,5,2,1,1,1,1,0,1,1,0,1,0,0,1,0,1,70000,‏فلا تشطيب ديلوكس خمس غرف نوم ومجلس ومقلط وصاله تين خمس دورات مياه غرفة غسيل غرفة عاملة منزلية مع دورة مياه مطبخين كراج سيارة حوش غرفة سواق الفلة بالكامل مكيفات  مركزيه جديده,175.0,Modern
الدمام,حي المنار,جنوب,200,0,7,5,2,1,1,0,1,1,1,1,0,1,0,1,1,0,0,60000,"فيلا دبلكس متصل مساحتها 200 متر 
الفيلا جديدة لم تسكن سوى 4 اشهر تقريبا 
يوجد 3 مكيفات راكبة ويوجد مطبخ راكب بقيمة 28 الف

قيمة الايجار السنوي : 
60.000 ريال بدون الاثاث
70.000 ريال مع الاثاث
وقابل للتفاوض مع الصامل",300.0,New
الدمام,حي الاثير,شرق,205,0,3,2,1,1,1,0,0,1,1,0,1,0,0,0,0,0,0,60000,يقع مجمع العائلة في الدمام استراتيجيًا بالقرب من طريق الظهران- الجبيل السريع. تشغل أكثر من 9000 متر مربع من المباني المبنية فوق المنطقة ، يتكون العقار من أكثر من 60 فلل غير مفروشة للايجار بأسعار معقولة مع خيارين (فيلات من غرفتي نوم و 3 غرف نوم). يقدم...,292.68,New
الدمام,حي المنتزه,غرب,387,0,5,5,3,1,0,1,1,0,1,0,0,1,0,0,1,0,0,140000,"الفئه المستهدفه للتاجير:
موظفين شركات الكبرى
رجال الاعمال 


لتوضيح 140 الف دفعتين
135 الف دفعه واحده 
للجادين انا صاحب الفيلا 
واتس 0565569555",361.76,New
الدمام,حي المدينة الصناعية الثانية,جنوب,355,0,7,5,2,1,1,0,1,0,1,1,0,1,0,1,1,0,0,65000,جديدة,183.1,New
الدمام,حي الحمراء,شرق,600,9,7,5,2,1,1,1,1,1,1,1,0,1,0,0,1,1,1,85000,فلا زاويه ع كيف كيفك بحي الحمراء مع التكيف ويوجد مصعد بالفلا والتفصيل الثانيه ع الوتساب,141.67,Medium
الدمام,حي الشاطئ الغربي,شمال,380,0,5,4,1,1,1,0,1,1,1,0,0,1,0,0,0,0,0,60000,‏دور ارضي بحي الشاطئ الغربي يتكون من ثلاث غرف نوم ‏ومقلط ومجلس وغرفة شغالة واربع دورات مياه مطبخ خارجي وداخلي حوش كراج سيارة مكيفة بالكامل تكييف مركزي بدون أثاث,157.89,New
الدمام,حي المنار,شمال,350,0,7,5,3,1,1,1,1,0,0,0,0,1,0,0,1,0,0,100000,"فيلا جديدة للايجار بحي المنار  موقع ممتاز
الواجهة حجر ورخام 
قريبة من الخدمات وقريبة من النخيل مول 
تتكون من
الدور الارضي 
مجلس رجال
مقلط
مطبخ


صالة كبيرة وصالة صغيرة


غرفة نساء
دورتين مياه
مدخل سيارة
حوش بمساحة 70متر
مستودع خارجي
دورة مياه خارجية
...",285.71,New
الدمام,حي السيف,غرب,300,11,6,5,2,1,1,1,1,0,1,1,0,1,0,1,1,0,0,75000,فلة في حي الراكة الشمالية متصلة للايجار تتكون من  صاله ومجلس  ومطبخ ومقلط وحوش وغرفة سائق وحمامين بالدور الارضي الاول يوجد ٤ غرف نوم مع صاله  الدور الاخير فيه غرفة خادمة مع حمام + سطح البيت مكيف بالكامل ومجدد الصيانه,250.0,Medium
الدمام,حي الشعلة,جنوب,300,3,4,5,4,1,1,1,1,0,1,0,0,0,0,0,1,1,0,70000,"للايجار فيلا شبه جديده  حي الشعله 
٤ غرف نوم  منهم ٢ ماستر 
مجلس ومقلط  ومطبخ 
حوش كراج 
غرفه سواق 
غرفه خادمه 
تكيف المجلس وغرفه الماستر مركزي 
باقي البيت تكيف اسبلت",233.33,Modern
الدمام,حي طيبة,شمال غربي,450,4,7,5,2,1,1,0,1,0,0,1,0,1,0,0,1,0,1,55000,"للاجار بيت في حي طيبه زاويه

مكون من 
الدور الاخير / غزفه + دورة مياه + غرفة غسيل 
الدور العلوي الاول/
٥ غرف نوم منهم واحدة ماستر + صالة
والدور الارضي مجلس ومقلط وصالة كبيره وغرفه جلوس نساء ومطبخين ومستودع 



❇️ في حالة عدم الرد او الهاتف مغلق 
يسعد...",122.22,Modern
الدمام,حي الخالدية الشمالية,شرق,400,5,7,5,2,1,1,1,1,0,1,1,0,1,0,0,1,0,1,70000,‏فلا تشطيب ديلوكس خمس غرف نوم ومجلس ومقلط وصاله تين خمس دورات مياه غرفة غسيل غرفة عاملة منزلية مع دورة مياه مطبخين كراج سيارة حوش غرفة سواق الفلة بالكامل مكيفات  مركزيه جديده,175.0,Modern
الدمام,حي المنار,جنوب,200,0,7,5,2,1,1,0,1,1,1,1,0,1,0,1,1,0,0,60000,"فيلا دبلكس متصل مساحتها 200 متر 
الفيلا جديدة لم تسكن سوى 4 اشهر تقريبا 
يوجد 3 مكيفات راكبة ويوجد مطبخ راكب بقيمة 28 الف

قيمة الايجار السنوي : 
60.000 ريال بدون الاثاث
70.000 ريال مع الاثاث
وقابل للتفاوض مع الصامل",300.0,New
الدمام,حي الاثير,شرق,205,0,3,2,1,1,1,0,0,1,1,0,1,0,0,0,0,0,0,60000,يقع مجمع العائلة في الدمام استراتيجيًا بالقرب من طريق الظهران- الجبيل السريع. تشغل أكثر من 9000 متر مربع من المباني المبنية فوق المنطقة ، يتكون العقار من أكثر من 60 فلل غير مفروشة للايجار بأسعار معقولة مع خيارين (فيلات من غرفتي نوم و 3 غرف نوم). يقدم...,292.68,New
الدمام,حي المنتزه,غرب,387,0,5,5,3,1,0,1,1,0,1,0,0,1,0,0,1,0,0,140000,"الفئه المستهدفه للتاجير:
موظفين شركات الكبرى
رجال الاعمال 


لتوضيح 140 الف دفعتين
135 الف دفعه واحده 
للجادين انا صاحب الفيلا 
واتس 0565569555",361.76,New
الدمام,حي المدينة الصناعية الثانية,جنوب,355,0,7,5,2,1,1,0,1,0,1,1,0,1,0,1,1,0,0,65000,جديدة,183.1,New
الدمام,حي الحمراء,شرق,600,9,7,5,2,1,1,1,1,1,1,1,0,1,0,0,1,1,1,85000,فلا زاويه ع كيف كيفك بحي الحمراء مع التكيف ويوجد مصعد بالفلا والتفصيل الثانيه ع الوتساب,141.67,Medium
الدمام,حي الشاطئ الغربي,شمال,380,0,5,4,1,1,1,0,1,1,1,0,0,1,0,0,0,0,0,60000,‏دور ارضي بحي الشاطئ الغربي يتكون من ثلاث غرف نوم ‏ومقلط ومجلس وغرفة شغالة واربع دورات مياه مطبخ خارجي وداخلي حوش كراج سيارة مكيفة بالكامل تكييف مركزي بدون أثاث,157.89,New
الدمام,حي المنار,شمال,350,0,7,5,3,1,1,1,1,0,0,0,0,1,0,0,1,0,0,100000,"فيلا جديدة للايجار بحي المنار  موقع ممتاز
الواجهة حجر ورخام 
قريبة من الخدمات وقريبة من النخيل مول 
تتكون من
الدور الارضي 
مجلس رجال
مقلط
مطبخ


صالة كبيرة وصالة صغيرة


غرفة نساء
دورتين مياه
مدخل سيارة
حوش بمساحة 70متر
مستودع خارجي
دورة مياه خارجية
...",285.71,New
الدمام,حي السيف,غرب,300,11,6,5,2,1,1,1,1,0,1,1,0,1,0,1,1,0,0,75000,فلة في حي الراكة الشمالية متصلة للايجار تتكون من  صاله ومجلس  ومطبخ ومقلط وحوش وغرفة سائق وحمامين بالدور الارضي الاول يوجد ٤ غرف نوم مع صاله  الدور الاخير فيه غرفة خادمة مع حمام + سطح البيت مكيف بالكامل ومجدد الصيانه,250.0,Medium
الدمام,حي الشعلة,جنوب,300,3,4,5,4,1,1,1,1,0,1,0,0,0,0,0,1,1,0,70000,"للايجار فيلا شبه جديده  حي الشعله 
٤ غرف نوم  منهم ٢ ماستر 
مجلس ومقلط  ومطبخ 
حوش كراج 
غرفه سواق 
غرفه خادمه 
تكيف المجلس وغرفه الماستر مركزي 
باقي البيت تكيف اسبلت",233.33,Modern
الدمام,حي طيبة,شمال غربي,450,4,7,5,2,1,1,0,1,0,0,1,0,1,0,0,1,0,1,55000,"للاجار بيت في حي طيبه زاويه

مكون من 
الدور الاخير / غزفه + دورة مياه + غرفة غسيل 
الدور العلوي الاول/
٥ غرف نوم منهم واحدة ماستر + صالة
والدور الارضي مجلس ومقلط وصالة كبيره وغرفه جلوس نساء ومطبخين ومستودع 



❇️ في حالة عدم الرد او الهاتف مغلق 
يسعد...",122.22,Modern
الدمام,حي الخالدية الشمالية,شرق,400,5,7,5,2,1,1,1,1,0,1,1,0,1,0,0,1,0,1,70000,‏فلا تشطيب ديلوكس خمس غرف نوم ومجلس ومقلط وصاله تين خمس دورات مياه غرفة غسيل غرفة عاملة منزلية مع دورة مياه مطبخين كراج سيارة حوش غرفة سواق الفلة بالكامل مكيفات  مركزيه جديده,175.0,Modern
الدمام,حي المنار,جنوب,200,0,7,5,2,1,1,0,1,1,1,1,0,1,0,1,1,0,0,60000,"فيلا دبلكس متصل مساحتها 200 متر 
الفيلا جديدة لم تسكن سوى 4 اشهر تقريبا 
يوجد 3 مكيفات راكبة ويوجد مطبخ راكب بقيمة 28 الف

قيمة الايجار السنوي : 
60.000 ريال بدون الاثاث
70.000 ريال مع الاثاث
وقابل للتفاوض مع الصامل",300.0,New
الدمام,حي الاثير,شرق,205,0,3,2,1,1,1,0,0,1,1,0,1,0,0,0,0,0,0,60000,يقع مجمع العائلة في الدمام استراتيجيًا بالقرب من طريق الظهران- الجبيل السريع. تشغل أكثر من 9000 متر مربع من المباني المبنية فوق المنطقة ، يتكون العقار من أكثر من 60 فلل غير مفروشة للايجار بأسعار معقولة مع خيارين (فيلات من غرفتي نوم و 3 غرف نوم). يقدم...,292.68,New
الدمام,حي المنتزه,غرب,387,0,5,5,3,1,0,1,1,0,1,0,0,1,0,0,1,0,0,140000,"الفئه المستهدفه للتاجير:
موظفين شركات الكبرى
رجال الاعمال 


لتوضيح 140 الف دفعتين
135 الف دفعه واحده 
للجادين انا صاحب الفيلا 
واتس 0565569555",361.76,New
الدمام,حي المدينة الصناعية الثانية,جنوب,355,0,7,5,2,1,1,0,1,0,1,1,0,1,0,1,1,0,0,65000,جديدة,183.1,New
الدمام,حي الحمراء,شرق,600,9,7,5,2,1,1,1,1,1,1,1,0,1,0,0,1,1,1,85000,فلا زاويه ع كيف كيفك بحي الحمراء مع التكيف ويوجد مصعد بالفلا والتفصيل الثانيه ع الوتساب,141.67,Medium
الدمام,حي الشاطئ الغربي,شمال,380,0,5,4,1,1,1,0,1,1,1,0,0,1,0,0,0,0,0,60000,‏دور ارضي بحي الشاطئ الغربي يتكون من ثلاث غرف نوم ‏ومقلط ومجلس وغرفة شغالة واربع دورات مياه مطبخ خارجي وداخلي حوش كراج سيارة مكيفة بالكامل تكييف مركزي بدون أثاث,157.89,New
الدمام,حي المنار,شمال,350,0,7,5,3,1,1,1,1,0,0,0,0,1,0,0,1,0,0,100000,"فيلا جديدة للايجار بحي المنار  موقع ممتاز
الواجهة حجر ورخام 
قريبة من الخدمات وقريبة من النخيل مول 
تتكون من
الدور الارضي 
مجلس رجال
مقلط
مطبخ


صالة كبيرة وصالة صغيرة


غرفة نساء
دورتين مياه
مدخل سيارة
حوش بمساحة 70متر
مستودع خارجي
دورة مياه خارجية
...",285.71,New
الدمام,حي السيف,غرب,300,11,6,5,2,1,1,1,1,0,1,1,0,1,0,1,1,0,0,75000,فلة في حي الراكة الشمالية متصلة للايجار تتكون من  صاله ومجلس  ومطبخ ومقلط وحوش وغرفة سائق وحمامين بالدور الارضي الاول يوجد ٤ غرف نوم مع صاله  الدور الاخير فيه غرفة خادمة مع حمام + سطح البيت مكيف بالكامل ومجدد الصيانه,250.0,Medium
الدمام,حي الشعلة,جنوب,300,3,4,5,4,1,1,1,1,0,1,0,0,0,0,0,1,1,0,70000,"للايجار فيلا شبه جديده  حي الشعله 
٤ غرف نوم  منهم ٢ ماستر 
مجلس ومقلط  ومطبخ 
حوش كراج 
غرفه سواق 
غرفه خادمه 
تكيف المجلس وغرفه الماستر مركزي 
باقي البيت تكيف اسبلت",233.33,Modern
الدمام,حي طيبة,شمال غربي,450,4,7,5,2,1,1,0,1,0,0,1,0,1,0,0,1,0,1,55000,"للاجار بيت في حي طيبه زاويه

مكون من 
الدور الاخير / غزفه + دورة مياه + غرفة غسيل 
الدور العلوي الاول/
٥ غرف نوم منهم واحدة ماستر + صالة
والدور الارضي مجلس ومقلط وصالة كبيره وغرفه جلوس نساء ومطبخين ومستودع 



❇️ في حالة عدم الرد او الهاتف مغلق 
يسعد...",122.22,Modern
الدمام,حي الخالدية الشمالية,شرق,400,5,7,5,2,1,1,1,1,0,1,1,0,1,0,0,1,0,1,70000,‏فلا تشطيب ديلوكس خمس غرف نوم ومجلس ومقلط وصاله تين خمس دورات مياه غرفة غسيل غرفة عاملة منزلية مع دورة مياه مطبخين كراج سيارة حوش غرفة سواق الفلة بالكامل مكيفات  مركزيه جديده,175.0,Modern
الدمام,حي المنار,جنوب,200,0,7,5,2,1,1,0,1,1,1,1,0,1,0,1,1,0,0,60000,"فيلا دبلكس متصل مساحتها 200 متر 
الفيلا جديدة لم تسكن سوى 4 اشهر تقريبا 
يوجد 3 مكيفات راكبة ويوجد مطبخ راكب بقيمة 28 الف

قيمة الايجار السنوي : 
60.000 ريال بدون الاثاث
70.000 ريال مع الاثاث
وقابل للتفاوض مع الصامل",300.0,New
الدمام,حي الاثير,شرق,205,0,3,2,1,1,1,0,0,1,1,0,1,0,0,0,0,0,0,60000,يقع مجمع العائلة في الدمام استراتيجيًا بالقرب من طريق الظهران- الجبيل السريع. تشغل أكثر من 9000 متر مربع من المباني المبنية فوق المنطقة ، يتكون العقار من أكثر من 60 فلل غير مفروشة للايجار بأسعار معقولة مع خيارين (فيلات من غرفتي نوم و 3 غرف نوم). يقدم...,292.68,New
الدمام,حي المنتزه,غرب,387,0,5,5,3,1,0,1,1,0,1,0,0,1,0,0,1,0,0,140000,"الفئه المستهدفه للتاجير:
موظفين شركات الكبرى
رجال الاعمال 


لتوضيح 140 الف دفعتين
135 الف دفعه واحده 
للجادين انا صاحب الفيلا 
واتس 0565569555",361.76,New
الدمام,حي المدينة الصناعية الثانية,جنوب,355,0,7,5,2,1,1,0,1,0,1,1,0,1,0,1,1,0,0,65000,جديدة,183.1,New
الدمام,حي الحمراء,شرق,600,9,7,5,2,1,1,1,1,1,1,1,0,1,0,0,1,1,1,85000,فلا زاويه ع كيف كيفك بحي الحمراء مع التكيف ويوجد مصعد بالفلا والتفصيل الثانيه ع الوتساب,141.67,Medium
الدمام,حي الشاطئ الغربي,شمال,380,0,5,4,1,1,1,0,1,1,1,0,0,1,0,0,0,0,0,60000,‏دور ارضي بحي الشاطئ الغربي يتكون من ثلاث غرف نوم ‏ومقلط ومجلس وغرفة شغالة واربع دورات مياه مطبخ خارجي وداخلي حوش كراج سيارة مكيفة بالكامل تكييف مركزي بدون أثاث,157.89,New
الدمام,حي المنار,شمال,350,0,7,5,3,1,1,1,1,0,0,0,0,1,0,0,1,0,0,100000,"فيلا جديدة للايجار بحي المنار  موقع ممتاز
الواجهة حجر ورخام 
قريبة من الخدمات وقريبة من النخيل مول 
تتكون من
الدور الارضي 
مجلس رجال
مقلط
مطبخ


صالة كبيرة وصالة صغيرة


غرفة نساء
دورتين مياه
مدخل سيارة
حوش بمساحة 70متر
مستودع خارجي
دورة مياه خارجية
...",285.71,New
الدمام,حي السيف,غرب,300,11,6,5,2,1,1,1,1,0,1,1,0,1,0,1,1,0,0,75000,فلة في حي الراكة الشمالية متصلة للايجار تتكون من  صاله ومجلس  ومطبخ ومقلط وحوش وغرفة سائق وحمامين بالدور الارضي الاول يوجد ٤ غرف نوم مع صاله  الدور الاخير فيه غرفة خادمة مع حمام + سطح البيت مكيف بالكامل ومجدد الصيانه,250.0,Medium
الدمام,حي الشعلة,جنوب,300,3,4,5,4,1,1,1,1,0,1,0,0,0,0,0,1,1,0,70000,"للايجار فيلا شبه جديده  حي الشعله 
٤ غرف نوم  منهم ٢ ماستر 
مجلس ومقلط  ومطبخ 
حوش كراج 
غرفه سواق 
غرفه خادمه 
تكيف المجلس وغرفه الماستر مركزي 
باقي البيت تكيف اسبلت",233.33,Modern
الدمام,حي طيبة,شمال غربي,450,4,7,5,2,1,1,0,1,0,0,1,0,1,0,0,1,0,1,55000,"للاجار بيت في حي طيبه زاويه

مكون من 
الدور الاخير / غزفه + دورة مياه + غرفة غسيل 
الدور العلوي الاول/
٥ غرف نوم منهم واحدة ماستر + صالة
والدور الارضي مجلس ومقلط وصالة كبيره وغرفه جلوس نساء ومطبخين ومستودع 



❇️ في حالة عدم الرد او الهاتف مغلق 
يسعد...",122.22,Modern
الدمام,حي الخالدية الشمالية,شرق,400,5,7,5,2,1,1,1,1,0,1,1,0,1,0,0,1,0,1,70000,‏فلا تشطيب ديلوكس خمس غرف نوم ومجلس ومقلط وصاله تين خمس دورات مياه غرفة غسيل غرفة عاملة منزلية مع دورة مياه مطبخين كراج سيارة حوش غرفة سواق الفلة بالكامل مكيفات  مركزيه جديده,175.0,Modern
الدمام,حي المنار,جنوب,200,0,7,5,2,1,1,0,1,1,1,1,0,1,0,1,1,0,0,60000,"فيلا دبلكس متصل مساحتها 200 متر 
الفيلا جديدة لم تسكن سوى 4 اشهر تقريبا 
يوجد 3 مكيفات راكبة ويوجد مطبخ راكب بقيمة 28 الف

قيمة الايجار السنوي : 
60.000 ريال بدون الاثاث
70.000 ريال مع الاثاث
وقابل للتفاوض مع الصامل",300.0,New
الدمام,حي الاثير,شرق,205,0,3,2,1,1,1,0,0,1,1,0,1,0,0,0,0,0,0,60000,يقع مجمع العائلة في الدمام استراتيجيًا بالقرب من طريق الظهران- الجبيل السريع. تشغل أكثر من 9000 متر مربع من المباني المبنية فوق المنطقة ، يتكون العقار من أكثر من 60 فلل غير مفروشة للايجار بأسعار معقولة مع خيارين (فيلات من غرفتي نوم و 3 غرف نوم). يقدم...,292.68,New
الدمام,حي المنتزه,غرب,387,0,5,5,3,1,0,1,1,0,1,0,0,1,0,0,1,0,0,140000,"الفئه المستهدفه للتاجير:
موظفين شركات الكبرى
رجال الاعمال 


لتوضيح 140 الف دفعتين
135 الف دفعه واحده 
للجادين انا صاحب الفيلا 
واتس 0565569555",361.76,New
الدمام,حي المدينة الصناعية الثانية,جنوب,355,0,7,5,2,1,1,0,1,0,1,1,0,1,0,1,1,0,0,65000,جديدة,183.1,New
الدمام,حي الحمراء,شرق,600,9,7,5,2,1,1,1,1,1,1,1,0,1,0,0,1,1,1,85000,فلا زاويه ع كيف كيفك بحي الحمراء مع التكيف ويوجد مصعد بالفلا والتفصيل الثانيه ع الوتساب,141.67,Medium
الدمام,حي الشاطئ الغربي,شمال,380,0,5,4,1,1,1,0,1,1,1,0,0,1,0,0,0,0,0,60000,‏دور ارضي بحي الشاطئ الغربي يتكون من ثلاث غرف نوم ‏ومقلط ومجلس وغرفة شغالة واربع دورات مياه مطبخ خارجي وداخلي حوش كراج سيارة مكيفة بالكامل تكييف مركزي بدون أثاث,157.89,New
الدمام,حي المنار,شمال,350,0,7,5,3,1,1,1,1,0,0,0,0,1,0,0,1,0,0,100000,"فيلا جديدة للايجار بحي المنار  موقع ممتاز
الواجهة حجر ورخام 
قريبة من الخدمات وقريبة من النخيل مول 
تتكون من
الدور الارضي 
مجلس رجال
مقلط
مطبخ


صالة كبيرة وصالة صغيرة


غرفة نساء
دورتين مياه
مدخل سيارة
حوش بمساحة 70متر
مستودع خارجي
دورة مياه خارجية
...",285.71,New
الدمام,حي السيف,غرب,300,11,6,5,2,1,1,1,1,0,1,1,0,1,0,1,1,0,0,75000,فلة في حي الراكة الشمالية متصلة للايجار تتكون من  صاله ومجلس  ومطبخ ومقلط وحوش وغرفة سائق وحمامين بالدور الارضي الاول يوجد ٤ غرف نوم مع صاله  الدور الاخير فيه غرفة خادمة مع حمام + سطح البيت مكيف بالكامل ومجدد الصيانه,250.0,Medium
الدمام,حي الشعلة,جنوب,300,3,4,5,4,1,1,1,1,0,1,0,0,0,0,0,1,1,0,70000,"للايجار فيلا شبه جديده  حي الشعله 
٤ غرف نوم  منهم ٢ ماستر 
مجلس ومقلط  ومطبخ 
حوش كراج 
غرفه سواق 
غرفه خادمه 
تكيف المجلس وغرفه الماستر مركزي 
باقي البيت تكيف اسبلت",233.33,Modern
الدمام,حي طيبة,شمال غربي,450,4,7,5,2,1,1,0,1,0,0,1,0,1,0,0,1,0,1,55000,"للاجار بيت في حي طيبه زاويه

مكون من 
الدور الاخير / غزفه + دورة مياه + غرفة غسيل 
الدور العلوي الاول/
٥ غرف نوم منهم واحدة ماستر + صالة
والدور الارضي مجلس ومقلط وصالة كبيره وغرفه جلوس نساء ومطبخين ومستودع 



❇️ في حالة عدم الرد او الهاتف مغلق 
يسعد...",122.22,Modern
الدمام,حي الخالدية الشمالية,شرق,400,5,7,5,2,1,1,1,1,0,1,1,0,1,0,0,1,0,1,70000,‏فلا تشطيب ديلوكس خمس غرف نوم ومجلس ومقلط وصاله تين خمس دورات مياه غرفة غسيل غرفة عاملة منزلية مع دورة مياه مطبخين كراج سيارة حوش غرفة سواق الفلة بالكامل مكيفات  مركزيه جديده,175.0,Modern
الدمام,حي المنار,جنوب,200,0,7,5,2,1,1,0,1,1,1,1,0,1,0,1,1,0,0,60000,"فيلا دبلكس متصل مساحتها 200 متر 
الفيلا جديدة لم تسكن سوى 4 اشهر تقريبا 
يوجد 3 مكيفات راكبة ويوجد مطبخ راكب بقيمة 28 الف

قيمة الايجار السنوي : 
60.000 ريال بدون الاثاث
70.000 ريال مع الاثاث
وقابل للتفاوض مع الصامل",300.0,New
الدمام,حي الاثير,شرق,205,0,3,2,1,1,1,0,0,1,1,0,1,0,0,0,0,0,0,60000,يقع مجمع العائلة في الدمام استراتيجيًا بالقرب من طريق الظهران- الجبيل السريع. تشغل أكثر من 9000 متر مربع من المباني المبنية فوق المنطقة ، يتكون العقار من أكثر من 60 فلل غير مفروشة للايجار بأسعار معقولة مع خيارين (فيلات من غرفتي نوم و 3 غرف نوم). يقدم...,292.68,New
الدمام,حي المنتزه,غرب,387,0,5,5,3,1,0,1,1,0,1,0,0,1,0,0,1,0,0,140000,"الفئه المستهدفه للتاجير:
موظفين شركات الكبرى
رجال الاعمال 


لتوضيح 140 الف دفعتين
135 الف دفعه واحده 
للجادين انا صاحب الفيلا 
واتس 0565569555",361.76,New
الدمام,حي المدينة الصناعية الثانية,جنوب,355,0,7,5,2,1,1,0,1,0,1,1,0,1,0,1,1,0,0,65000,جديدة,183.1,New
الدمام,حي الحمراء,شرق,600,9,7,5,2,1,1,1,1,1,1,1,0,1,0,0,1,1,1,85000,فلا زاويه ع كيف كيفك بحي الحمراء مع التكيف ويوجد مصعد بالفلا والتفصيل الثانيه ع الوتساب,141.67,Medium
الدمام,حي الشاطئ الغربي,شمال,380,0,5,4,1,1,1,0,1,1,1,0,0,1,0,0,0,0,0,60000,‏دور ارضي بحي الشاطئ الغربي يتكون من ثلاث غرف نوم ‏ومقلط ومجلس وغرفة شغالة واربع دورات مياه مطبخ خارجي وداخلي حوش كراج سيارة مكيفة بالكامل تكييف مركزي بدون أثاث,157.89,New
الدمام,حي المنار,شمال,350,0,7,5,3,1,1,1,1,0,0,0,0,1,0,0,1,0,0,100000,"فيلا جديدة للايجار بحي المنار  موقع ممتاز
الواجهة حجر ورخام 
قريبة من الخدمات وقريبة من النخيل مول 
تتكون من
الدور الارضي 
مجلس رجال
مقلط
مطبخ


صالة كبيرة وصالة صغيرة


غرفة نساء
دورتين مياه
مدخل سيارة
حوش بمساحة 70متر
مستودع خارجي
دورة مياه خارجية
...",285.71,New
الدمام,حي السيف,غرب,300,11,6,5,2,1,1,1,1,0,1,1,0,1,0,1,1,0,0,75000,فلة في حي الراكة الشمالية متصلة للايجار تتكون من  صاله ومجلس  ومطبخ ومقلط وحوش وغرفة سائق وحمامين بالدور الارضي الاول يوجد ٤ غرف نوم مع صاله  الدور الاخير فيه غرفة خادمة مع حمام + سطح البيت مكيف بالكامل ومجدد الصيانه,250.0,Medium
الدمام,حي الشعلة,جنوب,300,3,4,5,4,1,1,1,1,0,1,0,0,0,0,0,1,1,0,70000,"للايجار فيلا شبه جديده  حي الشعله 
٤ غرف نوم  منهم ٢ ماستر 
مجلس ومقلط  ومطبخ 
حوش كراج 
غرفه سواق 
غرفه خادمه 
تكيف المجلس وغرفه الماستر مركزي 
باقي البيت تكيف اسبلت",233.33,Modern
الدمام,حي طيبة,شمال غربي,450,4,7,5,2,1,1,0,1,0,0,1,0,1,0,0,1,0,1,55000,"للاجار بيت في حي طيبه زاويه

مكون من 
الدور الاخير / غزفه + دورة مياه + غرفة غسيل 
الدور العلوي الاول/
٥ غرف نوم منهم واحدة ماستر + صالة
والدور الارضي مجلس ومقلط وصالة كبيره وغرفه جلوس نساء ومطبخين ومستودع 



❇️ في حالة عدم الرد او الهاتف مغلق 
يسعد...",122.22,Modern
الدمام,حي الخالدية الشمالية,شرق,400,5,7,5,2,1,1,1,1,0,1,1,0,1,0,0,1,0,1,70000,‏فلا تشطيب ديلوكس خمس غرف نوم ومجلس ومقلط وصاله تين خمس دورات مياه غرفة غسيل غرفة عاملة منزلية مع دورة مياه مطبخين كراج سيارة حوش غرفة سواق الفلة بالكامل مكيفات  مركزيه جديده,175.0,Modern
الدمام,حي المنار,جنوب,200,0,7,5,2,1,1,0,1,1,1,1,0,1,0,1,1,0,0,60000,"فيلا دبلكس متصل مساحتها 200 متر 
الفيلا جديدة لم تسكن سوى 4 اشهر تقريبا 
يوجد 3 مكيفات راكبة ويوجد مطبخ راكب بقيمة 28 الف

قيمة الايجار السنوي : 
60.000 ريال بدون الاثاث
70.000 ريال مع الاثاث
وقابل للتفاوض مع الصامل",300.0,New
الدمام,حي الاثير,شرق,205,0,3,2,1,1,1,0,0,1,1,0,1,0,0,0,0,0,0,60000,يقع مجمع العائلة في الدمام استراتيجيًا بالقرب من طريق الظهران- الجبيل السريع. تشغل أكثر من 9000 متر مربع من المباني المبنية فوق المنطقة ، يتكون العقار من أكثر من 60 فلل غير مفروشة للايجار بأسعار معقولة مع خيارين (فيلات من غرفتي نوم و 3 غرف نوم). يقدم...,292.68,New
الدمام,حي المنتزه,غرب,387,0,5,5,3,1,0,1,1,0,1,0,0,1,0,0,1,0,0,140000,"الفئه المستهدفه للتاجير:
موظفين شركات الكبرى
رجال الاعمال 


لتوضيح 140 الف دفعتين
135 الف دفعه واحده 
للجادين انا صاحب الفيلا 
واتس 0565569555",361.76,New
الدمام,حي المدينة الصناعية الثانية,جنوب,355,0,7,5,2,1,1,0,1,0,1,1,0,1,0,1,1,0,0,65000,جديدة,183.1,New
الدمام,حي الحمراء,شرق,600,9,7,5,2,1,1,1,1,1,1,1,0,1,0,0,1,1,1,85000,فلا زاويه ع كيف كيفك بحي الحمراء مع التكيف ويوجد مصعد بالفلا والتفصيل الثانيه ع الوتساب,141.67,Medium
الدمام,حي الشاطئ الغربي,شمال,380,0,5,4,1,1,1,0,1,1,1,0,0,1,0,0,0,0,0,60000,‏دور ارضي بحي الشاطئ الغربي يتكون من ثلاث غرف نوم ‏ومقلط ومجلس وغرفة شغالة واربع دورات مياه مطبخ خارجي وداخلي حوش كراج سيارة مكيفة بالكامل تكييف مركزي بدون أثاث,157.89,New
الدمام,حي المنار,شمال,350,0,7,5,3,1,1,1,1,0,0,0,0,1,0,0,1,0,0,100000,"فيلا جديدة للايجار بحي المنار  موقع ممتاز
الواجهة حجر ورخام 
قريبة من الخدمات وقريبة من النخيل مول 
تتكون من
الدور الارضي 
مجلس رجال
مقلط
مطبخ


صالة كبيرة وصالة صغيرة


غرفة نساء
دورتين مياه
مدخل سيارة
حوش بمساحة 70متر
مستودع خارجي
دورة مياه خارجية
...",285.71,New
الدمام,حي السيف,غرب,300,11,6,5,2,1,1,1,1,0,1,1,0,1,0,1,1,0,0,75000,فلة في حي الراكة الشمالية متصلة للايجار تتكون من  صاله ومجلس  ومطبخ ومقلط وحوش وغرفة سائق وحمامين بالدور الارضي الاول يوجد ٤ غرف نوم مع صاله  الدور الاخير فيه غرفة خادمة مع حمام + سطح البيت مكيف بالكامل ومجدد الصيانه,250.0,Medium
الدمام,حي الشعلة,جنوب,300,3,4,5,4,1,1,1,1,0,1,0,0,0,0,0,1,1,0,70000,"للايجار فيلا شبه جديده  حي الشعله 
٤ غرف نوم  منهم ٢ ماستر 
مجلس ومقلط  ومطبخ 
حوش كراج 
غرفه سواق 
غرفه خادمه 
تكيف المجلس وغرفه الماستر مركزي 
باقي البيت تكيف اسبلت",233.33,Modern
الدمام,حي طيبة,شمال غربي,450,4,7,5,2,1,1,0,1,0,0,1,0,1,0,0,1,0,1,55000,"للاجار بيت في حي طيبه زاويه

مكون من 
الدور الاخير / غزفه + دورة مياه + غرفة غسيل 
الدور العلوي الاول/
٥ غرف نوم منهم واحدة ماستر + صالة
والدور الارضي مجلس ومقلط وصالة كبيره وغرفه جلوس نساء ومطبخين ومستودع 



❇️ في حالة عدم الرد او الهاتف مغلق 
يسعد...",122.22,Modern
الدمام,حي الخالدية الشمالية,شرق,400,5,7,5,2,1,1,1,1,0,1,1,0,1,0,0,1,0,1,70000,‏فلا تشطيب ديلوكس خمس غرف نوم ومجلس ومقلط وصاله تين خمس دورات مياه غرفة غسيل غرفة عاملة منزلية مع دورة مياه مطبخين كراج سيارة حوش غرفة سواق الفلة بالكامل مكيفات  مركزيه جديده,175.0,Modern
الدمام,حي المنار,جنوب,200,0,7,5,2,1,1,0,1,1,1,1,0,1,0,1,1,0,0,60000,"فيلا دبلكس متصل مساحتها 200 متر 
الفيلا جديدة لم تسكن سوى 4 اشهر تقريبا 
يوجد 3 مكيفات راكبة ويوجد مطبخ راكب بقيمة 28 الف

قيمة الايجار السنوي : 
60.000 ريال بدون الاثاث
70.000 ريال مع الاثاث
وقابل للتفاوض مع الصامل",300.0,New
الدمام,حي الاثير,شرق,205,0,3,2,1,1,1,0,0,1,1,0,1,0,0,0,0,0,0,60000,يقع مجمع العائلة في الدمام استراتيجيًا بالقرب من طريق الظهران- الجبيل السريع. تشغل أكثر من 9000 متر مربع من المباني المبنية فوق المنطقة ، يتكون العقار من أكثر من 60 فلل غير مفروشة للايجار بأسعار معقولة مع خيارين (فيلات من غرفتي نوم و 3 غرف نوم). يقدم...,292.68,New
الدمام,حي المنتزه,غرب,387,0,5,5,3,1,0,1,1,0,1,0,0,1,0,0,1,0,0,140000,"الفئه المستهدفه للتاجير:
موظفين شركات الكبرى
رجال الاعمال 


لتوضيح 140 الف دفعتين
135 الف دفعه واحده 
للجادين انا صاحب الفيلا 
واتس 0565569555",361.76,New
الدمام,حي المدينة الصناعية الثانية,جنوب,355,0,7,5,2,1,1,0,1,0,1,1,0,1,0,1,1,0,0,65000,جديدة,183.1,New
الدمام,حي الحمراء,شرق,600,9,7,5,2,1,1,1,1,1,1,1,0,1,0,0,1,1,1,85000,فلا زاويه ع كيف كيفك بحي الحمراء مع التكيف ويوجد مصعد بالفلا والتفصيل الثانيه ع الوتساب,141.67,Medium
الدمام,حي الشاطئ الغربي,شمال,380,0,5,4,1,1,1,0,1,1,1,0,0,1,0,0,0,0,0,60000,‏دور ارضي بحي الشاطئ الغربي يتكون من ثلاث غرف نوم ‏ومقلط ومجلس وغرفة شغالة واربع دورات مياه مطبخ خارجي وداخلي حوش كراج سيارة مكيفة بالكامل تكييف مركزي بدون أثاث,157.89,New
الدمام,حي المنار,شمال,350,0,7,5,3,1,1,1,1,0,0,0,0,1,0,0,1,0,0,100000,"فيلا جديدة للايجار بحي المنار  موقع ممتاز
الواجهة حجر ورخام 
قريبة من الخدمات وقريبة من النخيل مول 
تتكون من
الدور الارضي 
مجلس رجال
مقلط
مطبخ


صالة كبيرة وصالة صغيرة


غرفة نساء
دورتين مياه
مدخل سيارة
حوش بمساحة 70متر
مستودع خارجي
دورة مياه خارجية
...",285.71,New
الدمام,حي السيف,غرب,300,11,6,5,2,1,1,1,1,0,1,1,0,1,0,1,1,0,0,75000,فلة في حي الراكة الشمالية متصلة للايجار تتكون من  صاله ومجلس  ومطبخ ومقلط وحوش وغرفة سائق وحمامين بالدور الارضي الاول يوجد ٤ غرف نوم مع صاله  الدور الاخير فيه غرفة خادمة مع حمام + سطح البيت مكيف بالكامل ومجدد الصيانه,250.0,Medium
الدمام,حي الشعلة,جنوب,300,3,4,5,4,1,1,1,1,0,1,0,0,0,0,0,1,1,0,70000,"للايجار فيلا شبه جديده  حي الشعله 
٤ غرف نوم  منهم ٢ ماستر 
مجلس ومقلط  ومطبخ 
حوش كراج 
غرفه سواق 
غرفه خادمه 
تكيف المجلس وغرفه الماستر مركزي 
باقي البيت تكيف اسبلت",233.33,Modern
الدمام,حي طيبة,شمال غربي,450,4,7,5,2,1,1,0,1,0,0,1,0,1,0,0,1,0,1,55000,"للاجار بيت في حي طيبه زاويه

مكون من 
الدور الاخير / غزفه + دورة مياه + غرفة غسيل 
الدور العلوي الاول/
٥ غرف نوم منهم واحدة ماستر + صالة
والدور الارضي مجلس ومقلط وصالة كبيره وغرفه جلوس نساء ومطبخين ومستودع 



❇️ في حالة عدم الرد او الهاتف مغلق 
يسعد...",122.22,Modern
الدمام,حي الخالدية الشمالية,شرق,400,5,7,5,2,1,1,1,1,0,1,1,0,1,0,0,1,0,1,70000,‏فلا تشطيب ديلوكس خمس غرف نوم ومجلس ومقلط وصاله تين خمس دورات مياه غرفة غسيل غرفة عاملة منزلية مع دورة مياه مطبخين كراج سيارة حوش غرفة سواق الفلة بالكامل مكيفات  مركزيه جديده,175.0,Modern
الدمام,حي المنار,جنوب,200,0,7,5,2,1,1,0,1,1,1,1,0,1,0,1,1,0,0,60000,"فيلا دبلكس متصل مساحتها 200 متر 
الفيلا جديدة لم تسكن سوى 4 اشهر تقريبا 
يوجد 3 مكيفات راكبة ويوجد مطبخ راكب بقيمة 28 الف

قيمة الايجار السنوي : 
60.000 ريال بدون الاثاث
70.000 ريال مع الاثاث
وقابل للتفاوض مع الصامل",300.0,New
الدمام,حي الاثير,شرق,205,0,3,2,1,1,1,0,0,1,1,0,1,0,0,0,0,0,0,60000,يقع مجمع العائلة في الدمام استراتيجيًا بالقرب من طريق الظهران- الجبيل السريع. تشغل أكثر من 9000 متر مربع من المباني المبنية فوق المنطقة ، يتكون العقار من أكثر من 60 فلل غير مفروشة للايجار بأسعار معقولة مع خيارين (فيلات من غرفتي نوم و 3 غرف نوم). يقدم...,292.68,New
الدمام,حي المنتزه,غرب,387,0,5,5,3,1,0,1,1,0,1,0,0,1,0,0,1,0,0,140000,"الفئه المستهدفه للتاجير:
موظفين شركات الكبرى
رجال الاعمال 


لتوضيح 140 الف دفعتين
135 الف دفعه واحده 
للجادين انا صاحب الفيلا 
واتس 0565569555",361.76,New
الدمام,حي المدينة الصناعية الثانية,جنوب,355,0,7,5,2,1,1,0,1,0,1,1,0,1,0,1,1,0,0,65000,جديدة,183.1,New
الدمام,حي الحمراء,شرق,600,9,7,5,2,1,1,1,1,1,1,1,0,1,0,0,1,1,1,85000,فلا زاويه ع كيف كيفك بحي الحمراء مع التكيف ويوجد مصعد بالفلا والتفصيل الثانيه ع الوتساب,141.67,Medium
الدمام,حي الشاطئ الغربي,شمال,380,0,5,4,1,1,1,0,1,1,1,0,0,1,0,0,0,0,0,60000,‏دور ارضي بحي الشاطئ الغربي يتكون من ثلاث غرف نوم ‏ومقلط ومجلس وغرفة شغالة واربع دورات مياه مطبخ خارجي وداخلي حوش كراج سيارة مكيفة بالكامل تكييف مركزي بدون أثاث,157.89,New
الدمام,حي المنار,شمال,350,0,7,5,3,1,1,1,1,0,0,0,0,1,0,0,1,0,0,100000,"فيلا جديدة للايجار بحي المنار  موقع ممتاز
الواجهة حجر ورخام 
قريبة من الخدمات وقريبة من النخيل مول 
تتكون من
الدور الارضي 
مجلس رجال
مقلط
مطبخ


صالة كبيرة وصالة صغيرة


غرفة نساء
دورتين مياه
مدخل سيارة
حوش بمساحة 70متر
مستودع خارجي
دورة مياه خارجية
...",285.71,New
الدمام,حي السيف,غرب,300,11,6,5,2,1,1,1,1,0,1,1,0,1,0,1,1,0,0,75000,فلة في حي الراكة الشمالية متصلة للايجار تتكون من  صاله ومجلس  ومطبخ ومقلط وحوش وغرفة سائق وحمامين بالدور الارضي الاول يوجد ٤ غرف نوم مع صاله  الدور الاخير فيه غرفة خادمة مع حمام + سطح البيت مكيف بالكامل ومجدد الصيانه,250.0,Medium
الدمام,حي الشعلة,جنوب,300,3,4,5,4,1,1,1,1,0,1,0,0,0,0,0,1,1,0,70000,"للايجار فيلا شبه جديده  حي الشعله 
٤ غرف نوم  منهم ٢ ماستر 
مجلس ومقلط  ومطبخ 
حوش كراج 
غرفه سواق 
غرفه خادمه 
تكيف المجلس وغرفه الماستر مركزي 
باقي البيت تكيف اسبلت",233.33,Modern
الدمام,حي طيبة,شمال غربي,450,4,7,5,2,1,1,0,1,0,0,1,0,1,0,0,1,0,1,55000,"للاجار بيت في حي طيبه زاويه

مكون من 
الدور الاخير / غزفه + دورة مياه + غرفة غسيل 
الدور العلوي الاول/
٥ غرف نوم منهم واحدة ماستر + صالة
والدور الارضي مجلس ومقلط وصالة كبيره وغرفه جلوس نساء ومطبخين ومستودع 



❇️ في حالة عدم الرد او الهاتف مغلق 
يسعد...",122.22,Modern
الدمام,حي الخالدية الشمالية,شرق,400,5,7,5,2,1,1,1,1,0,1,1,0,1,0,0,1,0,1,70000,‏فلا تشطيب ديلوكس خمس غرف نوم ومجلس ومقلط وصاله تين خمس دورات مياه غرفة غسيل غرفة عاملة منزلية مع دورة مياه مطبخين كراج سيارة حوش غرفة سواق الفلة بالكامل مكيفات  مركزيه جديده,175.0,Modern
الدمام,حي المنار,جنوب,200,0,7,5,2,1,1,0,1,1,1,1,0,1,0,1,1,0,0,60000,"فيلا دبلكس متصل مساحتها 200 متر 
الفيلا جديدة لم تسكن سوى 4 اشهر تقريبا 
يوجد 3 مكيفات راكبة ويوجد مطبخ راكب بقيمة 28 الف

قيمة الايجار السنوي : 
60.000 ريال بدون الاثاث
70.000 ريال مع الاثاث
وقابل للتفاوض مع الصامل",300.0,New
الدمام,حي الاثير,شرق,205,0,3,2,1,1,1,0,0,1,1,0,1,0,0,0,0,0,0,60000,يقع مجمع العائلة في الدمام استراتيجيًا بالقرب من طريق الظهران- الجبيل السريع. تشغل أكثر من 9000 متر مربع من المباني المبنية فوق المنطقة ، يتكون العقار من أكثر من 60 فلل غير مفروشة للايجار بأسعار معقولة مع خيارين (فيلات من غرفتي نوم و 3 غرف نوم). يقدم...,292.68,New
الدمام,حي المنتزه,غرب,387,0,5,5,3,1,0,1,1,0,1,0,0,1,0,0,1,0,0,140000,"الفئه المستهدفه للتاجير:
موظفين شركات الكبرى
رجال الاعمال 


لتوضيح 140 الف دفعتين
135 الف دفعه واحده 
للجادين انا صاحب الفيلا 
واتس 0565569555",361.76,New
الدمام,حي المدينة الصناعية الثانية,جنوب,355,0,7,5,2,1,1,0,1,0,1,1,0,1,0,1,1,0,0,65000,جديدة,183.1,New
الدمام,حي الحمراء,شرق,600,9,7,5,2,1,1,1,1,1,1,1,0,1,0,0,1,1,1,85000,فلا زاويه ع كيف كيفك بحي الحمراء مع التكيف ويوجد مصعد بالفلا والتفصيل الثانيه ع الوتساب,141.67,Medium
الدمام,حي الشاطئ الغربي,شمال,380,0,5,4,1,1,1,0,1,1,1,0,0,1,0,0,0,0,0,60000,‏دور ارضي بحي الشاطئ الغربي يتكون من ثلاث غرف نوم ‏ومقلط ومجلس وغرفة شغالة واربع دورات مياه مطبخ خارجي وداخلي حوش كراج سيارة مكيفة بالكامل تكييف مركزي بدون أثاث,157.89,New
الدمام,حي المنار,شمال,350,0,7,5,3,1,1,1,1,0,0,0,0,1,0,0,1,0,0,100000,"فيلا جديدة للايجار بحي المنار  موقع ممتاز
الواجهة حجر ورخام 
قريبة من الخدمات وقريبة من النخيل مول 
تتكون من
الدور الارضي 
مجلس رجال
مقلط
مطبخ


صالة كبيرة وصالة صغيرة


غرفة نساء
دورتين مياه
مدخل سيارة
حوش بمساحة 70متر
مستودع خارجي
دورة مياه خارجية
...",285.71,New
الدمام,حي السيف,غرب,300,11,6,5,2,1,1,1,1,0,1,1,0,1,0,1,1,0,0,75000,فلة في حي الراكة الشمالية متصلة للايجار تتكون من  صاله ومجلس  ومطبخ ومقلط وحوش وغرفة سائق وحمامين بالدور الارضي الاول يوجد ٤ غرف نوم مع صاله  الدور الاخير فيه غرفة خادمة مع حمام + سطح البيت مكيف بالكامل ومجدد الصيانه,250.0,Medium
الدمام,حي الشعلة,جنوب,300,3,4,5,4,1,1,1,1,0,1,0,0,0,0,0,1,1,0,70000,"للايجار فيلا شبه جديده  حي الشعله 
٤ غرف نوم  منهم ٢ ماستر 
مجلس ومقلط  ومطبخ 
حوش كراج 
غرفه سواق 
غرفه خادمه 
تكيف المجلس وغرفه الماستر مركزي 
باقي البيت تكيف اسبلت",233.33,Modern
الدمام,حي طيبة,شمال غربي,450,4,7,5,2,1,1,0,1,0,0,1,0,1,0,0,1,0,1,55000,"للاجار بيت في حي طيبه زاويه

مكون من 
الدور الاخير / غزفه + دورة مياه + غرفة غسيل 
الدور العلوي الاول/
٥ غرف نوم منهم واحدة ماستر + صالة
والدور الارضي مجلس ومقلط وصالة كبيره وغرفه جلوس نساء ومطبخين ومستودع 



❇️ في حالة عدم الرد او الهاتف مغلق 
يسعد...",122.22,Modern
الدمام,حي الخالدية الشمالية,شرق,400,5,7,5,2,1,1,1,1,0,1,1,0,1,0,0,1,0,1,70000,‏فلا تشطيب ديلوكس خمس غرف نوم ومجلس ومقلط وصاله تين خمس دورات مياه غرفة غسيل غرفة عاملة منزلية مع دورة مياه مطبخين كراج سيارة حوش غرفة سواق الفلة بالكامل مكيفات  مركزيه جديده,175.0,Modern
الدمام,حي المنار,جنوب,200,0,7,5,2,1,1,0,1,1,1,1,0,1,0,1,1,0,0,60000,"فيلا دبلكس متصل مساحتها 200 متر 
الفيلا جديدة لم تسكن سوى 4 اشهر تقريبا 
يوجد 3 مكيفات راكبة ويوجد مطبخ راكب بقيمة 28 الف

قيمة الايجار السنوي : 
60.000 ريال بدون الاثاث
70.000 ريال مع الاثاث
وقابل للتفاوض مع الصامل",300.0,New
الدمام,حي الاثير,شرق,205,0,3,2,1,1,1,0,0,1,1,0,1,0,0,0,0,0,0,60000,يقع مجمع العائلة في الدمام استراتيجيًا بالقرب من طريق الظهران- الجبيل السريع. تشغل أكثر من 9000 متر مربع من المباني المبنية فوق المنطقة ، يتكون العقار من أكثر من 60 فلل غير مفروشة للايجار بأسعار معقولة مع خيارين (فيلات من غرفتي نوم و 3 غرف نوم). يقدم...,292.68,New
الدمام,حي المنتزه,غرب,387,0,5,5,3,1,0,1,1,0,1,0,0,1,0,0,1,0,0,140000,"الفئه المستهدفه للتاجير:
موظفين شركات الكبرى
رجال الاعمال 


لتوضيح 140 الف دفعتين
135 الف دفعه واحده 
للجادين انا صاحب الفيلا 
واتس 0565569555",361.76,New
الدمام,حي المدينة الصناعية الثانية,جنوب,355,0,7,5,2,1,1,0,1,0,1,1,0,1,0,1,1,0,0,65000,جديدة,183.1,New
الدمام,حي الحمراء,شرق,600,9,7,5,2,1,1,1,1,1,1,1,0,1,0,0,1,1,1,85000,فلا زاويه ع كيف كيفك بحي الحمراء مع التكيف ويوجد مصعد بالفلا والتفصيل الثانيه ع الوتساب,141.67,Medium
الدمام,حي الشاطئ الغربي,شمال,380,0,5,4,1,1,1,0,1,1,1,0,0,1,0,0,0,0,0,60000,‏دور ارضي بحي الشاطئ الغربي يتكون من ثلاث غرف نوم ‏ومقلط ومجلس وغرفة شغالة واربع دورات مياه مطبخ خارجي وداخلي حوش كراج سيارة مكيفة بالكامل تكييف مركزي بدون أثاث,157.89,New
الدمام,حي المنار,شمال,350,0,7,5,3,1,1,1,1,0,0,0,0,1,0,0,1,0,0,100000,"فيلا جديدة للايجار بحي المنار  موقع ممتاز
الواجهة حجر ورخام 
قريبة من الخدمات وقريبة من النخيل مول 
تتكون من
الدور الارضي 
مجلس رجال
مقلط
مطبخ


صالة كبيرة وصالة صغيرة


غرفة نساء
دورتين مياه
مدخل سيارة
حوش بمساحة 70متر
مستودع خارجي
دورة مياه خارجية
...",285.71,New
الدمام,حي السيف,غرب,300,11,6,5,2,1,1,1,1,0,1,1,0,1,0,1,1,0,0,75000,فلة في حي الراكة الشمالية متصلة للايجار تتكون من  صاله ومجلس  ومطبخ ومقلط وحوش وغرفة سائق وحمامين بالدور الارضي الاول يوجد ٤ غرف نوم مع صاله  الدور الاخير فيه غرفة خادمة مع حمام + سطح البيت مكيف بالكامل ومجدد الصيانه,250.0,Medium
الدمام,حي الشعلة,جنوب,300,3,4,5,4,1,1,1,1,0,1,0,0,0,0,0,1,1,0,70000,"للايجار فيلا شبه جديده  حي الشعله 
٤ غرف نوم  منهم ٢ ماستر 
مجلس ومقلط  ومطبخ 
حوش كراج 
غرفه سواق 
غرفه خادمه 
تكيف المجلس وغرفه الماستر مركزي 
باقي البيت تكيف اسبلت",233.33,Modern
الدمام,حي طيبة,شمال غربي,450,4,7,5,2,1,1,0,1,0,0,1,0,1,0,0,1,0,1,55000,"للاجار بيت في حي طيبه زاويه

مكون من 
الدور الاخير / غزفه + دورة مياه + غرفة غسيل 
الدور العلوي الاول/
٥ غرف نوم منهم واحدة ماستر + صالة
والدور الارضي مجلس ومقلط وصالة كبيره وغرفه جلوس نساء ومطبخين ومستودع 



❇️ في حالة عدم الرد او الهاتف مغلق 
يسعد...",122.22,Modern
الدمام,حي الخالدية الشمالية,شرق,400,5,7,5,2,1,1,1,1,0,1,1,0,1,0,0,1,0,1,70000,‏فلا تشطيب ديلوكس خمس غرف نوم ومجلس ومقلط وصاله تين خمس دورات مياه غرفة غسيل غرفة عاملة منزلية مع دورة مياه مطبخين كراج سيارة حوش غرفة سواق الفلة بالكامل مكيفات  مركزيه جديده,175.0,Modern
الدمام,حي المنار,جنوب,200,0,7,5,2,1,1,0,1,1,1,1,0,1,0,1,1,0,0,60000,"فيلا دبلكس متصل مساحتها 200 متر 
الفيلا جديدة لم تسكن سوى 4 اشهر تقريبا 
يوجد 3 مكيفات راكبة ويوجد مطبخ راكب بقيمة 28 الف

قيمة الايجار السنوي : 
60.000 ريال بدون الاثاث
70.000 ريال مع الاثاث
وقابل للتفاوض مع الصامل",300.0,New
الدمام,حي الاثير,شرق,205,0,3,2,1,1,1,0,0,1,1,0,1,0,0,0,0,0,0,60000,يقع مجمع العائلة في الدمام استراتيجيًا بالقرب من طريق الظهران- الجبيل السريع. تشغل أكثر من 9000 متر مربع من المباني المبنية فوق المنطقة ، يتكون العقار من أكثر من 60 فلل غير مفروشة للايجار بأسعار معقولة مع خيارين (فيلات من غرفتي نوم و 3 غرف نوم). يقدم...,292.68,New
الدمام,حي المنتزه,غرب,387,0,5,5,3,1,0,1,1,0,1,0,0,1,0,0,1,0,0,140000,"الفئه المستهدفه للتاجير:
موظفين شركات الكبرى
رجال الاعمال 


لتوضيح 140 الف دفعتين
135 الف دفعه واحده 
للجادين انا صاحب الفيلا 
واتس 0565569555",361.76,New
الدمام,حي المدينة الصناعية الثانية,جنوب,355,0,7,5,2,1,1,0,1,0,1,1,0,1,0,1,1,0,0,65000,جديدة,183.1,New
الدمام,حي الحمراء,شرق,600,9,7,5,2,1,1,1,1,1,1,1,0,1,0,0,1,1,1,85000,فلا زاويه ع كيف كيفك بحي الحمراء مع التكيف ويوجد مصعد بالفلا والتفصيل الثانيه ع الوتساب,141.67,Medium
الدمام,حي الشاطئ الغربي,شمال,380,0,5,4,1,1,1,0,1,1,1,0,0,1,0,0,0,0,0,60000,‏دور ارضي بحي الشاطئ الغربي يتكون من ثلاث غرف نوم ‏ومقلط ومجلس وغرفة شغالة واربع دورات مياه مطبخ خارجي وداخلي حوش كراج سيارة مكيفة بالكامل تكييف مركزي بدون أثاث,157.89,New
الدمام,حي المنار,شمال,350,0,7,5,3,1,1,1,1,0,0,0,0,1,0,0,1,0,0,100000,"فيلا جديدة للايجار بحي المنار  موقع ممتاز
الواجهة حجر ورخام 
قريبة من الخدمات وقريبة من النخيل مول 
تتكون من
الدور الارضي 
مجلس رجال
مقلط
مطبخ


صالة كبيرة وصالة صغيرة


غرفة نساء
دورتين مياه
مدخل سيارة
حوش بمساحة 70متر
مستودع خارجي
دورة مياه خارجية
...",285.71,New
الدمام,حي السيف,غرب,300,11,6,5,2,1,1,1,1,0,1,1,0,1,0,1,1,0,0,75000,فلة في حي الراكة الشمالية متصلة للايجار تتكون من  صاله ومجلس  ومطبخ ومقلط وحوش وغرفة سائق وحمامين بالدور الارضي الاول يوجد ٤ غرف نوم مع صاله  الدور الاخير فيه غرفة خادمة مع حمام + سطح البيت مكيف بالكامل ومجدد الصيانه,250.0,Medium
الدمام,حي الشعلة,جنوب,300,3,4,5,4,1,1,1,1,0,1,0,0,0,0,0,1,1,0,70000,"للايجار فيلا شبه جديده  حي الشعله 
٤ غرف نوم  منهم ٢ ماستر 
مجلس ومقلط  ومطبخ 
حوش كراج 
غرفه سواق 
غرفه خادمه 
تكيف المجلس وغرفه الماستر مركزي 
باقي البيت تكيف اسبلت",233.33,Modern
الدمام,حي طيبة,شمال غربي,450,4,7,5,2,1,1,0,1,0,0,1,0,1,0,0,1,0,1,55000,"للاجار بيت في حي طيبه زاويه

مكون من 
الدور الاخير / غزفه + دورة مياه + غرفة غسيل 
الدور العلوي الاول/
٥ غرف نوم منهم واحدة ماستر + صالة
والدور الارضي مجلس ومقلط وصالة كبيره وغرفه جلوس نساء ومطبخين ومستودع 



❇️ في حالة عدم الرد او الهاتف مغلق 
يسعد...",122.22,Modern
الدمام,حي الخالدية الشمالية,شرق,400,5,7,5,2,1,1,1,1,0,1,1,0,1,0,0,1,0,1,70000,‏فلا تشطيب ديلوكس خمس غرف نوم ومجلس ومقلط وصاله تين خمس دورات مياه غرفة غسيل غرفة عاملة منزلية مع دورة مياه مطبخين كراج سيارة حوش غرفة سواق الفلة بالكامل مكيفات  مركزيه جديده,175.0,Modern
الدمام,حي المنار,جنوب,200,0,7,5,2,1,1,0,1,1,1,1,0,1,0,1,1,0,0,60000,"فيلا دبلكس متصل مساحتها 200 متر 
الفيلا جديدة لم تسكن سوى 4 اشهر تقريبا 
يوجد 3 مكيفات راكبة ويوجد مطبخ راكب بقيمة 28 الف

قيمة الايجار السنوي : 
60.000 ريال بدون الاثاث
70.000 ريال مع الاثاث
وقابل للتفاوض مع الصامل",300.0,New
الدمام,حي الاثير,شرق,205,0,3,2,1,1,1,0,0,1,1,0,1,0,0,0,0,0,0,60000,يقع مجمع العائلة في الدمام استراتيجيًا بالقرب من طريق الظهران- الجبيل السريع. تشغل أكثر من 9000 متر مربع من المباني المبنية فوق المنطقة ، يتكون العقار من أكثر من 60 فلل غير مفروشة للايجار بأسعار معقولة مع خيارين (فيلات من غرفتي نوم و 3 غرف نوم). يقدم...,292.68,New
الدمام,حي المنتزه,غرب,387,0,5,5,3,1,0,1,1,0,1,0,0,1,0,0,1,0,0,140000,"الفئه المستهدفه للتاجير:
موظفين شركات الكبرى
رجال الاعمال 


لتوضيح 140 الف دفعتين
135 الف دفعه واحده 
للجادين انا صاحب الفيلا 
واتس 0565569555",361.76,New
الدمام,حي المدينة الصناعية الثانية,جنوب,355,0,7,5,2,1,1,0,1,0,1,1,0,1,0,1,1,0,0,65000,جديدة,183.1,New
الدمام,حي الحمراء,شرق,600,9,7,5,2,1,1,1,1,1,1,1,0,1,0,0,1,1,1,85000,فلا زاويه ع كيف كيفك بحي الحمراء مع التكيف ويوجد مصعد بالفلا والتفصيل الثانيه ع الوتساب,141.67,Medium
الدمام,حي الشاطئ الغربي,شمال,380,0,5,4,1,1,1,0,1,1,1,0,0,1,0,0,0,0,0,60000,‏دور ارضي بحي الشاطئ الغربي يتكون من ثلاث غرف نوم ‏ومقلط ومجلس وغرفة شغالة واربع دورات مياه مطبخ خارجي وداخلي حوش كراج سيارة مكيفة بالكامل تكييف مركزي بدون أثاث,157.89,New
الدمام,حي المنار,شمال,350,0,7,5,3,1,1,1,1,0,0,0,0,1,0,0,1,0,0,100000,"فيلا جديدة للايجار بحي المنار  موقع ممتاز
الواجهة حجر ورخام 
قريبة من الخدمات وقريبة من النخيل مول 
تتكون من
الدور الارضي 
مجلس رجال
مقلط
مطبخ


صالة كبيرة وصالة صغيرة


غرفة نساء
دورتين مياه
مدخل سيارة
حوش بمساحة 70متر
مستودع خارجي
دورة مياه خارجية
...",285.71,New
الدمام,حي السيف,غرب,300,11,6,5,2,1,1,1,1,0,1,1,0,1,0,1,1,0,0,75000,فلة في حي الراكة الشمالية متصلة للايجار تتكون من  صاله ومجلس  ومطبخ ومقلط وحوش وغرفة سائق وحمامين بالدور الارضي الاول يوجد ٤ غرف نوم مع صاله  الدور الاخير فيه غرفة خادمة مع حمام + سطح البيت مكيف بالكامل ومجدد الصيانه,250.0,Medium
الدمام,حي الشعلة,جنوب,300,3,4,5,4,1,1,1,1,0,1,0,0,0,0,0,1,1,0,70000,"للايجار فيلا شبه جديده  حي الشعله 
٤ غرف نوم  منهم ٢ ماستر 
مجلس ومقلط  ومطبخ 
حوش كراج 
غرفه سواق 
غرفه خادمه 
تكيف المجلس وغرفه الماستر مركزي 
باقي البيت تكيف اسبلت",233.33,Modern
الدمام,حي طيبة,شمال غربي,450,4,7,5,2,1,1,0,1,0,0,1,0,1,0,0,1,0,1,55000,"للاجار بيت في حي طيبه زاويه

مكون من 
الدور الاخير / غزفه + دورة مياه + غرفة غسيل 
الدور العلوي الاول/
٥ غرف نوم منهم واحدة ماستر + صالة
والدور الارضي مجلس ومقلط وصالة كبيره وغرفه جلوس نساء ومطبخين ومستودع 



❇️ في حالة عدم الرد او الهاتف مغلق 
يسعد...",122.22,Modern
الدمام,حي الخالدية الشمالية,شرق,400,5,7,5,2,1,1,1,1,0,1,1,0,1,0,0,1,0,1,70000,‏فلا تشطيب ديلوكس خمس غرف نوم ومجلس ومقلط وصاله تين خمس دورات مياه غرفة غسيل غرفة عاملة منزلية مع دورة مياه مطبخين كراج سيارة حوش غرفة سواق الفلة بالكامل مكيفات  مركزيه جديده,175.0,Modern
الدمام,حي المنار,جنوب,200,0,7,5,2,1,1,0,1,1,1,1,0,1,0,1,1,0,0,60000,"فيلا دبلكس متصل مساحتها 200 متر 
الفيلا جديدة لم تسكن سوى 4 اشهر تقريبا 
يوجد 3 مكيفات راكبة ويوجد مطبخ راكب بقيمة 28 الف

قيمة الايجار السنوي : 
60.000 ريال بدون الاثاث
70.000 ريال مع الاثاث
وقابل للتفاوض مع الصامل",300.0,New
الدمام,حي الاثير,شرق,205,0,3,2,1,1,1,0,0,1,1,0,1,0,0,0,0,0,0,60000,يقع مجمع العائلة في الدمام استراتيجيًا بالقرب من طريق الظهران- الجبيل السريع. تشغل أكثر من 9000 متر مربع من المباني المبنية فوق المنطقة ، يتكون العقار من أكثر من 60 فلل غير مفروشة للايجار بأسعار معقولة مع خيارين (فيلات من غرفتي نوم و 3 غرف نوم). يقدم...,292.68,New
الدمام,حي المنتزه,غرب,387,0,5,5,3,1,0,1,1,0,1,0,0,1,0,0,1,0,0,140000,"الفئه المستهدفه للتاجير:
موظفين شركات الكبرى
رجال الاعمال 


لتوضيح 140 الف دفعتين
135 الف دفعه واحده 
للجادين انا صاحب الفيلا 
واتس 0565569555",361.76,New
الدمام,حي المدينة الصناعية الثانية,جنوب,355,0,7,5,2,1,1,0,1,0,1,1,0,1,0,1,1,0,0,65000,جديدة,183.1,New
الدمام,حي الحمراء,شرق,600,9,7,5,2,1,1,1,1,1,1,1,0,1,0,0,1,1,1,85000,فلا زاويه ع كيف كيفك بحي الحمراء مع التكيف ويوجد مصعد بالفلا والتفصيل الثانيه ع الوتساب,141.67,Medium
الدمام,حي الشاطئ الغربي,شمال,380,0,5,4,1,1,1,0,1,1,1,0,0,1,0,0,0,0,0,60000,‏دور ارضي بحي الشاطئ الغربي يتكون من ثلاث غرف نوم ‏ومقلط ومجلس وغرفة شغالة واربع دورات مياه مطبخ خارجي وداخلي حوش كراج سيارة مكيفة بالكامل تكييف مركزي بدون أثاث,157.89,New
الدمام,حي المنار,شمال,350,0,7,5,3,1,1,1,1,0,0,0,0,1,0,0,1,0,0,100000,"فيلا جديدة للايجار بحي المنار  موقع ممتاز
الواجهة حجر ورخام 
قريبة من الخدمات وقريبة من النخيل مول 
تتكون من
الدور الارضي 
مجلس رجال
مقلط
مطبخ


صالة كبيرة وصالة صغيرة


غرفة نساء
دورتين مياه
مدخل سيارة
حوش بمساحة 70متر
مستودع خارجي
دورة مياه خارجية
...",285.71,New
الدمام,حي السيف,غرب,300,11,6,5,2,1,1,1,1,0,1,1,0,1,0,1,1,0,0,75000,فلة في حي الراكة الشمالية متصلة للايجار تتكون من  صاله ومجلس  ومطبخ ومقلط وحوش وغرفة سائق وحمامين بالدور الارضي الاول يوجد ٤ غرف نوم مع صاله  الدور الاخير فيه غرفة خادمة مع حمام + سطح البيت مكيف بالكامل ومجدد الصيانه,250.0,Medium
الدمام,حي الشعلة,جنوب,300,3,4,5,4,1,1,1,1,0,1,0,0,0,0,0,1,1,0,70000,"للايجار فيلا شبه جديده  حي الشعله 
٤ غرف نوم  منهم ٢ ماستر 
مجلس ومقلط  ومطبخ 
حوش كراج 
غرفه سواق 
غرفه خادمه 
تكيف المجلس وغرفه الماستر مركزي 
باقي البيت تكيف اسبلت",233.33,Modern
الدمام,حي طيبة,شمال غربي,450,4,7,5,2,1,1,0,1,0,0,1,0,1,0,0,1,0,1,55000,"للاجار بيت في حي طيبه زاويه

مكون من 
الدور الاخير / غزفه + دورة مياه + غرفة غسيل 
الدور العلوي الاول/
٥ غرف نوم منهم واحدة ماستر + صالة
والدور الارضي مجلس ومقلط وصالة كبيره وغرفه جلوس نساء ومطبخين ومستودع 



❇️ في حالة عدم الرد او الهاتف مغلق 
يسعد...",122.22,Modern
الدمام,حي الخالدية الشمالية,شرق,400,5,7,5,2,1,1,1,1,0,1,1,0,1,0,0,1,0,1,70000,‏فلا تشطيب ديلوكس خمس غرف نوم ومجلس ومقلط وصاله تين خمس دورات مياه غرفة غسيل غرفة عاملة منزلية مع دورة مياه مطبخين كراج سيارة حوش غرفة سواق الفلة بالكامل مكيفات  مركزيه جديده,175.0,Modern
الدمام,حي المنار,جنوب,200,0,7,5,2,1,1,0,1,1,1,1,0,1,0,1,1,0,0,60000,"فيلا دبلكس متصل مساحتها 200 متر 
الفيلا جديدة لم تسكن سوى 4 اشهر تقريبا 
يوجد 3 مكيفات راكبة ويوجد مطبخ راكب بقيمة 28 الف

قيمة الايجار السنوي : 
60.000 ريال بدون الاثاث
70.000 ريال مع الاثاث
وقابل للتفاوض مع الصامل",300.0,New
الدمام,حي الاثير,شرق,205,0,3,2,1,1,1,0,0,1,1,0,1,0,0,0,0,0,0,60000,يقع مجمع العائلة في الدمام استراتيجيًا بالقرب من طريق الظهران- الجبيل السريع. تشغل أكثر من 9000 متر مربع من المباني المبنية فوق المنطقة ، يتكون العقار من أكثر من 60 فلل غير مفروشة للايجار بأسعار معقولة مع خيارين (فيلات من غرفتي نوم و 3 غرف نوم). يقدم...,292.68,New
الدمام,حي المنتزه,غرب,387,0,5,5,3,1,0,1,1,0,1,0,0,1,0,0,1,0,0,140000,"الفئه المستهدفه للتاجير:
موظفين شركات الكبرى
رجال الاعمال 


لتوضيح 140 الف دفعتين
135 الف دفعه واحده 
للجادين انا صاحب الفيلا 
واتس 0565569555",361.76,New
الدمام,حي المدينة الصناعية الثانية,جنوب,355,0,7,5,2,1,1,0,1,0,1,1,0,1,0,1,1,0,0,65000,جديدة,183.1,New
الدمام,حي الحمراء,شرق,600,9,7,5,2,1,1,1,1,1,1,1,0,1,0,0,1,1,1,85000,فلا زاويه ع كيف كيفك بحي الحمراء مع التكيف ويوجد مصعد بالفلا والتفصيل الثانيه ع الوتساب,141.67,Medium
الدمام,حي الشاطئ الغربي,شمال,380,0,5,4,1,1,1,0,1,1,1,0,0,1,0,0,0,0,0,60000,‏دور ارضي بحي الشاطئ الغربي يتكون من ثلاث غرف نوم ‏ومقلط ومجلس وغرفة شغالة واربع دورات مياه مطبخ خارجي وداخلي حوش كراج سيارة مكيفة بالكامل تكييف مركزي بدون أثاث,157.89,New
الدمام,حي المنار,شمال,350,0,7,5,3,1,1,1,1,0,0,0,0,1,0,0,1,0,0,100000,"فيلا جديدة للايجار بحي المنار  موقع ممتاز
الواجهة حجر ورخام 
قريبة من الخدمات وقريبة من النخيل مول 
تتكون من
الدور الارضي 
مجلس رجال
مقلط
مطبخ


صالة كبيرة وصالة صغيرة


غرفة نساء
دورتين مياه
مدخل سيارة
حوش بمساحة 70متر
مستودع خارجي
دورة مياه خارجية
...",285.71,New
الدمام,حي السيف,غرب,300,11,6,5,2,1,1,1,1,0,1,1,0,1,0,1,1,0,0,75000,فلة في حي الراكة الشمالية متصلة للايجار تتكون من  صاله ومجلس  ومطبخ ومقلط وحوش وغرفة سائق وحمامين بالدور الارضي الاول يوجد ٤ غرف نوم مع صاله  الدور الاخير فيه غرفة خادمة مع حمام + سطح البيت مكيف بالكامل ومجدد الصيانه,250.0,Medium
الدمام,حي الشعلة,جنوب,300,3,4,5,4,1,1,1,1,0,1,0,0,0,0,0,1,1,0,70000,"للايجار فيلا شبه جديده  حي الشعله 
٤ غرف نوم  منهم ٢ ماستر 
مجلس ومقلط  ومطبخ 
حوش كراج 
غرفه سواق 
غرفه خادمه 
تكيف المجلس وغرفه الماستر مركزي 
باقي البيت تكيف اسبلت",233.33,Modern
الدمام,حي طيبة,شمال غربي,450,4,7,5,2,1,1,0,1,0,0,1,0,1,0,0,1,0,1,55000,"للاجار بيت في حي طيبه زاويه

مكون من 
الدور الاخير / غزفه + دورة مياه + غرفة غسيل 
الدور العلوي الاول/
٥ غرف نوم منهم واحدة ماستر + صالة
والدور الارضي مجلس ومقلط وصالة كبيره وغرفه جلوس نساء ومطبخين ومستودع 



❇️ في حالة عدم الرد او الهاتف مغلق 
يسعد...",122.22,Modern
الدمام,حي الخالدية الشمالية,شرق,400,5,7,5,2,1,1,1,1,0,1,1,0,1,0,0,1,0,1,70000,‏فلا تشطيب ديلوكس خمس غرف نوم ومجلس ومقلط وصاله تين خمس دورات مياه غرفة غسيل غرفة عاملة منزلية مع دورة مياه مطبخين كراج سيارة حوش غرفة سواق الفلة بالكامل مكيفات  مركزيه جديده,175.0,Modern
الدمام,حي المنار,جنوب,200,0,7,5,2,1,1,0,1,1,1,1,0,1,0,1,1,0,0,60000,"فيلا دبلكس متصل مساحتها 200 متر 
الفيلا جديدة لم تسكن سوى 4 اشهر تقريبا 
يوجد 3 مكيفات راكبة ويوجد مطبخ راكب بقيمة 28 الف

قيمة الايجار السنوي : 
60.000 ريال بدون الاثاث
70.000 ريال مع الاثاث
وقابل للتفاوض مع الصامل",300.0,New
الدمام,حي الاثير,شرق,205,0,3,2,1,1,1,0,0,1,1,0,1,0,0,0,0,0,0,60000,يقع مجمع العائلة في الدمام استراتيجيًا بالقرب من طريق الظهران- الجبيل السريع. تشغل أكثر من 9000 متر مربع من المباني المبنية فوق المنطقة ، يتكون العقار من أكثر من 60 فلل غير مفروشة للايجار بأسعار معقولة مع خيارين (فيلات من غرفتي نوم و 3 غرف نوم). يقدم...,292.68,New
الدمام,حي المنتزه,غرب,387,0,5,5,3,1,0,1,1,0,1,0,0,1,0,0,1,0,0,140000,"الفئه المستهدفه للتاجير:
موظفين شركات الكبرى
رجال الاعمال 


لتوضيح 140 الف دفعتين
135 الف دفعه واحده 
للجادين انا صاحب الفيلا 
واتس 0565569555",361.76,New
الدمام,حي المدينة الصناعية الثانية,جنوب,355,0,7,5,2,1,1,0,1,0,1,1,0,1,0,1,1,0,0,65000,جديدة,183.1,New
الدمام,حي الحمراء,شرق,600,9,7,5,2,1,1,1,1,1,1,1,0,1,0,0,1,1,1,85000,فلا زاويه ع كيف كيفك بحي الحمراء مع التكيف ويوجد مصعد بالفلا والتفصيل الثانيه ع الوتساب,141.67,Medium
الدمام,حي الشاطئ الغربي,شمال,380,0,5,4,1,1,1,0,1,1,1,0,0,1,0,0,0,0,0,60000,‏دور ارضي بحي الشاطئ الغربي يتكون من ثلاث غرف نوم ‏ومقلط ومجلس وغرفة شغالة واربع دورات مياه مطبخ خارجي وداخلي حوش كراج سيارة مكيفة بالكامل تكييف مركزي بدون أثاث,157.89,New
الدمام,حي المنار,شمال,350,0,7,5,3,1,1,1,1,0,0,0,0,1,0,0,1,0,0,100000,"فيلا جديدة للايجار بحي المنار  موقع ممتاز
الواجهة حجر ورخام 
قريبة من الخدمات وقريبة من النخيل مول 
تتكون من
الدور الارضي 
مجلس رجال
مقلط
مطبخ


صالة كبيرة وصالة صغيرة


غرفة نساء
دورتين مياه
مدخل سيارة
حوش بمساحة 70متر
مستودع خارجي
دورة مياه خارجية
...",285.71,New
الدمام,حي السيف,غرب,300,11,6,5,2,1,1,1,1,0,1,1,0,1,0,1,1,0,0,75000,فلة في حي الراكة الشمالية متصلة للايجار تتكون من  صاله ومجلس  ومطبخ ومقلط وحوش وغرفة سائق وحمامين بالدور الارضي الاول يوجد ٤ غرف نوم مع صاله  الدور الاخير فيه غرفة خادمة مع حمام + سطح البيت مكيف بالكامل ومجدد الصيانه,250.0,Medium
الدمام,حي الشعلة,جنوب,300,3,4,5,4,1,1,1,1,0,1,0,0,0,0,0,1,1,0,70000,"للايجار فيلا شبه جديده  حي الشعله 
٤ غرف نوم  منهم ٢ ماستر 
مجلس ومقلط  ومطبخ 
حوش كراج 
غرفه سواق 
غرفه خادمه 
تكيف المجلس وغرفه الماستر مركزي 
باقي البيت تكيف اسبلت",233.33,Modern
الدمام,حي طيبة,شمال غربي,450,4,7,5,2,1,1,0,1,0,0,1,0,1,0,0,1,0,1,55000,"للاجار بيت في حي طيبه زاويه

مكون من 
الدور الاخير / غزفه + دورة مياه + غرفة غسيل 
الدور العلوي الاول/
٥ غرف نوم منهم واحدة ماستر + صالة
والدور الارضي مجلس ومقلط وصالة كبيره وغرفه جلوس نساء ومطبخين ومستودع 



❇️ في حالة عدم الرد او الهاتف مغلق 
يسعد...",122.22,Modern
الدمام,حي الخالدية الشمالية,شرق,400,5,7,5,2,1,1,1,1,0,1,1,0,1,0,0,1,0,1,70000,‏فلا تشطيب ديلوكس خمس غرف نوم ومجلس ومقلط وصاله تين خمس دورات مياه غرفة غسيل غرفة عاملة منزلية مع دورة مياه مطبخين كراج سيارة حوش غرفة سواق الفلة بالكامل مكيفات  مركزيه جديده,175.0,Modern
الدمام,حي المنار,جنوب,200,0,7,5,2,1,1,0,1,1,1,1,0,1,0,1,1,0,0,60000,"فيلا دبلكس متصل مساحتها 200 متر 
الفيلا جديدة لم تسكن سوى 4 اشهر تقريبا 
يوجد 3 مكيفات راكبة ويوجد مطبخ راكب بقيمة 28 الف

قيمة الايجار السنوي : 
60.000 ريال بدون الاثاث
70.000 ريال مع الاثاث
وقابل للتفاوض مع الصامل",300.0,New
الدمام,حي الاثير,شرق,205,0,3,2,1,1,1,0,0,1,1,0,1,0,0,0,0,0,0,60000,يقع مجمع العائلة في الدمام استراتيجيًا بالقرب من طريق الظهران- الجبيل السريع. تشغل أكثر من 9000 متر مربع من المباني المبنية فوق المنطقة ، يتكون العقار من أكثر من 60 فلل غير مفروشة للايجار بأسعار معقولة مع خيارين (فيلات من غرفتي نوم و 3 غرف نوم). يقدم...,292.68,New
الدمام,حي المنتزه,غرب,387,0,5,5,3,1,0,1,1,0,1,0,0,1,0,0,1,0,0,140000,"الفئه المستهدفه للتاجير:
موظفين شركات الكبرى
رجال الاعمال 


لتوضيح 140 الف دفعتين
135 الف دفعه واحده 
للجادين انا صاحب الفيلا 
واتس 0565569555",361.76,New
الدمام,حي المدينة الصناعية الثانية,جنوب,355,0,7,5,2,1,1,0,1,0,1,1,0,1,0,1,1,0,0,65000,جديدة,183.1,New
الدمام,حي الحمراء,شرق,600,9,7,5,2,1,1,1,1,1,1,1,0,1,0,0,1,1,1,85000,فلا زاويه ع كيف كيفك بحي الحمراء مع التكيف ويوجد مصعد بالفلا والتفصيل الثانيه ع الوتساب,141.67,Medium
الدمام,حي الشاطئ الغربي,شمال,380,0,5,4,1,1,1,0,1,1,1,0,0,1,0,0,0,0,0,60000,‏دور ارضي بحي الشاطئ الغربي يتكون من ثلاث غرف نوم ‏ومقلط ومجلس وغرفة شغالة واربع دورات مياه مطبخ خارجي وداخلي حوش كراج سيارة مكيفة بالكامل تكييف مركزي بدون أثاث,157.89,New
الدمام,حي المنار,شمال,350,0,7,5,3,1,1,1,1,0,0,0,0,1,0,0,1,0,0,100000,"فيلا جديدة للايجار بحي المنار  موقع ممتاز
الواجهة حجر ورخام 
قريبة من الخدمات وقريبة من النخيل مول 
تتكون من
الدور الارضي 
مجلس رجال
مقلط
مطبخ


صالة كبيرة وصالة صغيرة


غرفة نساء
دورتين مياه
مدخل سيارة
حوش بمساحة 70متر
مستودع خارجي
دورة مياه خارجية
...",285.71,New
الدمام,حي السيف,غرب,300,11,6,5,2,1,1,1,1,0,1,1,0,1,0,1,1,0,0,75000,فلة في حي الراكة الشمالية متصلة للايجار تتكون من  صاله ومجلس  ومطبخ ومقلط وحوش وغرفة سائق وحمامين بالدور الارضي الاول يوجد ٤ غرف نوم مع صاله  الدور الاخير فيه غرفة خادمة مع حمام + سطح البيت مكيف بالكامل ومجدد الصيانه,250.0,Medium
الدمام,حي الشعلة,جنوب,300,3,4,5,4,1,1,1,1,0,1,0,0,0,0,0,1,1,0,70000,"للايجار فيلا شبه جديده  حي الشعله 
٤ غرف نوم  منهم ٢ ماستر 
مجلس ومقلط  ومطبخ 
حوش كراج 
غرفه سواق 
غرفه خادمه 
تكيف المجلس وغرفه الماستر مركزي 
باقي البيت تكيف اسبلت",233.33,Modern
الدمام,حي طيبة,شمال غربي,450,4,7,5,2,1,1,0,1,0,0,1,0,1,0,0,1,0,1,55000,"للاجار بيت في حي طيبه زاويه

مكون من 
الدور الاخير / غزفه + دورة مياه + غرفة غسيل 
الدور العلوي الاول/
٥ غرف نوم منهم واحدة ماستر + صالة
والدور الارضي مجلس ومقلط وصالة كبيره وغرفه جلوس نساء ومطبخين ومستودع 



❇️ في حالة عدم الرد او الهاتف مغلق 
يسعد...",122.22,Modern
الدمام,حي الخالدية الشمالية,شرق,400,5,7,5,2,1,1,1,1,0,1,1,0,1,0,0,1,0,1,70000,‏فلا تشطيب ديلوكس خمس غرف نوم ومجلس ومقلط وصاله تين خمس دورات مياه غرفة غسيل غرفة عاملة منزلية مع دورة مياه مطبخين كراج سيارة حوش غرفة سواق الفلة بالكامل مكيفات  مركزيه جديده,175.0,Modern
الدمام,حي المنار,جنوب,200,0,7,5,2,1,1,0,1,1,1,1,0,1,0,1,1,0,0,60000,"فيلا دبلكس متصل مساحتها 200 متر 
الفيلا جديدة لم تسكن سوى 4 اشهر تقريبا 
يوجد 3 مكيفات راكبة ويوجد مطبخ راكب بقيمة 28 الف

قيمة الايجار السنوي : 
60.000 ريال بدون الاثاث
70.000 ريال مع الاثاث
وقابل للتفاوض مع الصامل",300.0,New
الدمام,حي الاثير,شرق,205,0,3,2,1,1,1,0,0,1,1,0,1,0,0,0,0,0,0,60000,يقع مجمع العائلة في الدمام استراتيجيًا بالقرب من طريق الظهران- الجبيل السريع. تشغل أكثر من 9000 متر مربع من المباني المبنية فوق المنطقة ، يتكون العقار من أكثر من 60 فلل غير مفروشة للايجار بأسعار معقولة مع خيارين (فيلات من غرفتي نوم و 3 غرف نوم). يقدم...,292.68,New
الدمام,حي المنتزه,غرب,387,0,5,5,3,1,0,1,1,0,1,0,0,1,0,0,1,0,0,140000,"الفئه المستهدفه للتاجير:
موظفين شركات الكبرى
رجال الاعمال 


لتوضيح 140 الف دفعتين
135 الف دفعه واحده 
للجادين انا صاحب الفيلا 
واتس 0565569555",361.76,New
الدمام,حي المدينة الصناعية الثانية,جنوب,355,0,7,5,2,1,1,0,1,0,1,1,0,1,0,1,1,0,0,65000,جديدة,183.1,New
الدمام,حي الحمراء,شرق,600,9,7,5,2,1,1,1,1,1,1,1,0,1,0,0,1,1,1,85000,فلا زاويه ع كيف كيفك بحي الحمراء مع التكيف ويوجد مصعد بالفلا والتفصيل الثانيه ع الوتساب,141.67,Medium
الدمام,حي الشاطئ الغربي,شمال,380,0,5,4,1,1,1,0,1,1,1,0,0,1,0,0,0,0,0,60000,‏دور ارضي بحي الشاطئ الغربي يتكون من ثلاث غرف نوم ‏ومقلط ومجلس وغرفة شغالة واربع دورات مياه مطبخ خارجي وداخلي حوش كراج سيارة مكيفة بالكامل تكييف مركزي بدون أثاث,157.89,New
الدمام,حي المنار,شمال,350,0,7,5,3,1,1,1,1,0,0,0,0,1,0,0,1,0,0,100000,"فيلا جديدة للايجار بحي المنار  موقع ممتاز
الواجهة حجر ورخام 
قريبة من الخدمات وقريبة من النخيل مول 
تتكون من
الدور الارضي 
مجلس رجال
مقلط
مطبخ


صالة كبيرة وصالة صغيرة


غرفة نساء
دورتين مياه
مدخل سيارة
حوش بمساحة 70متر
مستودع خارجي
دورة مياه خارجية
...",285.71,New
الدمام,حي السيف,غرب,300,11,6,5,2,1,1,1,1,0,1,1,0,1,0,1,1,0,0,75000,فلة في حي الراكة الشمالية متصلة للايجار تتكون من  صاله ومجلس  ومطبخ ومقلط وحوش وغرفة سائق وحمامين بالدور الارضي الاول يوجد ٤ غرف نوم مع صاله  الدور الاخير فيه غرفة خادمة مع حمام + سطح البيت مكيف بالكامل ومجدد الصيانه,250.0,Medium
الدمام,حي الشعلة,جنوب,300,3,4,5,4,1,1,1,1,0,1,0,0,0,0,0,1,1,0,70000,"للايجار فيلا شبه جديده  حي الشعله 
٤ غرف نوم  منهم ٢ ماستر 
مجلس ومقلط  ومطبخ 
حوش كراج 
غرفه سواق 
غرفه خادمه 
تكيف المجلس وغرفه الماستر مركزي 
باقي البيت تكيف اسبلت",233.33,Modern
الدمام,حي طيبة,شمال غربي,450,4,7,5,2,1,1,0,1,0,0,1,0,1,0,0,1,0,1,55000,"للاجار بيت في حي طيبه زاويه

مكون من 
الدور الاخير / غزفه + دورة مياه + غرفة غسيل 
الدور العلوي الاول/
٥ غرف نوم منهم واحدة ماستر + صالة
والدور الارضي مجلس ومقلط وصالة كبيره وغرفه جلوس نساء ومطبخين ومستودع 



❇️ في حالة عدم الرد او الهاتف مغلق 
يسعد...",122.22,Modern
الدمام,حي الخالدية الشمالية,شرق,400,5,7,5,2,1,1,1,1,0,1,1,0,1,0,0,1,0,1,70000,‏فلا تشطيب ديلوكس خمس غرف نوم ومجلس ومقلط وصاله تين خمس دورات مياه غرفة غسيل غرفة عاملة منزلية مع دورة مياه مطبخين كراج سيارة حوش غرفة سواق الفلة بالكامل مكيفات  مركزيه جديده,175.0,Modern
الدمام,حي المنار,جنوب,200,0,7,5,2,1,1,0,1,1,1,1,0,1,0,1,1,0,0,60000,"فيلا دبلكس متصل مساحتها 200 متر 
الفيلا جديدة لم تسكن سوى 4 اشهر تقريبا 
يوجد 3 مكيفات راكبة ويوجد مطبخ راكب بقيمة 28 الف

قيمة الايجار السنوي : 
60.000 ريال بدون الاثاث
70.000 ريال مع الاثاث
وقابل للتفاوض مع الصامل",300.0,New
الدمام,حي الاثير,شرق,205,0,3,2,1,1,1,0,0,1,1,0,1,0,0,0,0,0,0,60000,يقع مجمع العائلة في الدمام استراتيجيًا بالقرب من طريق الظهران- الجبيل السريع. تشغل أكثر من 9000 متر مربع من المباني المبنية فوق المنطقة ، يتكون العقار من أكثر من 60 فلل غير مفروشة للايجار بأسعار معقولة مع خيارين (فيلات من غرفتي نوم و 3 غرف نوم). يقدم...,292.68,New
الدمام,حي المنتزه,غرب,387,0,5,5,3,1,0,1,1,0,1,0,0,1,0,0,1,0,0,140000,"الفئه المستهدفه للتاجير:
موظفين شركات الكبرى
رجال الاعمال 


لتوضيح 140 الف دفعتين
135 الف دفعه واحده 
للجادين انا صاحب الفيلا 
واتس 0565569555",361.76,New
الدمام,حي المدينة الصناعية الثانية,جنوب,355,0,7,5,2,1,1,0,1,0,1,1,0,1,0,1,1,0,0,65000,جديدة,183.1,New
الدمام,حي الحمراء,شرق,600,9,7,5,2,1,1,1,1,1,1,1,0,1,0,0,1,1,1,85000,فلا زاويه ع كيف كيفك بحي الحمراء مع التكيف ويوجد مصعد بالفلا والتفصيل الثانيه ع الوتساب,141.67,Medium
الدمام,حي الشاطئ الغربي,شمال,380,0,5,4,1,1,1,0,1,1,1,0,0,1,0,0,0,0,0,60000,‏دور ارضي بحي الشاطئ الغربي يتكون من ثلاث غرف نوم ‏ومقلط ومجلس وغرفة شغالة واربع دورات مياه مطبخ خارجي وداخلي حوش كراج سيارة مكيفة بالكامل تكييف مركزي بدون أثاث,157.89,New
الدمام,حي المنار,شمال,350,0,7,5,3,1,1,1,1,0,0,0,0,1,0,0,1,0,0,100000,"فيلا جديدة للايجار بحي المنار  موقع ممتاز
الواجهة حجر ورخام 
قريبة من الخدمات وقريبة من النخيل مول 
تتكون من
الدور الارضي 
مجلس رجال
مقلط
مطبخ


صالة كبيرة وصالة صغيرة


غرفة نساء
دورتين مياه
مدخل سيارة
حوش بمساحة 70متر
مستودع خارجي
دورة مياه خارجية
...",285.71,New
الدمام,حي السيف,غرب,300,11,6,5,2,1,1,1,1,0,1,1,0,1,0,1,1,0,0,75000,فلة في حي الراكة الشمالية متصلة للايجار تتكون من  صاله ومجلس  ومطبخ ومقلط وحوش وغرفة سائق وحمامين بالدور الارضي الاول يوجد ٤ غرف نوم مع صاله  الدور الاخير فيه غرفة خادمة مع حمام + سطح البيت مكيف بالكامل ومجدد الصيانه,250.0,Medium
الدمام,حي الشعلة,جنوب,300,3,4,5,4,1,1,1,1,0,1,0,0,0,0,0,1,1,0,70000,"للايجار فيلا شبه جديده  حي الشعله 
٤ غرف نوم  منهم ٢ ماستر 
مجلس ومقلط  ومطبخ 
حوش كراج 
غرفه سواق 
غرفه خادمه 
تكيف المجلس وغرفه الماستر مركزي 
باقي البيت تكيف اسبلت",233.33,Modern
الدمام,حي طيبة,شمال غربي,450,4,7,5,2,1,1,0,1,0,0,1,0,1,0,0,1,0,1,55000,"للاجار بيت في حي طيبه زاويه

مكون من 
الدور الاخير / غزفه + دورة مياه + غرفة غسيل 
الدور العلوي الاول/
٥ غرف نوم منهم واحدة ماستر + صالة
والدور الارضي مجلس ومقلط وصالة كبيره وغرفه جلوس نساء ومطبخين ومستودع 



❇️ في حالة عدم الرد او الهاتف مغلق 
يسعد...",122.22,Modern
الدمام,حي الخالدية الشمالية,شرق,400,5,7,5,2,1,1,1,1,0,1,1,0,1,0,0,1,0,1,70000,‏فلا تشطيب ديلوكس خمس غرف نوم ومجلس ومقلط وصاله تين خمس دورات مياه غرفة غسيل غرفة عاملة منزلية مع دورة مياه مطبخين كراج سيارة حوش غرفة سواق الفلة بالكامل مكيفات  مركزيه جديده,175.0,Modern
الدمام,حي المنار,جنوب,200,0,7,5,2,1,1,0,1,1,1,1,0,1,0,1,1,0,0,60000,"فيلا دبلكس متصل مساحتها 200 متر 
الفيلا جديدة لم تسكن سوى 4 اشهر تقريبا 
يوجد 3 مكيفات راكبة ويوجد مطبخ راكب بقيمة 28 الف

قيمة الايجار السنوي : 
60.000 ريال بدون الاثاث
70.000 ريال مع الاثاث
وقابل للتفاوض مع الصامل",300.0,New
الدمام,حي الاثير,شرق,205,0,3,2,1,1,1,0,0,1,1,0,1,0,0,0,0,0,0,60000,يقع مجمع العائلة في الدمام استراتيجيًا بالقرب من طريق الظهران- الجبيل السريع. تشغل أكثر من 9000 متر مربع من المباني المبنية فوق المنطقة ، يتكون العقار من أكثر من 60 فلل غير مفروشة للايجار بأسعار معقولة مع خيارين (فيلات من غرفتي نوم و 3 غرف نوم). يقدم...,292.68,New
الدمام,حي المنتزه,غرب,387,0,5,5,3,1,0,1,1,0,1,0,0,1,0,0,1,0,0,140000,"الفئه المستهدفه للتاجير:
موظفين شركات الكبرى
رجال الاعمال 


لتوضيح 140 الف دفعتين
135 الف دفعه واحده 
للجادين انا صاحب الفيلا 
واتس 0565569555",361.76,New
الدمام,حي المدينة الصناعية الثانية,جنوب,355,0,7,5,2,1,1,0,1,0,1,1,0,1,0,1,1,0,0,65000,جديدة,183.1,New
الدمام,حي الحمراء,شرق,600,9,7,5,2,1,1,1,1,1,1,1,0,1,0,0,1,1,1,85000,فلا زاويه ع كيف كيفك بحي الحمراء مع التكيف ويوجد مصعد بالفلا والتفصيل الثانيه ع الوتساب,141.67,Medium
الدمام,حي الشاطئ الغربي,شمال,380,0,5,4,1,1,1,0,1,1,1,0,0,1,0,0,0,0,0,60000,‏دور ارضي بحي الشاطئ الغربي يتكون من ثلاث غرف نوم ‏ومقلط ومجلس وغرفة شغالة واربع دورات مياه مطبخ خارجي وداخلي حوش كراج سيارة مكيفة بالكامل تكييف مركزي بدون أثاث,157.89,New
الدمام,حي المنار,شمال,350,0,7,5,3,1,1,1,1,0,0,0,0,1,0,0,1,0,0,100000,"فيلا جديدة للايجار بحي المنار  موقع ممتاز
الواجهة حجر ورخام 
قريبة من الخدمات وقريبة من النخيل مول 
تتكون من
الدور الارضي 
مجلس رجال
مقلط
مطبخ


صالة كبيرة وصالة صغيرة


غرفة نساء
دورتين مياه
مدخل سيارة
حوش بمساحة 70متر
مستودع خارجي
دورة مياه خارجية
...",285.71,New
الدمام,حي السيف,غرب,300,11,6,5,2,1,1,1,1,0,1,1,0,1,0,1,1,0,0,75000,فلة في حي الراكة الشمالية متصلة للايجار تتكون من  صاله ومجلس  ومطبخ ومقلط وحوش وغرفة سائق وحمامين بالدور الارضي الاول يوجد ٤ غرف نوم مع صاله  الدور الاخير فيه غرفة خادمة مع حمام + سطح البيت مكيف بالكامل ومجدد الصيانه,250.0,Medium
الدمام,حي الشعلة,جنوب,300,3,4,5,4,1,1,1,1,0,1,0,0,0,0,0,1,1,0,70000,"للايجار فيلا شبه جديده  حي الشعله 
٤ غرف نوم  منهم ٢ ماستر 
مجلس ومقلط  ومطبخ 
حوش كراج 
غرفه سواق 
غرفه خادمه 
تكيف المجلس وغرفه الماستر مركزي 
باقي البيت تكيف اسبلت",233.33,Modern
الدمام,حي طيبة,شمال غربي,450,4,7,5,2,1,1,0,1,0,0,1,0,1,0,0,1,0,1,55000,"للاجار بيت في حي طيبه زاويه

مكون من 
الدور الاخير / غزفه + دورة مياه + غرفة غسيل 
الدور العلوي الاول/
٥ غرف نوم منهم واحدة ماستر + صالة
والدور الارضي مجلس ومقلط وصالة كبيره وغرفه جلوس نساء ومطبخين ومستودع 



❇️ في حالة عدم الرد او الهاتف مغلق 
يسعد...",122.22,Modern
الدمام,حي الخالدية الشمالية,شرق,400,5,7,5,2,1,1,1,1,0,1,1,0,1,0,0,1,0,1,70000,‏فلا تشطيب ديلوكس خمس غرف نوم ومجلس ومقلط وصاله تين خمس دورات مياه غرفة غسيل غرفة عاملة منزلية مع دورة مياه مطبخين كراج سيارة حوش غرفة سواق الفلة بالكامل مكيفات  مركزيه جديده,175.0,Modern
الدمام,حي المنار,جنوب,200,0,7,5,2,1,1,0,1,1,1,1,0,1,0,1,1,0,0,60000,"فيلا دبلكس متصل مساحتها 200 متر 
الفيلا جديدة لم تسكن سوى 4 اشهر تقريبا 
يوجد 3 مكيفات راكبة ويوجد مطبخ راكب بقيمة 28 الف

قيمة الايجار السنوي : 
60.000 ريال بدون الاثاث
70.000 ريال مع الاثاث
وقابل للتفاوض مع الصامل",300.0,New
الدمام,حي الاثير,شرق,205,0,3,2,1,1,1,0,0,1,1,0,1,0,0,0,0,0,0,60000,يقع مجمع العائلة في الدمام استراتيجيًا بالقرب من طريق الظهران- الجبيل السريع. تشغل أكثر من 9000 متر مربع من المباني المبنية فوق المنطقة ، يتكون العقار من أكثر من 60 فلل غير مفروشة للايجار بأسعار معقولة مع خيارين (فيلات من غرفتي نوم و 3 غرف نوم). يقدم...,292.68,New
الدمام,حي المنتزه,غرب,387,0,5,5,3,1,0,1,1,0,1,0,0,1,0,0,1,0,0,140000,"الفئه المستهدفه للتاجير:
موظفين شركات الكبرى
رجال الاعمال 


لتوضيح 140 الف دفعتين
135 الف دفعه واحده 
للجادين انا صاحب الفيلا 
واتس 0565569555",361.76,New
الدمام,حي المدينة الصناعية الثانية,جنوب,355,0,7,5,2,1,1,0,1,0,1,1,0,1,0,1,1,0,0,65000,جديدة,183.1,New
الدمام,حي الحمراء,شرق,600,9,7,5,2,1,1,1,1,1,1,1,0,1,0,0,1,1,1,85000,فلا زاويه ع كيف كيفك بحي الحمراء مع التكيف ويوجد مصعد بالفلا والتفصيل الثانيه ع الوتساب,141.67,Medium
الدمام,حي الشاطئ الغربي,شمال,380,0,5,4,1,1,1,0,1,1,1,0,0,1,0,0,0,0,0,60000,‏دور ارضي بحي الشاطئ الغربي يتكون من ثلاث غرف نوم ‏ومقلط ومجلس وغرفة شغالة واربع دورات مياه مطبخ خارجي وداخلي حوش كراج سيارة مكيفة بالكامل تكييف مركزي بدون أثاث,157.89,New
الدمام,حي المنار,شمال,350,0,7,5,3,1,1,1,1,0,0,0,0,1,0,0,1,0,0,100000,"فيلا جديدة للايجار بحي المنار  موقع ممتاز
الواجهة حجر ورخام 
قريبة من الخدمات وقريبة من النخيل مول 
تتكون من
الدور الارضي 
مجلس رجال
مقلط
مطبخ


صالة كبيرة وصالة صغيرة


غرفة نساء
دورتين مياه
مدخل سيارة
حوش بمساحة 70متر
مستودع خارجي
دورة مياه خارجية
...",285.71,New
الدمام,حي السيف,غرب,300,11,6,5,2,1,1,1,1,0,1,1,0,1,0,1,1,0,0,75000,فلة في حي الراكة الشمالية متصلة للايجار تتكون من  صاله ومجلس  ومطبخ ومقلط وحوش وغرفة سائق وحمامين بالدور الارضي الاول يوجد ٤ غرف نوم مع صاله  الدور الاخير فيه غرفة خادمة مع حمام + سطح البيت مكيف بالكامل ومجدد الصيانه,250.0,Medium
الدمام,حي الشعلة,جنوب,300,3,4,5,4,1,1,1,1,0,1,0,0,0,0,0,1,1,0,70000,"للايجار فيلا شبه جديده  حي الشعله 
٤ غرف نوم  منهم ٢ ماستر 
مجلس ومقلط  ومطبخ 
حوش كراج 
غرفه سواق 
غرفه خادمه 
تكيف المجلس وغرفه الماستر مركزي 
باقي البيت تكيف اسبلت",233.33,Modern
الدمام,حي طيبة,شمال غربي,450,4,7,5,2,1,1,0,1,0,0,1,0,1,0,0,1,0,1,55000,"للاجار بيت في حي طيبه زاويه

مكون من 
الدور الاخير / غزفه + دورة مياه + غرفة غسيل 
الدور العلوي الاول/
٥ غرف نوم منهم واحدة ماستر + صالة
والدور الارضي مجلس ومقلط وصالة كبيره وغرفه جلوس نساء ومطبخين ومستودع 



❇️ في حالة عدم الرد او الهاتف مغلق 
يسعد...",122.22,Modern
الدمام,حي الخالدية الشمالية,شرق,400,5,7,5,2,1,1,1,1,0,1,1,0,1,0,0,1,0,1,70000,‏فلا تشطيب ديلوكس خمس غرف نوم ومجلس ومقلط وصاله تين خمس دورات مياه غرفة غسيل غرفة عاملة منزلية مع دورة مياه مطبخين كراج سيارة حوش غرفة سواق الفلة بالكامل مكيفات  مركزيه جديده,175.0,Modern
الدمام,حي المنار,جنوب,200,0,7,5,2,1,1,0,1,1,1,1,0,1,0,1,1,0,0,60000,"فيلا دبلكس متصل مساحتها 200 متر 
الفيلا جديدة لم تسكن سوى 4 اشهر تقريبا 
يوجد 3 مكيفات راكبة ويوجد مطبخ راكب بقيمة 28 الف

قيمة الايجار السنوي : 
60.000 ريال بدون الاثاث
70.000 ريال مع الاثاث
وقابل للتفاوض مع الصامل",300.0,New
الدمام,حي الاثير,شرق,205,0,3,2,1,1,1,0,0,1,1,0,1,0,0,0,0,0,0,60000,يقع مجمع العائلة في الدمام استراتيجيًا بالقرب من طريق الظهران- الجبيل السريع. تشغل أكثر من 9000 متر مربع من المباني المبنية فوق المنطقة ، يتكون العقار من أكثر من 60 فلل غير مفروشة للايجار بأسعار معقولة مع خيارين (فيلات من غرفتي نوم و 3 غرف نوم). يقدم...,292.68,New
الدمام,حي المنتزه,غرب,387,0,5,5,3,1,0,1,1,0,1,0,0,1,0,0,1,0,0,140000,"الفئه المستهدفه للتاجير:
موظفين شركات الكبرى
رجال الاعمال 


لتوضيح 140 الف دفعتين
135 الف دفعه واحده 
للجادين انا صاحب الفيلا 
واتس 0565569555",361.76,New
الدمام,حي المدينة الصناعية الثانية,جنوب,355,0,7,5,2,1,1,0,1,0,1,1,0,1,0,1,1,0,0,65000,جديدة,183.1,New
الدمام,حي الحمراء,شرق,600,9,7,5,2,1,1,1,1,1,1,1,0,1,0,0,1,1,1,85000,فلا زاويه ع كيف كيفك بحي الحمراء مع التكيف ويوجد مصعد بالفلا والتفصيل الثانيه ع الوتساب,141.67,Medium
الدمام,حي الشاطئ الغربي,شمال,380,0,5,4,1,1,1,0,1,1,1,0,0,1,0,0,0,0,0,60000,‏دور ارضي بحي الشاطئ الغربي يتكون من ثلاث غرف نوم ‏ومقلط ومجلس وغرفة شغالة واربع دورات مياه مطبخ خارجي وداخلي حوش كراج سيارة مكيفة بالكامل تكييف مركزي بدون أثاث,157.89,New
الدمام,حي المنار,شمال,350,0,7,5,3,1,1,1,1,0,0,0,0,1,0,0,1,0,0,100000,"فيلا جديدة للايجار بحي المنار  موقع ممتاز
الواجهة حجر ورخام 
قريبة من الخدمات وقريبة من النخيل مول 
تتكون من
الدور الارضي 
مجلس رجال
مقلط
مطبخ


صالة كبيرة وصالة صغيرة


غرفة نساء
دورتين مياه
مدخل سيارة
حوش بمساحة 70متر
مستودع خارجي
دورة مياه خارجية
...",285.71,New
الدمام,حي السيف,غرب,300,11,6,5,2,1,1,1,1,0,1,1,0,1,0,1,1,0,0,75000,فلة في حي الراكة الشمالية متصلة للايجار تتكون من  صاله ومجلس  ومطبخ ومقلط وحوش وغرفة سائق وحمامين بالدور الارضي الاول يوجد ٤ غرف نوم مع صاله  الدور الاخير فيه غرفة خادمة مع حمام + سطح البيت مكيف بالكامل ومجدد الصيانه,250.0,Medium
الدمام,حي الشعلة,جنوب,300,3,4,5,4,1,1,1,1,0,1,0,0,0,0,0,1,1,0,70000,"للايجار فيلا شبه جديده  حي الشعله 
٤ غرف نوم  منهم ٢ ماستر 
مجلس ومقلط  ومطبخ 
حوش كراج 
غرفه سواق 
غرفه خادمه 
تكيف المجلس وغرفه الماستر مركزي 
باقي البيت تكيف اسبلت",233.33,Modern
الدمام,حي طيبة,شمال غربي,450,4,7,5,2,1,1,0,1,0,0,1,0,1,0,0,1,0,1,55000,"للاجار بيت في حي طيبه زاويه

مكون من 
الدور الاخير / غزفه + دورة مياه + غرفة غسيل 
الدور العلوي الاول/
٥ غرف نوم منهم واحدة ماستر + صالة
والدور الارضي مجلس ومقلط وصالة كبيره وغرفه جلوس نساء ومطبخين ومستودع 



❇️ في حالة عدم الرد او الهاتف مغلق 
يسعد...",122.22,Modern
الدمام,حي الخالدية الشمالية,شرق,400,5,7,5,2,1,1,1,1,0,1,1,0,1,0,0,1,0,1,70000,‏فلا تشطيب ديلوكس خمس غرف نوم ومجلس ومقلط وصاله تين خمس دورات مياه غرفة غسيل غرفة عاملة منزلية مع دورة مياه مطبخين كراج سيارة حوش غرفة سواق الفلة بالكامل مكيفات  مركزيه جديده,175.0,Modern
الدمام,حي المنار,جنوب,200,0,7,5,2,1,1,0,1,1,1,1,0,1,0,1,1,0,0,60000,"فيلا دبلكس متصل مساحتها 200 متر 
الفيلا جديدة لم تسكن سوى 4 اشهر تقريبا 
يوجد 3 مكيفات راكبة ويوجد مطبخ راكب بقيمة 28 الف

قيمة الايجار السنوي : 
60.000 ريال بدون الاثاث
70.000 ريال مع الاثاث
وقابل للتفاوض مع الصامل",300.0,New
الدمام,حي الاثير,شرق,205,0,3,2,1,1,1,0,0,1,1,0,1,0,0,0,0,0,0,60000,يقع مجمع العائلة في الدمام استراتيجيًا بالقرب من طريق الظهران- الجبيل السريع. تشغل أكثر من 9000 متر مربع من المباني المبنية فوق المنطقة ، يتكون العقار من أكثر من 60 فلل غير مفروشة للايجار بأسعار معقولة مع خيارين (فيلات من غرفتي نوم و 3 غرف نوم). يقدم...,292.68,New
الدمام,حي المنتزه,غرب,387,0,5,5,3,1,0,1,1,0,1,0,0,1,0,0,1,0,0,140000,"الفئه المستهدفه للتاجير:
موظفين شركات الكبرى
رجال الاعمال 


لتوضيح 140 الف دفعتين
135 الف دفعه واحده 
للجادين انا صاحب الفيلا 
واتس 0565569555",361.76,New
الدمام,حي المدينة الصناعية الثانية,جنوب,355,0,7,5,2,1,1,0,1,0,1,1,0,1,0,1,1,0,0,65000,جديدة,183.1,New
الدمام,حي الحمراء,شرق,600,9,7,5,2,1,1,1,1,1,1,1,0,1,0,0,1,1,1,85000,فلا زاويه ع كيف كيفك بحي الحمراء مع التكيف ويوجد مصعد بالفلا والتفصيل الثانيه ع الوتساب,141.67,Medium
الدمام,حي الشاطئ الغربي,شمال,380,0,5,4,1,1,1,0,1,1,1,0,0,1,0,0,0,0,0,60000,‏دور ارضي بحي الشاطئ الغربي يتكون من ثلاث غرف نوم ‏ومقلط ومجلس وغرفة شغالة واربع دورات مياه مطبخ خارجي وداخلي حوش كراج سيارة مكيفة بالكامل تكييف مركزي بدون أثاث,157.89,New
الدمام,حي المنار,شمال,350,0,7,5,3,1,1,1,1,0,0,0,0,1,0,0,1,0,0,100000,"فيلا جديدة للايجار بحي المنار  موقع ممتاز
الواجهة حجر ورخام 
قريبة من الخدمات وقريبة من النخيل مول 
تتكون من
الدور الارضي 
مجلس رجال
مقلط
مطبخ


صالة كبيرة وصالة صغيرة


غرفة نساء
دورتين مياه
مدخل سيارة
حوش بمساحة 70متر
مستودع خارجي
دورة مياه خارجية
...",285.71,New
الدمام,حي السيف,غرب,300,11,6,5,2,1,1,1,1,0,1,1,0,1,0,1,1,0,0,75000,فلة في حي الراكة الشمالية متصلة للايجار تتكون من  صاله ومجلس  ومطبخ ومقلط وحوش وغرفة سائق وحمامين بالدور الارضي الاول يوجد ٤ غرف نوم مع صاله  الدور الاخير فيه غرفة خادمة مع حمام + سطح البيت مكيف بالكامل ومجدد الصيانه,250.0,Medium
الدمام,حي الشعلة,جنوب,300,3,4,5,4,1,1,1,1,0,1,0,0,0,0,0,1,1,0,70000,"للايجار فيلا شبه جديده  حي الشعله 
٤ غرف نوم  منهم ٢ ماستر 
مجلس ومقلط  ومطبخ 
حوش كراج 
غرفه سواق 
غرفه خادمه 
تكيف المجلس وغرفه الماستر مركزي 
باقي البيت تكيف اسبلت",233.33,Modern
الدمام,حي طيبة,شمال غربي,450,4,7,5,2,1,1,0,1,0,0,1,0,1,0,0,1,0,1,55000,"للاجار بيت في حي طيبه زاويه

مكون من 
الدور الاخير / غزفه + دورة مياه + غرفة غسيل 
الدور العلوي الاول/
٥ غرف نوم منهم واحدة ماستر + صالة
والدور الارضي مجلس ومقلط وصالة كبيره وغرفه جلوس نساء ومطبخين ومستودع 



❇️ في حالة عدم الرد او الهاتف مغلق 
يسعد...",122.22,Modern
الدمام,حي الخالدية الشمالية,شرق,400,5,7,5,2,1,1,1,1,0,1,1,0,1,0,0,1,0,1,70000,‏فلا تشطيب ديلوكس خمس غرف نوم ومجلس ومقلط وصاله تين خمس دورات مياه غرفة غسيل غرفة عاملة منزلية مع دورة مياه مطبخين كراج سيارة حوش غرفة سواق الفلة بالكامل مكيفات  مركزيه جديده,175.0,Modern
الدمام,حي المنار,جنوب,200,0,7,5,2,1,1,0,1,1,1,1,0,1,0,1,1,0,0,60000,"فيلا دبلكس متصل مساحتها 200 متر 
الفيلا جديدة لم تسكن سوى 4 اشهر تقريبا 
يوجد 3 مكيفات راكبة ويوجد مطبخ راكب بقيمة 28 الف

قيمة الايجار السنوي : 
60.000 ريال بدون الاثاث
70.000 ريال مع الاثاث
وقابل للتفاوض مع الصامل",300.0,New
الدمام,حي الاثير,شرق,205,0,3,2,1,1,1,0,0,1,1,0,1,0,0,0,0,0,0,60000,يقع مجمع العائلة في الدمام استراتيجيًا بالقرب من طريق الظهران- الجبيل السريع. تشغل أكثر من 9000 متر مربع من المباني المبنية فوق المنطقة ، يتكون العقار من أكثر من 60 فلل غير مفروشة للايجار بأسعار معقولة مع خيارين (فيلات من غرفتي نوم و 3 غرف نوم). يقدم...,292.68,New
الدمام,حي المنتزه,غرب,387,0,5,5,3,1,0,1,1,0,1,0,0,1,0,0,1,0,0,140000,"الفئه المستهدفه للتاجير:
موظفين شركات الكبرى
رجال الاعمال 


لتوضيح 140 الف دفعتين
135 الف دفعه واحده 
للجادين انا صاحب الفيلا 
واتس 0565569555",361.76,New
الدمام,حي المدينة الصناعية الثانية,جنوب,355,0,7,5,2,1,1,0,1,0,1,1,0,1,0,1,1,0,0,65000,جديدة,183.1,New
الدمام,حي الحمراء,شرق,600,9,7,5,2,1,1,1,1,1,1,1,0,1,0,0,1,1,1,85000,فلا زاويه ع كيف كيفك بحي الحمراء مع التكيف ويوجد مصعد بالفلا والتفصيل الثانيه ع الوتساب,141.67,Medium
الدمام,حي الشاطئ الغربي,شمال,380,0,5,4,1,1,1,0,1,1,1,0,0,1,0,0,0,0,0,60000,‏دور ارضي بحي الشاطئ الغربي يتكون من ثلاث غرف نوم ‏ومقلط ومجلس وغرفة شغالة واربع دورات مياه مطبخ خارجي وداخلي حوش كراج سيارة مكيفة بالكامل تكييف مركزي بدون أثاث,157.89,New
الدمام,حي المنار,شمال,350,0,7,5,3,1,1,1,1,0,0,0,0,1,0,0,1,0,0,100000,"فيلا جديدة للايجار بحي المنار  موقع ممتاز
الواجهة حجر ورخام 
قريبة من الخدمات وقريبة من النخيل مول 
تتكون من
الدور الارضي 
مجلس رجال
مقلط
مطبخ


صالة كبيرة وصالة صغيرة


غرفة نساء
دورتين مياه
مدخل سيارة
حوش بمساحة 70متر
مستودع خارجي
دورة مياه خارجية
...",285.71,New
الدمام,حي السيف,غرب,300,11,6,5,2,1,1,1,1,0,1,1,0,1,0,1,1,0,0,75000,فلة في حي الراكة الشمالية متصلة للايجار تتكون من  صاله ومجلس  ومطبخ ومقلط وحوش وغرفة سائق وحمامين بالدور الارضي الاول يوجد ٤ غرف نوم مع صاله  الدور الاخير فيه غرفة خادمة مع حمام + سطح البيت مكيف بالكامل ومجدد الصيانه,250.0,Medium
الدمام,حي الشعلة,جنوب,300,3,4,5,4,1,1,1,1,0,1,0,0,0,0,0,1,1,0,70000,"للايجار فيلا شبه جديده  حي الشعله 
٤ غرف نوم  منهم ٢ ماستر 
مجلس ومقلط  ومطبخ 
حوش كراج 
غرفه سواق 
غرفه خادمه 
تكيف المجلس وغرفه الماستر مركزي 
باقي البيت تكيف اسبلت",233.33,Modern
الدمام,حي طيبة,شمال غربي,450,4,7,5,2,1,1,0,1,0,0,1,0,1,0,0,1,0,1,55000,"للاجار بيت في حي طيبه زاويه

مكون من 
الدور الاخير / غزفه + دورة مياه + غرفة غسيل 
الدور العلوي الاول/
٥ غرف نوم منهم واحدة ماستر + صالة
والدور الارضي مجلس ومقلط وصالة كبيره وغرفه جلوس نساء ومطبخين ومستودع 



❇️ في حالة عدم الرد او الهاتف مغلق 
يسعد...",122.22,Modern
الدمام,حي الخالدية الشمالية,شرق,400,5,7,5,2,1,1,1,1,0,1,1,0,1,0,0,1,0,1,70000,‏فلا تشطيب ديلوكس خمس غرف نوم ومجلس ومقلط وصاله تين خمس دورات مياه غرفة غسيل غرفة عاملة منزلية مع دورة مياه مطبخين كراج سيارة حوش غرفة سواق الفلة بالكامل مكيفات  مركزيه جديده,175.0,Modern
الدمام,حي المنار,جنوب,200,0,7,5,2,1,1,0,1,1,1,1,0,1,0,1,1,0,0,60000,"فيلا دبلكس متصل مساحتها 200 متر 
الفيلا جديدة لم تسكن سوى 4 اشهر تقريبا 
يوجد 3 مكيفات راكبة ويوجد مطبخ راكب بقيمة 28 الف

قيمة الايجار السنوي : 
60.000 ريال بدون الاثاث
70.000 ريال مع الاثاث
وقابل للتفاوض مع الصامل",300.0,New
الدمام,حي الاثير,شرق,205,0,3,2,1,1,1,0,0,1,1,0,1,0,0,0,0,0,0,60000,يقع مجمع العائلة في الدمام استراتيجيًا بالقرب من طريق الظهران- الجبيل السريع. تشغل أكثر من 9000 متر مربع من المباني المبنية فوق المنطقة ، يتكون العقار من أكثر من 60 فلل غير مفروشة للايجار بأسعار معقولة مع خيارين (فيلات من غرفتي نوم و 3 غرف نوم). يقدم...,292.68,New
الدمام,حي المنتزه,غرب,387,0,5,5,3,1,0,1,1,0,1,0,0,1,0,0,1,0,0,140000,"الفئه المستهدفه للتاجير:
موظفين شركات الكبرى
رجال الاعمال 


لتوضيح 140 الف دفعتين
135 الف دفعه واحده 
للجادين انا صاحب الفيلا 
واتس 0565569555",361.76,New
الدمام,حي المدينة الصناعية الثانية,جنوب,355,0,7,5,2,1,1,0,1,0,1,1,0,1,0,1,1,0,0,65000,جديدة,183.1,New
الدمام,حي الحمراء,شرق,600,9,7,5,2,1,1,1,1,1,1,1,0,1,0,0,1,1,1,85000,فلا زاويه ع كيف كيفك بحي الحمراء مع التكيف ويوجد مصعد بالفلا والتفصيل الثانيه ع الوتساب,141.67,Medium
الدمام,حي الشاطئ الغربي,شمال,380,0,5,4,1,1,1,0,1,1,1,0,0,1,0,0,0,0,0,60000,‏دور ارضي بحي الشاطئ الغربي يتكون من ثلاث غرف نوم ‏ومقلط ومجلس وغرفة شغالة واربع دورات مياه مطبخ خارجي وداخلي حوش كراج سيارة مكيفة بالكامل تكييف مركزي بدون أثاث,157.89,New
الدمام,حي المنار,شمال,350,0,7,5,3,1,1,1,1,0,0,0,0,1,0,0,1,0,0,100000,"فيلا جديدة للايجار بحي المنار  موقع ممتاز
الواجهة حجر ورخام 
قريبة من الخدمات وقريبة من النخيل مول 
تتكون من
الدور الارضي 
مجلس رجال
مقلط
مطبخ


صالة كبيرة وصالة صغيرة


غرفة نساء
دورتين مياه
مدخل سيارة
حوش بمساحة 70متر
مستودع خارجي
دورة مياه خارجية
...",285.71,New
الدمام,حي السيف,غرب,300,11,6,5,2,1,1,1,1,0,1,1,0,1,0,1,1,0,0,75000,فلة في حي الراكة الشمالية متصلة للايجار تتكون من  صاله ومجلس  ومطبخ ومقلط وحوش وغرفة سائق وحمامين بالدور الارضي الاول يوجد ٤ غرف نوم مع صاله  الدور الاخير فيه غرفة خادمة مع حمام + سطح البيت مكيف بالكامل ومجدد الصيانه,250.0,Medium
الدمام,حي الشعلة,جنوب,300,3,4,5,4,1,1,1,1,0,1,0,0,0,0,0,1,1,0,70000,"للايجار فيلا شبه جديده  حي الشعله 
٤ غرف نوم  منهم ٢ ماستر 
مجلس ومقلط  ومطبخ 
حوش كراج 
غرفه سواق 
غرفه خادمه 
تكيف المجلس وغرفه الماستر مركزي 
باقي البيت تكيف اسبلت",233.33,Modern
الدمام,حي طيبة,شمال غربي,450,4,7,5,2,1,1,0,1,0,0,1,0,1,0,0,1,0,1,55000,"للاجار بيت في حي طيبه زاويه

مكون من 
الدور الاخير / غزفه + دورة مياه + غرفة غسيل 
الدور العلوي الاول/
٥ غرف نوم منهم واحدة ماستر + صالة
والدور الارضي مجلس ومقلط وصالة كبيره وغرفه جلوس نساء ومطبخين ومستودع 



❇️ في حالة عدم الرد او الهاتف مغلق 
يسعد...",122.22,Modern
الدمام,حي الخالدية الشمالية,شرق,400,5,7,5,2,1,1,1,1,0,1,1,0,1,0,0,1,0,1,70000,‏فلا تشطيب ديلوكس خمس غرف نوم ومجلس ومقلط وصاله تين خمس دورات مياه غرفة غسيل غرفة عاملة منزلية مع دورة مياه مطبخين كراج سيارة حوش غرفة سواق الفلة بالكامل مكيفات  مركزيه جديده,175.0,Modern
الدمام,حي المنار,جنوب,200,0,7,5,2,1,1,0,1,1,1,1,0,1,0,1,1,0,0,60000,"فيلا دبلكس متصل مساحتها 200 متر 
الفيلا جديدة لم تسكن سوى 4 اشهر تقريبا 
يوجد 3 مكيفات راكبة ويوجد مطبخ راكب بقيمة 28 الف

قيمة الايجار السنوي : 
60.000 ريال بدون الاثاث
70.000 ريال مع الاثاث
وقابل للتفاوض مع الصامل",300.0,New
الدمام,حي الاثير,شرق,205,0,3,2,1,1,1,0,0,1,1,0,1,0,0,0,0,0,0,60000,يقع مجمع العائلة في الدمام استراتيجيًا بالقرب من طريق الظهران- الجبيل السريع. تشغل أكثر من 9000 متر مربع من المباني المبنية فوق المنطقة ، يتكون العقار من أكثر من 60 فلل غير مفروشة للايجار بأسعار معقولة مع خيارين (فيلات من غرفتي نوم و 3 غرف نوم). يقدم...,292.68,New
الدمام,حي المنتزه,غرب,387,0,5,5,3,1,0,1,1,0,1,0,0,1,0,0,1,0,0,140000,"الفئه المستهدفه للتاجير:
موظفين شركات الكبرى
رجال الاعمال 


لتوضيح 140 الف دفعتين
135 الف دفعه واحده 
للجادين انا صاحب الفيلا 
واتس 0565569555",361.76,New
الدمام,حي المدينة الصناعية الثانية,جنوب,355,0,7,5,2,1,1,0,1,0,1,1,0,1,0,1,1,0,0,65000,جديدة,183.1,New
الدمام,حي الحمراء,شرق,600,9,7,5,2,1,1,1,1,1,1,1,0,1,0,0,1,1,1,85000,فلا زاويه ع كيف كيفك بحي الحمراء مع التكيف ويوجد مصعد بالفلا والتفصيل الثانيه ع الوتساب,141.67,Medium
الدمام,حي الشاطئ الغربي,شمال,380,0,5,4,1,1,1,0,1,1,1,0,0,1,0,0,0,0,0,60000,‏دور ارضي بحي الشاطئ الغربي يتكون من ثلاث غرف نوم ‏ومقلط ومجلس وغرفة شغالة واربع دورات مياه مطبخ خارجي وداخلي حوش كراج سيارة مكيفة بالكامل تكييف مركزي بدون أثاث,157.89,New
الدمام,حي المنار,شمال,350,0,7,5,3,1,1,1,1,0,0,0,0,1,0,0,1,0,0,100000,"فيلا جديدة للايجار بحي المنار  موقع ممتاز
الواجهة حجر ورخام 
قريبة من الخدمات وقريبة من النخيل مول 
تتكون من
الدور الارضي 
مجلس رجال
مقلط
مطبخ


صالة كبيرة وصالة صغيرة


غرفة نساء
دورتين مياه
مدخل سيارة
حوش بمساحة 70متر
مستودع خارجي
دورة مياه خارجية
...",285.71,New
الدمام,حي السيف,غرب,300,11,6,5,2,1,1,1,1,0,1,1,0,1,0,1,1,0,0,75000,فلة في حي الراكة الشمالية متصلة للايجار تتكون من  صاله ومجلس  ومطبخ ومقلط وحوش وغرفة سائق وحمامين بالدور الارضي الاول يوجد ٤ غرف نوم مع صاله  الدور الاخير فيه غرفة خادمة مع حمام + سطح البيت مكيف بالكامل ومجدد الصيانه,250.0,Medium
الدمام,حي الشعلة,جنوب,300,3,4,5,4,1,1,1,1,0,1,0,0,0,0,0,1,1,0,70000,"للايجار فيلا شبه جديده  حي الشعله 
٤ غرف نوم  منهم ٢ ماستر 
مجلس ومقلط  ومطبخ 
حوش كراج 
غرفه سواق 
غرفه خادمه 
تكيف المجلس وغرفه الماستر مركزي 
باقي البيت تكيف اسبلت",233.33,Modern
الدمام,حي طيبة,شمال غربي,450,4,7,5,2,1,1,0,1,0,0,1,0,1,0,0,1,0,1,55000,"للاجار بيت في حي طيبه زاويه

مكون من 
الدور الاخير / غزفه + دورة مياه + غرفة غسيل 
الدور العلوي الاول/
٥ غرف نوم منهم واحدة ماستر + صالة
والدور الارضي مجلس ومقلط وصالة كبيره وغرفه جلوس نساء ومطبخين ومستودع 



❇️ في حالة عدم الرد او الهاتف مغلق 
يسعد...",122.22,Modern
الدمام,حي الخالدية الشمالية,شرق,400,5,7,5,2,1,1,1,1,0,1,1,0,1,0,0,1,0,1,70000,‏فلا تشطيب ديلوكس خمس غرف نوم ومجلس ومقلط وصاله تين خمس دورات مياه غرفة غسيل غرفة عاملة منزلية مع دورة مياه مطبخين كراج سيارة حوش غرفة سواق الفلة بالكامل مكيفات  مركزيه جديده,175.0,Modern
الدمام,حي المنار,جنوب,200,0,7,5,2,1,1,0,1,1,1,1,0,1,0,1,1,0,0,60000,"فيلا دبلكس متصل مساحتها 200 متر 
الفيلا جديدة لم تسكن سوى 4 اشهر تقريبا 
يوجد 3 مكيفات راكبة ويوجد مطبخ راكب بقيمة 28 الف

قيمة الايجار السنوي : 
60.000 ريال بدون الاثاث
70.000 ريال مع الاثاث
وقابل للتفاوض مع الصامل",300.0,New
الدمام,حي الاثير,شرق,205,0,3,2,1,1,1,0,0,1,1,0,1,0,0,0,0,0,0,60000,يقع مجمع العائلة في الدمام استراتيجيًا بالقرب من طريق الظهران- الجبيل السريع. تشغل أكثر من 9000 متر مربع من المباني المبنية فوق المنطقة ، يتكون العقار من أكثر من 60 فلل غير مفروشة للايجار بأسعار معقولة مع خيارين (فيلات من غرفتي نوم و 3 غرف نوم). يقدم...,292.68,New
الدمام,حي المنتزه,غرب,387,0,5,5,3,1,0,1,1,0,1,0,0,1,0,0,1,0,0,140000,"الفئه المستهدفه للتاجير:
موظفين شركات الكبرى
رجال الاعمال 


لتوضيح 140 الف دفعتين
135 الف دفعه واحده 
للجادين انا صاحب الفيلا 
واتس 0565569555",361.76,New
الدمام,حي المدينة الصناعية الثانية,جنوب,355,0,7,5,2,1,1,0,1,0,1,1,0,1,0,1,1,0,0,65000,جديدة,183.1,New
الدمام,حي الحمراء,شرق,600,9,7,5,2,1,1,1,1,1,1,1,0,1,0,0,1,1,1,85000,فلا زاويه ع كيف كيفك بحي الحمراء مع التكيف ويوجد مصعد بالفلا والتفصيل الثانيه ع الوتساب,141.67,Medium
الدمام,حي الشاطئ الغربي,شمال,380,0,5,4,1,1,1,0,1,1,1,0,0,1,0,0,0,0,0,60000,‏دور ارضي بحي الشاطئ الغربي يتكون من ثلاث غرف نوم ‏ومقلط ومجلس وغرفة شغالة واربع دورات مياه مطبخ خارجي وداخلي حوش كراج سيارة مكيفة بالكامل تكييف مركزي بدون أثاث,157.89,New
الدمام,حي المنار,شمال,350,0,7,5,3,1,1,1,1,0,0,0,0,1,0,0,1,0,0,100000,"فيلا جديدة للايجار بحي المنار  موقع ممتاز
الواجهة حجر ورخام 
قريبة من الخدمات وقريبة من النخيل مول 
تتكون من
الدور الارضي 
مجلس رجال
مقلط
مطبخ


صالة كبيرة وصالة صغيرة


غرفة نساء
دورتين مياه
مدخل سيارة
حوش بمساحة 70متر
مستودع خارجي
دورة مياه خارجية
...",285.71,New
الدمام,حي السيف,غرب,300,11,6,5,2,1,1,1,1,0,1,1,0,1,0,1,1,0,0,75000,فلة في حي الراكة الشمالية متصلة للايجار تتكون من  صاله ومجلس  ومطبخ ومقلط وحوش وغرفة سائق وحمامين بالدور الارضي الاول يوجد ٤ غرف نوم مع صاله  الدور الاخير فيه غرفة خادمة مع حمام + سطح البيت مكيف بالكامل ومجدد الصيانه,250.0,Medium
الدمام,حي الشعلة,جنوب,300,3,4,5,4,1,1,1,1,0,1,0,0,0,0,0,1,1,0,70000,"للايجار فيلا شبه جديده  حي الشعله 
٤ غرف نوم  منهم ٢ ماستر 
مجلس ومقلط  ومطبخ 
حوش كراج 
غرفه سواق 
غرفه خادمه 
تكيف المجلس وغرفه الماستر مركزي 
باقي البيت تكيف اسبلت",233.33,Modern
الدمام,حي طيبة,شمال غربي,450,4,7,5,2,1,1,0,1,0,0,1,0,1,0,0,1,0,1,55000,"للاجار بيت في حي طيبه زاويه

مكون من 
الدور الاخير / غزفه + دورة مياه + غرفة غسيل 
الدور العلوي الاول/
٥ غرف نوم منهم واحدة ماستر + صالة
والدور الارضي مجلس ومقلط وصالة كبيره وغرفه جلوس نساء ومطبخين ومستودع 



❇️ في حالة عدم الرد او الهاتف مغلق 
يسعد...",122.22,Modern
الدمام,حي الخالدية الشمالية,شرق,400,5,7,5,2,1,1,1,1,0,1,1,0,1,0,0,1,0,1,70000,‏فلا تشطيب ديلوكس خمس غرف نوم ومجلس ومقلط وصاله تين خمس دورات مياه غرفة غسيل غرفة عاملة منزلية مع دورة مياه مطبخين كراج سيارة حوش غرفة سواق الفلة بالكامل مكيفات  مركزيه جديده,175.0,Modern
الدمام,حي المنار,جنوب,200,0,7,5,2,1,1,0,1,1,1,1,0,1,0,1,1,0,0,60000,"فيلا دبلكس متصل مساحتها 200 متر 
الفيلا جديدة لم تسكن سوى 4 اشهر تقريبا 
يوجد 3 مكيفات راكبة ويوجد مطبخ راكب بقيمة 28 الف

قيمة الايجار السنوي : 
60.000 ريال بدون الاثاث
70.000 ريال مع الاثاث
وقابل للتفاوض مع الصامل",300.0,New
الدمام,حي الاثير,شرق,205,0,3,2,1,1,1,0,0,1,1,0,1,0,0,0,0,0,0,60000,يقع مجمع العائلة في الدمام استراتيجيًا بالقرب من طريق الظهران- الجبيل السريع. تشغل أكثر من 9000 متر مربع من المباني المبنية فوق المنطقة ، يتكون العقار من أكثر من 60 فلل غير مفروشة للايجار بأسعار معقولة مع خيارين (فيلات من غرفتي نوم و 3 غرف نوم). يقدم...,292.68,New
الدمام,حي المنتزه,غرب,387,0,5,5,3,1,0,1,1,0,1,0,0,1,0,0,1,0,0,140000,"الفئه المستهدفه للتاجير:
موظفين شركات الكبرى
رجال الاعمال 


لتوضيح 140 الف دفعتين
135 الف دفعه واحده 
للجادين انا صاحب الفيلا 
واتس 0565569555",361.76,New
الدمام,حي المدينة الصناعية الثانية,جنوب,355,0,7,5,2,1,1,0,1,0,1,1,0,1,0,1,1,0,0,65000,جديدة,183.1,New
الدمام,حي الحمراء,شرق,600,9,7,5,2,1,1,1,1,1,1,1,0,1,0,0,1,1,1,85000,فلا زاويه ع كيف كيفك بحي الحمراء مع التكيف ويوجد مصعد بالفلا والتفصيل الثانيه ع الوتساب,141.67,Medium
الدمام,حي الشاطئ الغربي,شمال,380,0,5,4,1,1,1,0,1,1,1,0,0,1,0,0,0,0,0,60000,‏دور ارضي بحي الشاطئ الغربي يتكون من ثلاث غرف نوم ‏ومقلط ومجلس وغرفة شغالة واربع دورات مياه مطبخ خارجي وداخلي حوش كراج سيارة مكيفة بالكامل تكييف مركزي بدون أثاث,157.89,New
الدمام,حي المنار,شمال,350,0,7,5,3,1,1,1,1,0,0,0,0,1,0,0,1,0,0,100000,"فيلا جديدة للايجار بحي المنار  موقع ممتاز
الواجهة حجر ورخام 
قريبة من الخدمات وقريبة من النخيل مول 
تتكون من
الدور الارضي 
مجلس رجال
مقلط
مطبخ


صالة كبيرة وصالة صغيرة


غرفة نساء
دورتين مياه
مدخل سيارة
حوش بمساحة 70متر
مستودع خارجي
دورة مياه خارجية
...",285.71,New
الدمام,حي السيف,غرب,300,11,6,5,2,1,1,1,1,0,1,1,0,1,0,1,1,0,0,75000,فلة في حي الراكة الشمالية متصلة للايجار تتكون من  صاله ومجلس  ومطبخ ومقلط وحوش وغرفة سائق وحمامين بالدور الارضي الاول يوجد ٤ غرف نوم مع صاله  الدور الاخير فيه غرفة خادمة مع حمام + سطح البيت مكيف بالكامل ومجدد الصيانه,250.0,Medium
الدمام,حي الشعلة,جنوب,300,3,4,5,4,1,1,1,1,0,1,0,0,0,0,0,1,1,0,70000,"للايجار فيلا شبه جديده  حي الشعله 
٤ غرف نوم  منهم ٢ ماستر 
مجلس ومقلط  ومطبخ 
حوش كراج 
غرفه سواق 
غرفه خادمه 
تكيف المجلس وغرفه الماستر مركزي 
باقي البيت تكيف اسبلت",233.33,Modern
الدمام,حي طيبة,شمال غربي,450,4,7,5,2,1,1,0,1,0,0,1,0,1,0,0,1,0,1,55000,"للاجار بيت في حي طيبه زاويه

مكون من 
الدور الاخير / غزفه + دورة مياه + غرفة غسيل 
الدور العلوي الاول/
٥ غرف نوم منهم واحدة ماستر + صالة
والدور الارضي مجلس ومقلط وصالة كبيره وغرفه جلوس نساء ومطبخين ومستودع 



❇️ في حالة عدم الرد او الهاتف مغلق 
يسعد...",122.22,Modern
الدمام,حي الخالدية الشمالية,شرق,400,5,7,5,2,1,1,1,1,0,1,1,0,1,0,0,1,0,1,70000,‏فلا تشطيب ديلوكس خمس غرف نوم ومجلس ومقلط وصاله تين خمس دورات مياه غرفة غسيل غرفة عاملة منزلية مع دورة مياه مطبخين كراج سيارة حوش غرفة سواق الفلة بالكامل مكيفات  مركزيه جديده,175.0,Modern
الدمام,حي المنار,جنوب,200,0,7,5,2,1,1,0,1,1,1,1,0,1,0,1,1,0,0,60000,"فيلا دبلكس متصل مساحتها 200 متر 
الفيلا جديدة لم تسكن سوى 4 اشهر تقريبا 
يوجد 3 مكيفات راكبة ويوجد مطبخ راكب بقيمة 28 الف

قيمة الايجار السنوي : 
60.000 ريال بدون الاثاث
70.000 ريال مع الاثاث
وقابل للتفاوض مع الصامل",300.0,New
الدمام,حي الاثير,شرق,205,0,3,2,1,1,1,0,0,1,1,0,1,0,0,0,0,0,0,60000,يقع مجمع العائلة في الدمام استراتيجيًا بالقرب من طريق الظهران- الجبيل السريع. تشغل أكثر من 9000 متر مربع من المباني المبنية فوق المنطقة ، يتكون العقار من أكثر من 60 فلل غير مفروشة للايجار بأسعار معقولة مع خيارين (فيلات من غرفتي نوم و 3 غرف نوم). يقدم...,292.68,New
الدمام,حي المنتزه,غرب,387,0,5,5,3,1,0,1,1,0,1,0,0,1,0,0,1,0,0,140000,"الفئه المستهدفه للتاجير:
موظفين شركات الكبرى
رجال الاعمال 


لتوضيح 140 الف دفعتين
135 الف دفعه واحده 
للجادين انا صاحب الفيلا 
واتس 0565569555",361.76,New
الدمام,حي المدينة الصناعية الثانية,جنوب,355,0,7,5,2,1,1,0,1,0,1,1,0,1,0,1,1,0,0,65000,جديدة,183.1,New
الدمام,حي الحمراء,شرق,600,9,7,5,2,1,1,1,1,1,1,1,0,1,0,0,1,1,1,85000,فلا زاويه ع كيف كيفك بحي الحمراء مع التكيف ويوجد مصعد بالفلا والتفصيل الثانيه ع الوتساب,141.67,Medium
الدمام,حي الشاطئ الغربي,شمال,380,0,5,4,1,1,1,0,1,1,1,0,0,1,0,0,0,0,0,60000,‏دور ارضي بحي الشاطئ الغربي يتكون من ثلاث غرف نوم ‏ومقلط ومجلس وغرفة شغالة واربع دورات مياه مطبخ خارجي وداخلي حوش كراج سيارة مكيفة بالكامل تكييف مركزي بدون أثاث,157.89,New
الدمام,حي المنار,شمال,350,0,7,5,3,1,1,1,1,0,0,0,0,1,0,0,1,0,0,100000,"فيلا جديدة للايجار بحي المنار  موقع ممتاز
الواجهة حجر ورخام 
قريبة من الخدمات وقريبة من النخيل مول 
تتكون من
الدور الارضي 
مجلس رجال
مقلط
مطبخ


صالة كبيرة وصالة صغيرة


غرفة نساء
دورتين مياه
مدخل سيارة
حوش بمساحة 70متر
مستودع خارجي
دورة مياه خارجية
...",285.71,New
الدمام,حي السيف,غرب,300,11,6,5,2,1,1,1,1,0,1,1,0,1,0,1,1,0,0,75000,فلة في حي الراكة الشمالية متصلة للايجار تتكون من  صاله ومجلس  ومطبخ ومقلط وحوش وغرفة سائق وحمامين بالدور الارضي الاول يوجد ٤ غرف نوم مع صاله  الدور الاخير فيه غرفة خادمة مع حمام + سطح البيت مكيف بالكامل ومجدد الصيانه,250.0,Medium
الدمام,حي الشعلة,جنوب,300,3,4,5,4,1,1,1,1,0,1,0,0,0,0,0,1,1,0,70000,"للايجار فيلا شبه جديده  حي الشعله 
٤ غرف نوم  منهم ٢ ماستر 
مجلس ومقلط  ومطبخ 
حوش كراج 
غرفه سواق 
غرفه خادمه 
تكيف المجلس وغرفه الماستر مركزي 
باقي البيت تكيف اسبلت",233.33,Modern
الدمام,حي طيبة,شمال غربي,450,4,7,5,2,1,1,0,1,0,0,1,0,1,0,0,1,0,1,55000,"للاجار بيت في حي طيبه زاويه

مكون من 
الدور الاخير / غزفه + دورة مياه + غرفة غسيل 
الدور العلوي الاول/
٥ غرف نوم منهم واحدة ماستر + صالة
والدور الارضي مجلس ومقلط وصالة كبيره وغرفه جلوس نساء ومطبخين ومستودع 



❇️ في حالة عدم الرد او الهاتف مغلق 
يسعد...",122.22,Modern
الدمام,حي الخالدية الشمالية,شرق,400,5,7,5,2,1,1,1,1,0,1,1,0,1,0,0,1,0,1,70000,‏فلا تشطيب ديلوكس خمس غرف نوم ومجلس ومقلط وصاله تين خمس دورات مياه غرفة غسيل غرفة عاملة منزلية مع دورة مياه مطبخين كراج سيارة حوش غرفة سواق الفلة بالكامل مكيفات  مركزيه جديده,175.0,Modern
الدمام,حي المنار,جنوب,200,0,7,5,2,1,1,0,1,1,1,1,0,1,0,1,1,0,0,60000,"فيلا دبلكس متصل مساحتها 200 متر 
الفيلا جديدة لم تسكن سوى 4 اشهر تقريبا 
يوجد 3 مكيفات راكبة ويوجد مطبخ راكب بقيمة 28 الف

قيمة الايجار السنوي : 
60.000 ريال بدون الاثاث
70.000 ريال مع الاثاث
وقابل للتفاوض مع الصامل",300.0,New
الدمام,حي الاثير,شرق,205,0,3,2,1,1,1,0,0,1,1,0,1,0,0,0,0,0,0,60000,يقع مجمع العائلة في الدمام استراتيجيًا بالقرب من طريق الظهران- الجبيل السريع. تشغل أكثر من 9000 متر مربع من المباني المبنية فوق المنطقة ، يتكون العقار من أكثر من 60 فلل غير مفروشة للايجار بأسعار معقولة مع خيارين (فيلات من غرفتي نوم و 3 غرف نوم). يقدم...,292.68,New
الدمام,حي المنتزه,غرب,387,0,5,5,3,1,0,1,1,0,1,0,0,1,0,0,1,0,0,140000,"الفئه المستهدفه للتاجير:
موظفين شركات الكبرى
رجال الاعمال 


لتوضيح 140 الف دفعتين
135 الف دفعه واحده 
للجادين انا صاحب الفيلا 
واتس 0565569555",361.76,New
الدمام,حي المدينة الصناعية الثانية,جنوب,355,0,7,5,2,1,1,0,1,0,1,1,0,1,0,1,1,0,0,65000,جديدة,183.1,New
الدمام,حي الحمراء,شرق,600,9,7,5,2,1,1,1,1,1,1,1,0,1,0,0,1,1,1,85000,فلا زاويه ع كيف كيفك بحي الحمراء مع التكيف ويوجد مصعد بالفلا والتفصيل الثانيه ع الوتساب,141.67,Medium
الدمام,حي الشاطئ الغربي,شمال,380,0,5,4,1,1,1,0,1,1,1,0,0,1,0,0,0,0,0,60000,‏دور ارضي بحي الشاطئ الغربي يتكون من ثلاث غرف نوم ‏ومقلط ومجلس وغرفة شغالة واربع دورات مياه مطبخ خارجي وداخلي حوش كراج سيارة مكيفة بالكامل تكييف مركزي بدون أثاث,157.89,New
الدمام,حي المنار,شمال,350,0,7,5,3,1,1,1,1,0,0,0,0,1,0,0,1,0,0,100000,"فيلا جديدة للايجار بحي المنار  موقع ممتاز
الواجهة حجر ورخام 
قريبة من الخدمات وقريبة من النخيل مول 
تتكون من
الدور الارضي 
مجلس رجال
مقلط
مطبخ


صالة كبيرة وصالة صغيرة


غرفة نساء
دورتين مياه
مدخل سيارة
حوش بمساحة 70متر
مستودع خارجي
دورة مياه خارجية
...",285.71,New
الدمام,حي السيف,غرب,300,11,6,5,2,1,1,1,1,0,1,1,0,1,0,1,1,0,0,75000,فلة في حي الراكة الشمالية متصلة للايجار تتكون من  صاله ومجلس  ومطبخ ومقلط وحوش وغرفة سائق وحمامين بالدور الارضي الاول يوجد ٤ غرف نوم مع صاله  الدور الاخير فيه غرفة خادمة مع حمام + سطح البيت مكيف بالكامل ومجدد الصيانه,250.0,Medium
الدمام,حي الشعلة,جنوب,300,3,4,5,4,1,1,1,1,0,1,0,0,0,0,0,1,1,0,70000,"للايجار فيلا شبه جديده  حي الشعله 
٤ غرف نوم  منهم ٢ ماستر 
مجلس ومقلط  ومطبخ 
حوش كراج 
غرفه سواق 
غرفه خادمه 
تكيف المجلس وغرفه الماستر مركزي 
باقي البيت تكيف اسبلت",233.33,Modern
الدمام,حي طيبة,شمال غربي,450,4,7,5,2,1,1,0,1,0,0,1,0,1,0,0,1,0,1,55000,"للاجار بيت في حي طيبه زاويه

مكون من 
الدور الاخير / غزفه + دورة مياه + غرفة غسيل 
الدور العلوي الاول/
٥ غرف نوم منهم واحدة ماستر + صالة
والدور الارضي مجلس ومقلط وصالة كبيره وغرفه جلوس نساء ومطبخين ومستودع 



❇️ في حالة عدم الرد او الهاتف مغلق 
يسعد...",122.22,Modern
الدمام,حي الخالدية الشمالية,شرق,400,5,7,5,2,1,1,1,1,0,1,1,0,1,0,0,1,0,1,70000,‏فلا تشطيب ديلوكس خمس غرف نوم ومجلس ومقلط وصاله تين خمس دورات مياه غرفة غسيل غرفة عاملة منزلية مع دورة مياه مطبخين كراج سيارة حوش غرفة سواق الفلة بالكامل مكيفات  مركزيه جديده,175.0,Modern
الدمام,حي المنار,جنوب,200,0,7,5,2,1,1,0,1,1,1,1,0,1,0,1,1,0,0,60000,"فيلا دبلكس متصل مساحتها 200 متر 
الفيلا جديدة لم تسكن سوى 4 اشهر تقريبا 
يوجد 3 مكيفات راكبة ويوجد مطبخ راكب بقيمة 28 الف

قيمة الايجار السنوي : 
60.000 ريال بدون الاثاث
70.000 ريال مع الاثاث
وقابل للتفاوض مع الصامل",300.0,New
الدمام,حي الاثير,شرق,205,0,3,2,1,1,1,0,0,1,1,0,1,0,0,0,0,0,0,60000,يقع مجمع العائلة في الدمام استراتيجيًا بالقرب من طريق الظهران- الجبيل السريع. تشغل أكثر من 9000 متر مربع من المباني المبنية فوق المنطقة ، يتكون العقار من أكثر من 60 فلل غير مفروشة للايجار بأسعار معقولة مع خيارين (فيلات من غرفتي نوم و 3 غرف نوم). يقدم...,292.68,New
الدمام,حي المنتزه,غرب,387,0,5,5,3,1,0,1,1,0,1,0,0,1,0,0,1,0,0,140000,"الفئه المستهدفه للتاجير:
موظفين شركات الكبرى
رجال الاعمال 


لتوضيح 140 الف دفعتين
135 الف دفعه واحده 
للجادين انا صاحب الفيلا 
واتس 0565569555",361.76,New
الدمام,حي المدينة الصناعية الثانية,جنوب,355,0,7,5,2,1,1,0,1,0,1,1,0,1,0,1,1,0,0,65000,جديدة,183.1,New
الدمام,حي الحمراء,شرق,600,9,7,5,2,1,1,1,1,1,1,1,0,1,0,0,1,1,1,85000,فلا زاويه ع كيف كيفك بحي الحمراء مع التكيف ويوجد مصعد بالفلا والتفصيل الثانيه ع الوتساب,141.67,Medium
الدمام,حي الشاطئ الغربي,شمال,380,0,5,4,1,1,1,0,1,1,1,0,0,1,0,0,0,0,0,60000,‏دور ارضي بحي الشاطئ الغربي يتكون من ثلاث غرف نوم ‏ومقلط ومجلس وغرفة شغالة واربع دورات مياه مطبخ خارجي وداخلي حوش كراج سيارة مكيفة بالكامل تكييف مركزي بدون أثاث,157.89,New
الدمام,حي المنار,شمال,350,0,7,5,3,1,1,1,1,0,0,0,0,1,0,0,1,0,0,100000,"فيلا جديدة للايجار بحي المنار  موقع ممتاز
الواجهة حجر ورخام 
قريبة من الخدمات وقريبة من النخيل مول 
تتكون من
الدور الارضي 
مجلس رجال
مقلط
مطبخ


صالة كبيرة وصالة صغيرة


غرفة نساء
دورتين مياه
مدخل سيارة
حوش بمساحة 70متر
مستودع خارجي
دورة مياه خارجية
...",285.71,New
الدمام,حي السيف,غرب,300,11,6,5,2,1,1,1,1,0,1,1,0,1,0,1,1,0,0,75000,فلة في حي الراكة الشمالية متصلة للايجار تتكون من  صاله ومجلس  ومطبخ ومقلط وحوش وغرفة سائق وحمامين بالدور الارضي الاول يوجد ٤ غرف نوم مع صاله  الدور الاخير فيه غرفة خادمة مع حمام + سطح البيت مكيف بالكامل ومجدد الصيانه,250.0,Medium
الدمام,حي الشعلة,جنوب,300,3,4,5,4,1,1,1,1,0,1,0,0,0,0,0,1,1,0,70000,"للايجار فيلا شبه جديده  حي الشعله 
٤ غرف نوم  منهم ٢ ماستر 
مجلس ومقلط  ومطبخ 
حوش كراج 
غرفه سواق 
غرفه خادمه 
تكيف المجلس وغرفه الماستر مركزي 
باقي البيت تكيف اسبلت",233.33,Modern
الدمام,حي طيبة,شمال غربي,450,4,7,5,2,1,1,0,1,0,0,1,0,1,0,0,1,0,1,55000,"للاجار بيت في حي طيبه زاويه

مكون من 
الدور الاخير / غزفه + دورة مياه + غرفة غسيل 
الدور العلوي الاول/
٥ غرف نوم منهم واحدة ماستر + صالة
والدور الارضي مجلس ومقلط وصالة كبيره وغرفه جلوس نساء ومطبخين ومستودع 



❇️ في حالة عدم الرد او الهاتف مغلق 
يسعد...",122.22,Modern
الدمام,حي الخالدية الشمالية,شرق,400,5,7,5,2,1,1,1,1,0,1,1,0,1,0,0,1,0,1,70000,‏فلا تشطيب ديلوكس خمس غرف نوم ومجلس ومقلط وصاله تين خمس دورات مياه غرفة غسيل غرفة عاملة منزلية مع دورة مياه مطبخين كراج سيارة حوش غرفة سواق الفلة بالكامل مكيفات  مركزيه جديده,175.0,Modern
الدمام,حي المنار,جنوب,200,0,7,5,2,1,1,0,1,1,1,1,0,1,0,1,1,0,0,60000,"فيلا دبلكس متصل مساحتها 200 متر 
الفيلا جديدة لم تسكن سوى 4 اشهر تقريبا 
يوجد 3 مكيفات راكبة ويوجد مطبخ راكب بقيمة 28 الف

قيمة الايجار السنوي : 
60.000 ريال بدون الاثاث
70.000 ريال مع الاثاث
وقابل للتفاوض مع الصامل",300.0,New
الدمام,حي الاثير,شرق,205,0,3,2,1,1,1,0,0,1,1,0,1,0,0,0,0,0,0,60000,يقع مجمع العائلة في الدمام استراتيجيًا بالقرب من طريق الظهران- الجبيل السريع. تشغل أكثر من 9000 متر مربع من المباني المبنية فوق المنطقة ، يتكون العقار من أكثر من 60 فلل غير مفروشة للايجار بأسعار معقولة مع خيارين (فيلات من غرفتي نوم و 3 غرف نوم). يقدم...,292.68,New
الدمام,حي المنتزه,غرب,387,0,5,5,3,1,0,1,1,0,1,0,0,1,0,0,1,0,0,140000,"الفئه المستهدفه للتاجير:
موظفين شركات الكبرى
رجال الاعمال 


لتوضيح 140 الف دفعتين
135 الف دفعه واحده 
للجادين انا صاحب الفيلا 
واتس 0565569555",361.76,New
الدمام,حي المدينة الصناعية الثانية,جنوب,355,0,7,5,2,1,1,0,1,0,1,1,0,1,0,1,1,0,0,65000,جديدة,183.1,New
الدمام,حي الحمراء,شرق,600,9,7,5,2,1,1,1,1,1,1,1,0,1,0,0,1,1,1,85000,فلا زاويه ع كيف كيفك بحي الحمراء مع التكيف ويوجد مصعد بالفلا والتفصيل الثانيه ع الوتساب,141.67,Medium
الدمام,حي الشاطئ الغربي,شمال,380,0,5,4,1,1,1,0,1,1,1,0,0,1,0,0,0,0,0,60000,‏دور ارضي بحي الشاطئ الغربي يتكون من ثلاث غرف نوم ‏ومقلط ومجلس وغرفة شغالة واربع دورات مياه مطبخ خارجي وداخلي حوش كراج سيارة مكيفة بالكامل تكييف مركزي بدون أثاث,157.89,New
الدمام,حي المنار,شمال,350,0,7,5,3,1,1,1,1,0,0,0,0,1,0,0,1,0,0,100000,"فيلا جديدة للايجار بحي المنار  موقع ممتاز
الواجهة حجر ورخام 
قريبة من الخدمات وقريبة من النخيل مول 
تتكون من
الدور الارضي 
مجلس رجال
مقلط
مطبخ


صالة كبيرة وصالة صغيرة


غرفة نساء
دورتين مياه
مدخل سيارة
حوش بمساحة 70متر
مستودع خارجي
دورة مياه خارجية
...",285.71,New
الدمام,حي السيف,غرب,300,11,6,5,2,1,1,1,1,0,1,1,0,1,0,1,1,0,0,75000,فلة في حي الراكة الشمالية متصلة للايجار تتكون من  صاله ومجلس  ومطبخ ومقلط وحوش وغرفة سائق وحمامين بالدور الارضي الاول يوجد ٤ غرف نوم مع صاله  الدور الاخير فيه غرفة خادمة مع حمام + سطح البيت مكيف بالكامل ومجدد الصيانه,250.0,Medium
الدمام,حي الشعلة,جنوب,300,3,4,5,4,1,1,1,1,0,1,0,0,0,0,0,1,1,0,70000,"للايجار فيلا شبه جديده  حي الشعله 
٤ غرف نوم  منهم ٢ ماستر 
مجلس ومقلط  ومطبخ 
حوش كراج 
غرفه سواق 
غرفه خادمه 
تكيف المجلس وغرفه الماستر مركزي 
باقي البيت تكيف اسبلت",233.33,Modern
الدمام,حي طيبة,شمال غربي,450,4,7,5,2,1,1,0,1,0,0,1,0,1,0,0,1,0,1,55000,"للاجار بيت في حي طيبه زاويه

مكون من 
الدور الاخير / غزفه + دورة مياه + غرفة غسيل 
الدور العلوي الاول/
٥ غرف نوم منهم واحدة ماستر + صالة
والدور الارضي مجلس ومقلط وصالة كبيره وغرفه جلوس نساء ومطبخين ومستودع 



❇️ في حالة عدم الرد او الهاتف مغلق 
يسعد...",122.22,Modern
الدمام,حي الخالدية الشمالية,شرق,400,5,7,5,2,1,1,1,1,0,1,1,0,1,0,0,1,0,1,70000,‏فلا تشطيب ديلوكس خمس غرف نوم ومجلس ومقلط وصاله تين خمس دورات مياه غرفة غسيل غرفة عاملة منزلية مع دورة مياه مطبخين كراج سيارة حوش غرفة سواق الفلة بالكامل مكيفات  مركزيه جديده,175.0,Modern
الدمام,حي المنار,جنوب,200,0,7,5,2,1,1,0,1,1,1,1,0,1,0,1,1,0,0,60000,"فيلا دبلكس متصل مساحتها 200 متر 
الفيلا جديدة لم تسكن سوى 4 اشهر تقريبا 
يوجد 3 مكيفات راكبة ويوجد مطبخ راكب بقيمة 28 الف

قيمة الايجار السنوي : 
60.000 ريال بدون الاثاث
70.000 ريال مع الاثاث
وقابل للتفاوض مع الصامل",300.0,New
الدمام,حي الاثير,شرق,205,0,3,2,1,1,1,0,0,1,1,0,1,0,0,0,0,0,0,60000,يقع مجمع العائلة في الدمام استراتيجيًا بالقرب من طريق الظهران- الجبيل السريع. تشغل أكثر من 9000 متر مربع من المباني المبنية فوق المنطقة ، يتكون العقار من أكثر من 60 فلل غير مفروشة للايجار بأسعار معقولة مع خيارين (فيلات من غرفتي نوم و 3 غرف نوم). يقدم...,292.68,New
الدمام,حي المنتزه,غرب,387,0,5,5,3,1,0,1,1,0,1,0,0,1,0,0,1,0,0,140000,"الفئه المستهدفه للتاجير:
موظفين شركات الكبرى
رجال الاعمال 


لتوضيح 140 الف دفعتين
135 الف دفعه واحده 
للجادين انا صاحب الفيلا 
واتس 0565569555",361.76,New
الدمام,حي المدينة الصناعية الثانية,جنوب,355,0,7,5,2,1,1,0,1,0,1,1,0,1,0,1,1,0,0,65000,جديدة,183.1,New
الدمام,حي الحمراء,شرق,600,9,7,5,2,1,1,1,1,1,1,1,0,1,0,0,1,1,1,85000,فلا زاويه ع كيف كيفك بحي الحمراء مع التكيف ويوجد مصعد بالفلا والتفصيل الثانيه ع الوتساب,141.67,Medium
الدمام,حي الشاطئ الغربي,شمال,380,0,5,4,1,1,1,0,1,1,1,0,0,1,0,0,0,0,0,60000,‏دور ارضي بحي الشاطئ الغربي يتكون من ثلاث غرف نوم ‏ومقلط ومجلس وغرفة شغالة واربع دورات مياه مطبخ خارجي وداخلي حوش كراج سيارة مكيفة بالكامل تكييف مركزي بدون أثاث,157.89,New
الدمام,حي المنار,شمال,350,0,7,5,3,1,1,1,1,0,0,0,0,1,0,0,1,0,0,100000,"فيلا جديدة للايجار بحي المنار  موقع ممتاز
الواجهة حجر ورخام 
قريبة من الخدمات وقريبة من النخيل مول 
تتكون من
الدور الارضي 
مجلس رجال
مقلط
مطبخ


صالة كبيرة وصالة صغيرة


غرفة نساء
دورتين مياه
مدخل سيارة
حوش بمساحة 70متر
مستودع خارجي
دورة مياه خارجية
...",285.71,New
الدمام,حي السيف,غرب,300,11,6,5,2,1,1,1,1,0,1,1,0,1,0,1,1,0,0,75000,فلة في حي الراكة الشمالية متصلة للايجار تتكون من  صاله ومجلس  ومطبخ ومقلط وحوش وغرفة سائق وحمامين بالدور الارضي الاول يوجد ٤ غرف نوم مع صاله  الدور الاخير فيه غرفة خادمة مع حمام + سطح البيت مكيف بالكامل ومجدد الصيانه,250.0,Medium
الدمام,حي الشعلة,جنوب,300,3,4,5,4,1,1,1,1,0,1,0,0,0,0,0,1,1,0,70000,"للايجار فيلا شبه جديده  حي الشعله 
٤ غرف نوم  منهم ٢ ماستر 
مجلس ومقلط  ومطبخ 
حوش كراج 
غرفه سواق 
غرفه خادمه 
تكيف المجلس وغرفه الماستر مركزي 
باقي البيت تكيف اسبلت",233.33,Modern
الدمام,حي طيبة,شمال غربي,450,4,7,5,2,1,1,0,1,0,0,1,0,1,0,0,1,0,1,55000,"للاجار بيت في حي طيبه زاويه

مكون من 
الدور الاخير / غزفه + دورة مياه + غرفة غسيل 
الدور العلوي الاول/
٥ غرف نوم منهم واحدة ماستر + صالة
والدور الارضي مجلس ومقلط وصالة كبيره وغرفه جلوس نساء ومطبخين ومستودع 



❇️ في حالة عدم الرد او الهاتف مغلق 
يسعد...",122.22,Modern
الدمام,حي الخالدية الشمالية,شرق,400,5,7,5,2,1,1,1,1,0,1,1,0,1,0,0,1,0,1,70000,‏فلا تشطيب ديلوكس خمس غرف نوم ومجلس ومقلط وصاله تين خمس دورات مياه غرفة غسيل غرفة عاملة منزلية مع دورة مياه مطبخين كراج سيارة حوش غرفة سواق الفلة بالكامل مكيفات  مركزيه جديده,175.0,Modern
الدمام,حي المنار,جنوب,200,0,7,5,2,1,1,0,1,1,1,1,0,1,0,1,1,0,0,60000,"فيلا دبلكس متصل مساحتها 200 متر 
الفيلا جديدة لم تسكن سوى 4 اشهر تقريبا 
يوجد 3 مكيفات راكبة ويوجد مطبخ راكب بقيمة 28 الف

قيمة الايجار السنوي : 
60.000 ريال بدون الاثاث
70.000 ريال مع الاثاث
وقابل للتفاوض مع الصامل",300.0,New
الدمام,حي الاثير,شرق,205,0,3,2,1,1,1,0,0,1,1,0,1,0,0,0,0,0,0,60000,يقع مجمع العائلة في الدمام استراتيجيًا بالقرب من طريق الظهران- الجبيل السريع. تشغل أكثر من 9000 متر مربع من المباني المبنية فوق المنطقة ، يتكون العقار من أكثر من 60 فلل غير مفروشة للايجار بأسعار معقولة مع خيارين (فيلات من غرفتي نوم و 3 غرف نوم). يقدم...,292.68,New
الدمام,حي المنتزه,غرب,387,0,5,5,3,1,0,1,1,0,1,0,0,1,0,0,1,0,0,140000,"الفئه المستهدفه للتاجير:
موظفين شركات الكبرى
رجال الاعمال 


لتوضيح 140 الف دفعتين
135 الف دفعه واحده 
للجادين انا صاحب الفيلا 
واتس 0565569555",361.76,New
الدمام,حي المدينة الصناعية الثانية,جنوب,355,0,7,5,2,1,1,0,1,0,1,1,0,1,0,1,1,0,0,65000,جديدة,183.1,New
الدمام,حي الحمراء,شرق,600,9,7,5,2,1,1,1,1,1,1,1,0,1,0,0,1,1,1,85000,فلا زاويه ع كيف كيفك بحي الحمراء مع التكيف ويوجد مصعد بالفلا والتفصيل الثانيه ع الوتساب,141.67,Medium
الدمام,حي الشاطئ الغربي,شمال,380,0,5,4,1,1,1,0,1,1,1,0,0,1,0,0,0,0,0,60000,‏دور ارضي بحي الشاطئ الغربي يتكون من ثلاث غرف نوم ‏ومقلط ومجلس وغرفة شغالة واربع دورات مياه مطبخ خارجي وداخلي حوش كراج سيارة مكيفة بالكامل تكييف مركزي بدون أثاث,157.89,New
الدمام,حي المنار,شمال,350,0,7,5,3,1,1,1,1,0,0,0,0,1,0,0,1,0,0,100000,"فيلا جديدة للايجار بحي المنار  موقع ممتاز
الواجهة حجر ورخام 
قريبة من الخدمات وقريبة من النخيل مول 
تتكون من
الدور الارضي 
مجلس رجال
مقلط
مطبخ


صالة كبيرة وصالة صغيرة


غرفة نساء
دورتين مياه
مدخل سيارة
حوش بمساحة 70متر
مستودع خارجي
دورة مياه خارجية
...",285.71,New
الدمام,حي السيف,غرب,300,11,6,5,2,1,1,1,1,0,1,1,0,1,0,1,1,0,0,75000,فلة في حي الراكة الشمالية متصلة للايجار تتكون من  صاله ومجلس  ومطبخ ومقلط وحوش وغرفة سائق وحمامين بالدور الارضي الاول يوجد ٤ غرف نوم مع صاله  الدور الاخير فيه غرفة خادمة مع حمام + سطح البيت مكيف بالكامل ومجدد الصيانه,250.0,Medium
الدمام,حي الشعلة,جنوب,300,3,4,5,4,1,1,1,1,0,1,0,0,0,0,0,1,1,0,70000,"للايجار فيلا شبه جديده  حي الشعله 
٤ غرف نوم  منهم ٢ ماستر 
مجلس ومقلط  ومطبخ 
حوش كراج 
غرفه سواق 
غرفه خادمه 
تكيف المجلس وغرفه الماستر مركزي 
باقي البيت تكيف اسبلت",233.33,Modern
الدمام,حي طيبة,شمال غربي,450,4,7,5,2,1,1,0,1,0,0,1,0,1,0,0,1,0,1,55000,"للاجار بيت في حي طيبه زاويه

مكون من 
الدور الاخير / غزفه + دورة مياه + غرفة غسيل 
الدور العلوي الاول/
٥ غرف نوم منهم واحدة ماستر + صالة
والدور الارضي مجلس ومقلط وصالة كبيره وغرفه جلوس نساء ومطبخين ومستودع 



❇️ في حالة عدم الرد او الهاتف مغلق 
يسعد...",122.22,Modern
الدمام,حي الخالدية الشمالية,شرق,400,5,7,5,2,1,1,1,1,0,1,1,0,1,0,0,1,0,1,70000,‏فلا تشطيب ديلوكس خمس غرف نوم ومجلس ومقلط وصاله تين خمس دورات مياه غرفة غسيل غرفة عاملة منزلية مع دورة مياه مطبخين كراج سيارة حوش غرفة سواق الفلة بالكامل مكيفات  مركزيه جديده,175.0,Modern
الدمام,حي المنار,جنوب,200,0,7,5,2,1,1,0,1,1,1,1,0,1,0,1,1,0,0,60000,"فيلا دبلكس متصل مساحتها 200 متر 
الفيلا جديدة لم تسكن سوى 4 اشهر تقريبا 
يوجد 3 مكيفات راكبة ويوجد مطبخ راكب بقيمة 28 الف

قيمة الايجار السنوي : 
60.000 ريال بدون الاثاث
70.000 ريال مع الاثاث
وقابل للتفاوض مع الصامل",300.0,New
الدمام,حي الاثير,شرق,205,0,3,2,1,1,1,0,0,1,1,0,1,0,0,0,0,0,0,60000,يقع مجمع العائلة في الدمام استراتيجيًا بالقرب من طريق الظهران- الجبيل السريع. تشغل أكثر من 9000 متر مربع من المباني المبنية فوق المنطقة ، يتكون العقار من أكثر من 60 فلل غير مفروشة للايجار بأسعار معقولة مع خيارين (فيلات من غرفتي نوم و 3 غرف نوم). يقدم...,292.68,New
الدمام,حي المنتزه,غرب,387,0,5,5,3,1,0,1,1,0,1,0,0,1,0,0,1,0,0,140000,"الفئه المستهدفه للتاجير:
موظفين شركات الكبرى
رجال الاعمال 


لتوضيح 140 الف دفعتين
135 الف دفعه واحده 
للجادين انا صاحب الفيلا 
واتس 0565569555",361.76,New
الدمام,حي المدينة الصناعية الثانية,جنوب,355,0,7,5,2,1,1,0,1,0,1,1,0,1,0,1,1,0,0,65000,جديدة,183.1,New
الدمام,حي الحمراء,شرق,600,9,7,5,2,1,1,1,1,1,1,1,0,1,0,0,1,1,1,85000,فلا زاويه ع كيف كيفك بحي الحمراء مع التكيف ويوجد مصعد بالفلا والتفصيل الثانيه ع الوتساب,141.67,Medium
الدمام,حي الشاطئ الغربي,شمال,380,0,5,4,1,1,1,0,1,1,1,0,0,1,0,0,0,0,0,60000,‏دور ارضي بحي الشاطئ الغربي يتكون من ثلاث غرف نوم ‏ومقلط ومجلس وغرفة شغالة واربع دورات مياه مطبخ خارجي وداخلي حوش كراج سيارة مكيفة بالكامل تكييف مركزي بدون أثاث,157.89,New
الدمام,حي المنار,شمال,350,0,7,5,3,1,1,1,1,0,0,0,0,1,0,0,1,0,0,100000,"فيلا جديدة للايجار بحي المنار  موقع ممتاز
الواجهة حجر ورخام 
قريبة من الخدمات وقريبة من النخيل مول 
تتكون من
الدور الارضي 
مجلس رجال
مقلط
مطبخ


صالة كبيرة وصالة صغيرة


غرفة نساء
دورتين مياه
مدخل سيارة
حوش بمساحة 70متر
مستودع خارجي
دورة مياه خارجية
...",285.71,New
الدمام,حي السيف,غرب,300,11,6,5,2,1,1,1,1,0,1,1,0,1,0,1,1,0,0,75000,فلة في حي الراكة الشمالية متصلة للايجار تتكون من  صاله ومجلس  ومطبخ ومقلط وحوش وغرفة سائق وحمامين بالدور الارضي الاول يوجد ٤ غرف نوم مع صاله  الدور الاخير فيه غرفة خادمة مع حمام + سطح البيت مكيف بالكامل ومجدد الصيانه,250.0,Medium
الدمام,حي الشعلة,جنوب,300,3,4,5,4,1,1,1,1,0,1,0,0,0,0,0,1,1,0,70000,"للايجار فيلا شبه جديده  حي الشعله 
٤ غرف نوم  منهم ٢ ماستر 
مجلس ومقلط  ومطبخ 
حوش كراج 
غرفه سواق 
غرفه خادمه 
تكيف المجلس وغرفه الماستر مركزي 
باقي البيت تكيف اسبلت",233.33,Modern
الدمام,حي طيبة,شمال غربي,450,4,7,5,2,1,1,0,1,0,0,1,0,1,0,0,1,0,1,55000,"للاجار بيت في حي طيبه زاويه

مكون من 
الدور الاخير / غزفه + دورة مياه + غرفة غسيل 
الدور العلوي الاول/
٥ غرف نوم منهم واحدة ماستر + صالة
والدور الارضي مجلس ومقلط وصالة كبيره وغرفه جلوس نساء ومطبخين ومستودع 



❇️ في حالة عدم الرد او الهاتف مغلق 
يسعد...",122.22,Modern
الدمام,حي الخالدية الشمالية,شرق,400,5,7,5,2,1,1,1,1,0,1,1,0,1,0,0,1,0,1,70000,‏فلا تشطيب ديلوكس خمس غرف نوم ومجلس ومقلط وصاله تين خمس دورات مياه غرفة غسيل غرفة عاملة منزلية مع دورة مياه مطبخين كراج سيارة حوش غرفة سواق الفلة بالكامل مكيفات  مركزيه جديده,175.0,Modern
الدمام,حي المنار,جنوب,200,0,7,5,2,1,1,0,1,1,1,1,0,1,0,1,1,0,0,60000,"فيلا دبلكس متصل مساحتها 200 متر 
الفيلا جديدة لم تسكن سوى 4 اشهر تقريبا 
يوجد 3 مكيفات راكبة ويوجد مطبخ راكب بقيمة 28 الف

قيمة الايجار السنوي : 
60.000 ريال بدون الاثاث
70.000 ريال مع الاثاث
وقابل للتفاوض مع الصامل",300.0,New
الدمام,حي الاثير,شرق,205,0,3,2,1,1,1,0,0,1,1,0,1,0,0,0,0,0,0,60000,يقع مجمع العائلة في الدمام استراتيجيًا بالقرب من طريق الظهران- الجبيل السريع. تشغل أكثر من 9000 متر مربع من المباني المبنية فوق المنطقة ، يتكون العقار من أكثر من 60 فلل غير مفروشة للايجار بأسعار معقولة مع خيارين (فيلات من غرفتي نوم و 3 غرف نوم). يقدم...,292.68,New
الدمام,حي المنتزه,غرب,387,0,5,5,3,1,0,1,1,0,1,0,0,1,0,0,1,0,0,140000,"الفئه المستهدفه للتاجير:
موظفين شركات الكبرى
رجال الاعمال 


لتوضيح 140 الف دفعتين
135 الف دفعه واحده 
للجادين انا صاحب الفيلا 
واتس 0565569555",361.76,New
الدمام,حي المدينة الصناعية الثانية,جنوب,355,0,7,5,2,1,1,0,1,0,1,1,0,1,0,1,1,0,0,65000,جديدة,183.1,New
الدمام,حي الحمراء,شرق,600,9,7,5,2,1,1,1,1,1,1,1,0,1,0,0,1,1,1,85000,فلا زاويه ع كيف كيفك بحي الحمراء مع التكيف ويوجد مصعد بالفلا والتفصيل الثانيه ع الوتساب,141.67,Medium
الدمام,حي الشاطئ الغربي,شمال,380,0,5,4,1,1,1,0,1,1,1,0,0,1,0,0,0,0,0,60000,‏دور ارضي بحي الشاطئ الغربي يتكون من ثلاث غرف نوم ‏ومقلط ومجلس وغرفة شغالة واربع دورات مياه مطبخ خارجي وداخلي حوش كراج سيارة مكيفة بالكامل تكييف مركزي بدون أثاث,157.89,New
الدمام,حي المنار,شمال,350,0,7,5,3,1,1,1,1,0,0,0,0,1,0,0,1,0,0,100000,"فيلا جديدة للايجار بحي المنار  موقع ممتاز
الواجهة حجر ورخام 
قريبة من الخدمات وقريبة من النخيل مول 
تتكون من
الدور الارضي 
مجلس رجال
مقلط
مطبخ


صالة كبيرة وصالة صغيرة


غرفة نساء
دورتين مياه
مدخل سيارة
حوش بمساحة 70متر
مستودع خارجي
دورة مياه خارجية
...",285.71,New
الدمام,حي السيف,غرب,300,11,6,5,2,1,1,1,1,0,1,1,0,1,0,1,1,0,0,75000,فلة في حي الراكة الشمالية متصلة للايجار تتكون من  صاله ومجلس  ومطبخ ومقلط وحوش وغرفة سائق وحمامين بالدور الارضي الاول يوجد ٤ غرف نوم مع صاله  الدور الاخير فيه غرفة خادمة مع حمام + سطح البيت مكيف بالكامل ومجدد الصيانه,250.0,Medium
الدمام,حي الشعلة,جنوب,300,3,4,5,4,1,1,1,1,0,1,0,0,0,0,0,1,1,0,70000,"للايجار فيلا شبه جديده  حي الشعله 
٤ غرف نوم  منهم ٢ ماستر 
مجلس ومقلط  ومطبخ 
حوش كراج 
غرفه سواق 
غرفه خادمه 
تكيف المجلس وغرفه الماستر مركزي 
باقي البيت تكيف اسبلت",233.33,Modern
الدمام,حي طيبة,شمال غربي,450,4,7,5,2,1,1,0,1,0,0,1,0,1,0,0,1,0,1,55000,"للاجار بيت في حي طيبه زاويه

مكون من 
الدور الاخير / غزفه + دورة مياه + غرفة غسيل 
الدور العلوي الاول/
٥ غرف نوم منهم واحدة ماستر + صالة
والدور الارضي مجلس ومقلط وصالة كبيره وغرفه جلوس نساء ومطبخين ومستودع 



❇️ في حالة عدم الرد او الهاتف مغلق 
يسعد...",122.22,Modern
الدمام,حي الخالدية الشمالية,شرق,400,5,7,5,2,1,1,1,1,0,1,1,0,1,0,0,1,0,1,70000,‏فلا تشطيب ديلوكس خمس غرف نوم ومجلس ومقلط وصاله تين خمس دورات مياه غرفة غسيل غرفة عاملة منزلية مع دورة مياه مطبخين كراج سيارة حوش غرفة سواق الفلة بالكامل مكيفات  مركزيه جديده,175.0,Modern
الدمام,حي المنار,جنوب,200,0,7,5,2,1,1,0,1,1,1,1,0,1,0,1,1,0,0,60000,"فيلا دبلكس متصل مساحتها 200 متر 
الفيلا جديدة لم تسكن سوى 4 اشهر تقريبا 
يوجد 3 مكيفات راكبة ويوجد مطبخ راكب بقيمة 28 الف

قيمة الايجار السنوي : 
60.000 ريال بدون الاثاث
70.000 ريال مع الاثاث
وقابل للتفاوض مع الصامل",300.0,New
الدمام,حي الاثير,شرق,205,0,3,2,1,1,1,0,0,1,1,0,1,0,0,0,0,0,0,60000,يقع مجمع العائلة في الدمام استراتيجيًا بالقرب من طريق الظهران- الجبيل السريع. تشغل أكثر من 9000 متر مربع من المباني المبنية فوق المنطقة ، يتكون العقار من أكثر من 60 فلل غير مفروشة للايجار بأسعار معقولة مع خيارين (فيلات من غرفتي نوم و 3 غرف نوم). يقدم...,292.68,New
الدمام,حي المنتزه,غرب,387,0,5,5,3,1,0,1,1,0,1,0,0,1,0,0,1,0,0,140000,"الفئه المستهدفه للتاجير:
موظفين شركات الكبرى
رجال الاعمال 


لتوضيح 140 الف دفعتين
135 الف دفعه واحده 
للجادين انا صاحب الفيلا 
واتس 0565569555",361.76,New
الدمام,حي المدينة الصناعية الثانية,جنوب,355,0,7,5,2,1,1,0,1,0,1,1,0,1,0,1,1,0,0,65000,جديدة,183.1,New
الدمام,حي الحمراء,شرق,600,9,7,5,2,1,1,1,1,1,1,1,0,1,0,0,1,1,1,85000,فلا زاويه ع كيف كيفك بحي الحمراء مع التكيف ويوجد مصعد بالفلا والتفصيل الثانيه ع الوتساب,141.67,Medium
الدمام,حي الشاطئ الغربي,شمال,380,0,5,4,1,1,1,0,1,1,1,0,0,1,0,0,0,0,0,60000,‏دور ارضي بحي الشاطئ الغربي يتكون من ثلاث غرف نوم ‏ومقلط ومجلس وغرفة شغالة واربع دورات مياه مطبخ خارجي وداخلي حوش كراج سيارة مكيفة بالكامل تكييف مركزي بدون أثاث,157.89,New
الدمام,حي المنار,شمال,350,0,7,5,3,1,1,1,1,0,0,0,0,1,0,0,1,0,0,100000,"فيلا جديدة للايجار بحي المنار  موقع ممتاز
الواجهة حجر ورخام 
قريبة من الخدمات وقريبة من النخيل مول 
تتكون من
الدور الارضي 
مجلس رجال
مقلط
مطبخ


صالة كبيرة وصالة صغيرة


غرفة نساء
دورتين مياه
مدخل سيارة
حوش بمساحة 70متر
مستودع خارجي
دورة مياه خارجية
...",285.71,New
الدمام,حي السيف,غرب,300,11,6,5,2,1,1,1,1,0,1,1,0,1,0,1,1,0,0,75000,فلة في حي الراكة الشمالية متصلة للايجار تتكون من  صاله ومجلس  ومطبخ ومقلط وحوش وغرفة سائق وحمامين بالدور الارضي الاول يوجد ٤ غرف نوم مع صاله  الدور الاخير فيه غرفة خادمة مع حمام + سطح البيت مكيف بالكامل ومجدد الصيانه,250.0,Medium
الدمام,حي الشعلة,جنوب,300,3,4,5,4,1,1,1,1,0,1,0,0,0,0,0,1,1,0,70000,"للايجار فيلا شبه جديده  حي الشعله 
٤ غرف نوم  منهم ٢ ماستر 
مجلس ومقلط  ومطبخ 
حوش كراج 
غرفه سواق 
غرفه خادمه 
تكيف المجلس وغرفه الماستر مركزي 
باقي البيت تكيف اسبلت",233.33,Modern
الدمام,حي طيبة,شمال غربي,450,4,7,5,2,1,1,0,1,0,0,1,0,1,0,0,1,0,1,55000,"للاجار بيت في حي طيبه زاويه

مكون من 
الدور الاخير / غزفه + دورة مياه + غرفة غسيل 
الدور العلوي الاول/
٥ غرف نوم منهم واحدة ماستر + صالة
والدور الارضي مجلس ومقلط وصالة كبيره وغرفه جلوس نساء ومطبخين ومستودع 



❇️ في حالة عدم الرد او الهاتف مغلق 
يسعد...",122.22,Modern
الدمام,حي الخالدية الشمالية,شرق,400,5,7,5,2,1,1,1,1,0,1,1,0,1,0,0,1,0,1,70000,‏فلا تشطيب ديلوكس خمس غرف نوم ومجلس ومقلط وصاله تين خمس دورات مياه غرفة غسيل غرفة عاملة منزلية مع دورة مياه مطبخين كراج سيارة حوش غرفة سواق الفلة بالكامل مكيفات  مركزيه جديده,175.0,Modern
الدمام,حي المنار,جنوب,200,0,7,5,2,1,1,0,1,1,1,1,0,1,0,1,1,0,0,60000,"فيلا دبلكس متصل مساحتها 200 متر 
الفيلا جديدة لم تسكن سوى 4 اشهر تقريبا 
يوجد 3 مكيفات راكبة ويوجد مطبخ راكب بقيمة 28 الف

قيمة الايجار السنوي : 
60.000 ريال بدون الاثاث
70.000 ريال مع الاثاث
وقابل للتفاوض مع الصامل",300.0,New
الدمام,حي الاثير,شرق,205,0,3,2,1,1,1,0,0,1,1,0,1,0,0,0,0,0,0,60000,يقع مجمع العائلة في الدمام استراتيجيًا بالقرب من طريق الظهران- الجبيل السريع. تشغل أكثر من 9000 متر مربع من المباني المبنية فوق المنطقة ، يتكون العقار من أكثر من 60 فلل غير مفروشة للايجار بأسعار معقولة مع خيارين (فيلات من غرفتي نوم و 3 غرف نوم). يقدم...,292.68,New
الدمام,حي المنتزه,غرب,387,0,5,5,3,1,0,1,1,0,1,0,0,1,0,0,1,0,0,140000,"الفئه المستهدفه للتاجير:
موظفين شركات الكبرى
رجال الاعمال 


لتوضيح 140 الف دفعتين
135 الف دفعه واحده 
للجادين انا صاحب الفيلا 
واتس 0565569555",361.76,New
الدمام,حي المدينة الصناعية الثانية,جنوب,355,0,7,5,2,1,1,0,1,0,1,1,0,1,0,1,1,0,0,65000,جديدة,183.1,New
الدمام,حي الحمراء,شرق,600,9,7,5,2,1,1,1,1,1,1,1,0,1,0,0,1,1,1,85000,فلا زاويه ع كيف كيفك بحي الحمراء مع التكيف ويوجد مصعد بالفلا والتفصيل الثانيه ع الوتساب,141.67,Medium
الدمام,حي الشاطئ الغربي,شمال,380,0,5,4,1,1,1,0,1,1,1,0,0,1,0,0,0,0,0,60000,‏دور ارضي بحي الشاطئ الغربي يتكون من ثلاث غرف نوم ‏ومقلط ومجلس وغرفة شغالة واربع دورات مياه مطبخ خارجي وداخلي حوش كراج سيارة مكيفة بالكامل تكييف مركزي بدون أثاث,157.89,New
الدمام,حي المنار,شمال,350,0,7,5,3,1,1,1,1,0,0,0,0,1,0,0,1,0,0,100000,"فيلا جديدة للايجار بحي المنار  موقع ممتاز
الواجهة حجر ورخام 
قريبة من الخدمات وقريبة من النخيل مول 
تتكون من
الدور الارضي 
مجلس رجال
مقلط
مطبخ


صالة كبيرة وصالة صغيرة


غرفة نساء
دورتين مياه
مدخل سيارة
حوش بمساحة 70متر
مستودع خارجي
دورة مياه خارجية
...",285.71,New
الدمام,حي السيف,غرب,300,11,6,5,2,1,1,1,1,0,1,1,0,1,0,1,1,0,0,75000,فلة في حي الراكة الشمالية متصلة للايجار تتكون من  صاله ومجلس  ومطبخ ومقلط وحوش وغرفة سائق وحمامين بالدور الارضي الاول يوجد ٤ غرف نوم مع صاله  الدور الاخير فيه غرفة خادمة مع حمام + سطح البيت مكيف بالكامل ومجدد الصيانه,250.0,Medium
الدمام,حي الشعلة,جنوب,300,3,4,5,4,1,1,1,1,0,1,0,0,0,0,0,1,1,0,70000,"للايجار فيلا شبه جديده  حي الشعله 
٤ غرف نوم  منهم ٢ ماستر 
مجلس ومقلط  ومطبخ 
حوش كراج 
غرفه سواق 
غرفه خادمه 
تكيف المجلس وغرفه الماستر مركزي 
باقي البيت تكيف اسبلت",233.33,Modern
الدمام,حي طيبة,شمال غربي,450,4,7,5,2,1,1,0,1,0,0,1,0,1,0,0,1,0,1,55000,"للاجار بيت في حي طيبه زاويه

مكون من 
الدور الاخير / غزفه + دورة مياه + غرفة غسيل 
الدور العلوي الاول/
٥ غرف نوم منهم واحدة ماستر + صالة
والدور الارضي مجلس ومقلط وصالة كبيره وغرفه جلوس نساء ومطبخين ومستودع 



❇️ في حالة عدم الرد او الهاتف مغلق 
يسعد...",122.22,Modern
الدمام,حي الخالدية الشمالية,شرق,400,5,7,5,2,1,1,1,1,0,1,1,0,1,0,0,1,0,1,70000,‏فلا تشطيب ديلوكس خمس غرف نوم ومجلس ومقلط وصاله تين خمس دورات مياه غرفة غسيل غرفة عاملة منزلية مع دورة مياه مطبخين كراج سيارة حوش غرفة سواق الفلة بالكامل مكيفات  مركزيه جديده,175.0,Modern
الدمام,حي المنار,جنوب,200,0,7,5,2,1,1,0,1,1,1,1,0,1,0,1,1,0,0,60000,"فيلا دبلكس متصل مساحتها 200 متر 
الفيلا جديدة لم تسكن سوى 4 اشهر تقريبا 
يوجد 3 مكيفات راكبة ويوجد مطبخ راكب بقيمة 28 الف

قيمة الايجار السنوي : 
60.000 ريال بدون الاثاث
70.000 ريال مع الاثاث
وقابل للتفاوض مع الصامل",300.0,New
الدمام,حي الاثير,شرق,205,0,3,2,1,1,1,0,0,1,1,0,1,0,0,0,0,0,0,60000,يقع مجمع العائلة في الدمام استراتيجيًا بالقرب من طريق الظهران- الجبيل السريع. تشغل أكثر من 9000 متر مربع من المباني المبنية فوق المنطقة ، يتكون العقار من أكثر من 60 فلل غير مفروشة للايجار بأسعار معقولة مع خيارين (فيلات من غرفتي نوم و 3 غرف نوم). يقدم...,292.68,New
الدمام,حي المنتزه,غرب,387,0,5,5,3,1,0,1,1,0,1,0,0,1,0,0,1,0,0,140000,"الفئه المستهدفه للتاجير:
موظفين شركات الكبرى
رجال الاعمال 


لتوضيح 140 الف دفعتين
135 الف دفعه واحده 
للجادين انا صاحب الفيلا 
واتس 0565569555",361.76,New
الدمام,حي المدينة الصناعية الثانية,جنوب,355,0,7,5,2,1,1,0,1,0,1,1,0,1,0,1,1,0,0,65000,جديدة,183.1,New
الدمام,حي الحمراء,شرق,600,9,7,5,2,1,1,1,1,1,1,1,0,1,0,0,1,1,1,85000,فلا زاويه ع كيف كيفك بحي الحمراء مع التكيف ويوجد مصعد بالفلا والتفصيل الثانيه ع الوتساب,141.67,Medium
الدمام,حي الشاطئ الغربي,شمال,380,0,5,4,1,1,1,0,1,1,1,0,0,1,0,0,0,0,0,60000,‏دور ارضي بحي الشاطئ الغربي يتكون من ثلاث غرف نوم ‏ومقلط ومجلس وغرفة شغالة واربع دورات مياه مطبخ خارجي وداخلي حوش كراج سيارة مكيفة بالكامل تكييف مركزي بدون أثاث,157.89,New
الدمام,حي المنار,شمال,350,0,7,5,3,1,1,1,1,0,0,0,0,1,0,0,1,0,0,100000,"فيلا جديدة للايجار بحي المنار  موقع ممتاز
الواجهة حجر ورخام 
قريبة من الخدمات وقريبة من النخيل مول 
تتكون من
الدور الارضي 
مجلس رجال
مقلط
مطبخ


صالة كبيرة وصالة صغيرة


غرفة نساء
دورتين مياه
مدخل سيارة
حوش بمساحة 70متر
مستودع خارجي
دورة مياه خارجية
...",285.71,New
الخبر,حي العليا,شمال,325,14,4,5,2,1,0,1,1,0,1,0,0,1,0,1,1,0,0,65000,"للإيجار دبلوكس متصل مرتب جداً باركيه ومكيفات راكبة ومطابخ موقع مميز بتوفر المواقف وقربة من الخدمات الحيوية والمحال التجارية ومجمعات المطاعم نظافة المبنى كلياً خارجياً وداخلياً

0562222677
0554308667‬ ‬‬
‏‭ 0598935000",200.0,Medium
الخبر,حي الحزام الاخضر,جنوب,400,4,4,5,2,1,1,1,1,0,1,1,0,0,0,1,1,0,0,140000,"٤غرف نوم منهم غرفتين ماستر 
مجلس وصاله ومطبخ ٥ دوراه مياه 
غرفه شغاله وغرفه سواق 
البيت  مكيف بالكامل مركزي",350.0,Modern
الخبر,حي الصواري,شرق,450,0,5,5,2,1,1,0,1,0,1,0,0,0,0,1,1,0,0,80000,"دبلكس جديد مكيف للايجار
الدور الارضي كراج سيارة مجالس مطبخ صالة 
الدور الثاني اربع غرف نوم غرفتين ماستر 
الدور الثاني  غرفة خادمة وغرفة غسيل 
يوجد ضمانات على السباكة والكهرباء ١٠ سنوات",177.78,New
الخبر,حي الراكة الجنوبية,شمال,200,4,6,5,2,1,1,0,1,0,1,0,1,1,0,1,1,0,0,85000,"فيلا في الراكة الجنوبية على شارع ٤٠ مكونة من صالة ومجلس ومقلط ومطبخ نظام امريكي مع غرفة خادمة وغرفة غسيل وحوش وقراج ومسبح والدور الاول فيه ٤ غرف نوم مع صاله كبيرة للايجارعلى ٨٥ الف ريال 
الموقع قريب من الخدمات


أخي الكريم الباحث عن العقار/ في حالة ع...",425.0,Modern
الخبر,حي التحلية,جنوب,300,0,5,5,3,1,1,0,1,0,0,0,0,1,0,1,0,0,0,75000,"للايجار دوبلكس متصل بناء شخصي بحي التحلية بالخبر 

الدور الارضي مجلس رجال وغرفة طعام وصاله ومجلس نساء ودورتين مياه والمطبخ تفصيل ان شاء الله خلال أيام يكون جاهز 

الدور الاول ٤ غرف نوم ٢ منهم ماستر وغرفتين يخدمهم دورة مياه مع الصاله 

الملحق غرفة ودو...",250.0,New
الخبر,حي البحيرة,غرب,375,0,4,4,2,1,1,0,0,0,1,0,1,1,0,1,1,0,0,80000,"*عرض*
*دبلكس للإيجار*

الموقع / العزيزية حي البحيرة
المساحة / ٣٧٥م٢

*المواصفات*

٤ غرف نوم ٢منهم ماستر
مجلس 
صاله تطل على بركه 
مطبخ راكب الدواليب من مطابخ أبيات
جميع الستائر راكبه من القماش الجيد
المكيفات راكبة
ملحق لشغاله ومخزن كبير وسطح

*سعر الإ...",213.33,New
الخبر,حي الحزام الاخضر,جنوب شرقي,574,30,4,4,1,1,1,1,1,0,0,0,0,1,0,0,1,0,1,180000,"فيلا للايجار او الاستثمار

موقع مميز بالقرب من مستشفى سعد وفندق بودل والموفنبيك وغيرهم . 

الايجار السنوي المطلوب : 180,000 الف 

للاستفسار : 0502505555",313.59,Old
الخبر,حي مدينة العمال,جنوب شرقي,348,30,5,5,3,1,0,0,1,0,0,0,0,1,0,0,1,0,0,65000,"فيلا زواية على شارعين ومرممه بالكامل 
قريبة من نادي القادسية 

مقاسات الغرف والصالات :- 

الدور الارضي
الصالة 5.2 * 6 
مقلط النساء  4.3 * 5.9
المطبخ 4* 4.3
المخزن 3.2 * 2.3 

الدور الاول 
الصالة 6 * 6.5 
غرفة ماستر 1 5.4 * 5.6 غرفة دولاب 2.15 * 4.3
غ...",186.78,Old
الخبر,حي التحلية,شمال شرقي,625,0,7,5,2,0,1,1,1,0,0,0,0,1,0,0,1,0,0,90000,"فلة بحي الثنيانيه- الخبر
حوش و مدخلين و كراج على الزاويه والحوش يتسع لـثلاث سيارات تقريباً

- الدور الاول: 
مجلس و مقلط مع مغاسل و دورة مياه (رجال)

مجلس و صاله و مطبخ كبير و دورة مياه و مغاسل (نساء)

- الدور الثاني:
٤ غرف نوم ٣ منها ماستر
صاله كبيره...",144.0,New
الخبر,حي الكورنيش,جنوب,350,10,5,5,5,1,1,1,1,0,1,0,0,1,0,1,1,0,0,150000,"فيلا فاخرة بكورنيش الخبر. يوجد فيديو واتساب. مكيفات مركزية  و مطابخ و دواليب لوفر راكبة.



الدور الأرضي: مجلس بدورة مياه و صالة معيشة  بدورة مياه و غرفة نوم ضيف بدورة مياه و غرفة خادمة بدورة مياه.

الدور الثاني: ٥ غرف نوم (٣ ماستر و ٢ بدورة مياه مشت...",428.57,Medium
الخبر,حي التحلية,شرق,330,0,4,5,4,1,1,1,1,0,1,1,0,1,0,0,0,0,0,80000,"فلة في الخبر  حي التحلية مقابل البحر الدور الارضي= مجلس+مقلط+صالة+مطبخ+غرفة مختصرة+مطبخ ضيوف+مستودع+غرفة سائق خاص+٣ حمامات اعزكم الله+
الدور الاول= ثلاث اجنحة منها جناح مطل على الشاطئ+غزفتين نوم+صالة+الدور الثاني=غرفتين للخدم +غرفة غسيل+مستودع+حمام ا...",242.42,New
الخبر,حي اللؤلؤ,غرب,437,0,7,5,2,1,1,0,1,0,0,1,0,1,0,1,1,0,1,60000,"للإيجار فيلا دورين وملحق في حي الأصداف

المساحة : ٤٣٧ متر 

الدور الأرضي : 
ديوانية خارجية - دورة مياة - مجلس - غرفة طعام رجال - مجلس نساء - مطبخ 

الدور الأول : 
عدد ٥ غرف نوم ( ٣ غرف منها ماستر )

الدور الثاني :
 غرفتين - غرفة غسيل - دورة مياة

للت...",137.3,New
الخبر,حي الصواري,جنوب,400,0,5,5,3,0,1,0,1,0,1,1,0,1,0,1,1,0,0,55000,"دبلكس للأيجار حي الصواري ج ٤٣

مجلس خارجي (ديوانية) مؤثثه

الدور الأرضي :
مجلس رجال
مقلط
صاله كبيره
مجلس حريم
مطبخ
2 دورة مياه

الدور الاول :
اربع غرفه نوم ثنتين ماستر
صاله كبيره
4 دوره مياه 

الملحق :
 غرفه نوم
صاله
غرفه شغاله
غرفه غسيل
دوره مياه

ح...",137.5,New
الخبر,حي الكورنيش,جنوب,300,13,6,5,2,1,1,1,1,0,1,0,0,1,0,1,1,0,0,90000,"فيلا فاخرة في حي كورنيش الخبر. أفضل حي بالخبر.

مكونات الفيلا:
الدور الأرض: صالة بدورة مياه و مجلس بدوره مياه و غرفة طعام و مطبخين و غرفة خادمة بدورة مياه.
الدور الثاني: ٥ غرف نوم و صالة و مطبخ.
الدور الثالث: جناح بدورة مياه و بلكونة.


الايجار السكن...",300.0,Medium
الخبر,حي الامواج,غرب,437,0,7,5,2,0,1,0,1,0,0,1,0,1,0,1,1,0,1,60000,"للأيجار ڤيلا دورين و ملحق في حي الأصداف

المساحة:437 متر 

الدور الأرضي :
ديوانية خارجية - دورة مياة - مجلس - غرفة طعام رجال - مجلس نساء - مطبخ 

الدور الأول :
عدد 5 غرف نوم (3 غرف ماستر)

الدور الثاني:
غرفتين - غرفة غسيل - دورة مياة

للتواصل : 

050...",137.3,New
الخبر,حي الخزامى,غرب,750,4,4,5,2,1,1,1,1,0,1,1,0,1,0,0,1,0,1,130000,"للايجار فله بحي الخزامى مساحه ٧٥٠ السعر ١٣٠الف



للتواصل مكتب واحه الخزامي للعقارات
٠٥٣٥٢٦٠١٢٢
٠٥٤١٣٧٣٥٢٩ابوحس",173.33,Modern
الخبر,حي اليرموك,غرب,350,5,4,5,3,1,1,1,1,0,1,0,0,1,0,0,1,0,0,120000,"فيلا للايجار 
يتكون من صالة ومجلس ومطبخين
٤ غرف نوم 
٣ صالات
غرفة سائق
كراج للسيارة
مكيفات",342.86,Modern
الخبر,حي الامواج,غرب,437,0,4,5,2,1,1,0,1,0,0,1,0,1,0,1,0,0,1,70000,فيلا اجار,160.18,New
الخبر,حي الراكة الجنوبية,شرق,280,10,3,5,3,1,1,1,1,0,1,1,0,1,0,1,1,0,0,58000,"( دبلكس متصل )

الدور الارضي يحتوي على مجلس وصالتين ومطبخ ودورتين مياه وغرفة سائق خارجية 

الدور العلوي يحتوي على صاله و٣ غرف نوم ماستر 

الدور الاخير : غرفة خادمه 

مكيف بالكامل تكييف سبيلت عدا غرفة الخادمه تكييف ويندو",207.14,Medium
الخبر,حي الجسر,شرق,500,15,7,5,2,1,0,1,0,1,1,0,0,1,0,0,1,0,1,65000,,130.0,Medium
الخبر,حي قرطبة,شمال,250,0,5,4,3,1,1,0,1,1,1,0,1,1,0,0,1,0,0,95000,"Fully Furnished Luxury Villa in compound located in Qurtuba District.
Brand New. The Villa contains 2 floors:
1st Floor: Living Room, TV Lounge, and Kitchen.
2nd Floor: one Master, two bedrooms, and Living Room. Also contains Laundry Room and Maid Ro...",380.0,New
الخبر,حي قرطبة,شمال,250,0,5,4,2,1,1,0,0,0,1,0,1,1,0,0,1,0,0,75000,"Luxury Villa in compound located in Qurtuba District.
Brand New. The Villa contains 2 floors:
1st Floor: Living Room, TV Lounge, and Kitchen with cabinets.
2nd Floor: one Master, two bedrooms, and Living Room. Also contains Laundry Room and Maid Room...",300.0,New
الخبر,حي التحلية,غرب,300,9,5,5,4,1,1,0,1,0,1,0,0,1,0,1,1,0,0,50000,"فيلا دوبليكس. تمت صيانتها و تجديدها من الداخل بالكامل تقريبا (صباغة و كهرباء و سباكة و أبواب و نوافذ و مكيفات و جراج)


غرف واسعة جدا بالنسبة لمساحة الأرض",166.67,Medium
الخبر,حي الامواج,غرب,420,0,5,5,2,1,1,0,1,0,0,1,0,1,0,1,1,0,0,65000,"دبلكس منفصل واجهة غربية بحي الأمواج (مخطط المراسي).

الدور الأرضي (مجلس رجال - مجلس نساء - دورتين مياه- صالة - مطبخ ومستودع)

الدور الأول (5 غرف نوم 3 منها رئيسية - صالة )

الدور الثاني (غرفتين ودورة مياه - غرفة غسيل)

الحوش ( ملحق خارجي - كراج)",154.76,New
الخبر,حي الشراع,شرق,250,0,7,5,2,1,1,0,1,0,0,1,0,1,0,1,1,0,0,50000,فله دبلكس بحي الشراع جديده لم تسكن دورين وملحق للايجار السنوي 50000  على شارع 20 وقريب شارع الستين ومتوفره جميع الخدمات,200.0,New
الخبر,حي العليا,شرق,348,11,5,5,2,1,1,0,0,0,1,0,0,1,0,0,1,0,0,60000,"فيلا بالعقربيه قريب من مجمع الراشد وواحة المستهلك تتكون الدور الارضي من مجلس رجال ومقلط  وحمام وصاله كبيره ومجلس نساء بحمام  وغرفة نوم ومطبخ 
الدور الاول يتكون من اربع غرف نوم غرفتين ماستر وصاله صغيره ومطبخ  الفيلا مكيفه",172.41,Medium
الخبر,حي الحزام الذهبي,غرب,250,4,5,4,2,1,0,1,1,0,1,1,0,1,0,0,1,0,0,70000,"دبلكس بالحزام الذهبي مقابل حديقه يتكون الدور الارضي من مجلس ومقلط وصاله ومطبخ مدخل للرجال ومدخل للنساء
الدور الاول يتكون ثلاث غرف نوم وحده منهم  جناح عباره عن غرفه نوم وغرفة اطفال وغرفة ملابس وحمام  وغرفتين نوم بينهم حمام 
الملحق عباره عن غرفة شغاله ...",280.0,Modern
الخبر,حي العقربية,جنوب شرقي,450,12,4,4,3,1,0,0,0,0,0,0,0,0,0,0,1,0,0,170000,"للايجار فيلا ؛ دورين 
الدور الارضي مجلس ومقلط ومجلس نساء ومطبخ 
الدور الثاني ٤ غرف نوم 
الفيلا استثماريه تصلح لعده نشاطات موقع حيوي 
قبال مستشفى التعليمي ؛
السعر قابل لتفاوض لزبون الجاد 
رقم العقار ٣١٦",377.78,Medium
الخبر,حي الخزامى,شرق,300,10,5,5,2,1,1,0,1,0,0,1,0,0,0,1,0,0,0,60000,,200.0,Medium
الخبر,حي التحلية,شرق,400,0,7,5,2,1,1,0,1,0,0,0,0,1,0,1,1,0,0,50000,دوبلكس بحي الجسر جديد فله عبارة عن 4 دوبلكسات كامله وحدتين سكنيه ارضيه مع ارتداد ومدخل خاص بالنساء و 7 غرف مجلس ومقلط وغرفه خادمة مع حمامها و 4 غرف نوم وصالتين ومطبخ متكامل مع وحده تخزين و5 حمامات ووحدتين سكنية علوية مع مدخلين منفردين مع سطح كامل و6 ...,125.0,New
الخبر,حي التحلية,جنوب,300,0,4,5,2,1,1,0,1,0,0,0,0,1,0,1,1,0,0,65000,فله للايجار جديدة,216.67,New
الخبر,حي الراكة الجنوبية,شرق,300,3,4,4,2,1,1,0,1,0,1,0,0,1,1,0,0,0,0,65000,"*قبو*
صاله جدا كبيره
*الدور الأرضي*
مجلس- صاله- مطبخ- دورتين مياه
*الدور الأول*
3 غرف نوم - 2 دورة مياه
*الملحق*
 غرفه جدا كبيره -غرفه غسيل - دورة مياه
مكيفة أسبلت
موقف",216.67,Modern
الخبر,حي المرجان,جنوب غربي,170,3,5,5,2,1,1,1,1,1,1,0,1,1,0,1,1,0,1,150000,شالية خاص,882.35,Modern
الخبر,حي قرطبة,شرق,400,5,7,5,3,1,1,1,1,0,1,0,1,1,0,1,1,0,0,110000,"الدور الارضي
مجلس مقلط صاله مطبخ دورتين مياة
فيه مسبح
الدور الاول
4 غرف نوم ماستر
الملحق 
غرفه وصاله وحمام 
وفيه غرفه خدامة وغرفه غسيل وحمام
تكييف مركزي 
الايجار 110 الف",275.0,Modern
الخبر,حي العقيق,شمال شرقي,425,2,3,5,2,1,0,0,1,1,1,0,1,1,0,0,1,0,1,95000,"فيلا دورين شبه مؤثثه يوجد مسبح داخلي  الفيلا جديده عقارها سنتين الفيلا قريبه جدا من منتجع موفنبيك والبحر المنطقه هادئه جدا 
الايجار سنوي 
ارجو التواصل فقط عالواتس اب",223.53,Modern
الخبر,حي الراكة الجنوبية,شرق,750,30,6,4,1,1,0,0,0,0,0,0,0,0,0,0,0,0,0,90000,فيلا للايجار مناسبة ان تكون (حضانة او مدرسة) مكونه من دور واحد على ٣ شوارع .,120.0,Old
الخبر,حي الراكة الجنوبية,شرق,250,2,4,4,2,1,1,0,1,0,1,0,0,1,0,1,0,0,0,75000,"فيلا لأيجار بالراكة الجنوبية للتواصل 


وات ساب : 0565091253",300.0,Modern
الخبر,حي الحزام الذهبي,غرب,700,14,5,5,3,1,1,1,1,0,1,1,0,1,1,0,1,0,0,180000,فيلا فاخرة Luxury Villa  مجددة اي جديدة  نظيفة جداا رخام روزا إيطالي في جميع الأدوار  قبو على مساحة المبنى مكيف مركزي مجالس رجال غرفة طعام مجلس نساء مع مدخل مستقل كراج سيارة غرف الخدم مع الغسيل في قسم مستقل الملحق خلف الفيلا جميع الأجنحة بدورات مياة ...,257.14,Medium
الخبر,حي الشراع,شمال شرقي,312,0,6,5,2,1,1,0,1,0,1,0,0,1,0,1,1,0,0,60000,"دبلوكس على شارعين شمالي شرقي مكون من مجلس ومقلط وغرفة نساء وعدد 2 حمام وصاله ومدخلين 
والدور الاول 4 غرف منها 2 ماستر وصاله 
والملحق العلوي عدد 2 غرفه مع حمام وغرفة غسيل وسطح جانبي 
المطبخ راكب مع جميع الاجهزه وفلتر تحليه مياه ( نقي )
المكيفات بالغرف...",192.31,New
الخبر,حي الخزامى,جنوب,375,7,5,4,2,1,1,1,1,0,0,1,0,1,0,1,1,0,0,65000,"للايجار فله بحي الخزامى مساحه ٣٧٥م شارع ٤٠م مقابله أسواق المزرعه 

للتواصل مكتب واحه الخزامي للعقارات

٠٥٣٥٢٦٠١٢٢
٠٥٤١٣٧٣٥٢٩ابوحسن",173.33,Medium
الخبر,حي الاندلس,شرق,360,7,5,5,4,1,0,1,1,0,1,1,0,1,0,1,1,0,0,160000,"في الدور الاول مجلس و مقلط وصالة معيشة مع دورتين مياه مطبخ داخلي ومطبخ مشترك مع صالة المعيشة  
٤ غرف في الطابق الثاني مع دورتين مياه 
درج داخلي  
٤ وحدات تكيف مركزي امريكي 
غرفة عامله
غرفة سائق
ملحق كبير في الطابق الثالث مع دورة المياه وملحقاته 

الأ...",444.44,Medium
الخبر,حي مدينة العمال,شرق,700,18,5,5,5,1,1,1,1,0,1,0,0,1,0,0,1,0,1,90000,"فيلا للايجار عباره ٥ غرف نوم
الدور الارضي خدمات",128.57,Old
الخبر,حي الحزام الذهبي,شرق,500,21,5,4,4,1,1,1,1,0,0,1,0,1,0,1,1,0,1,120000,"تفصيل التقريبا للفيلا في حي الحزام الذهبي 

قسم فيه غرفتين ودورة مياه مع غرفة ملابس وموزع 

قسم غرفتين وبينهم دورة مياه 
بوفيه صغير فوق 

وغرفه 

مدخل خاص للنساء 
مغاسل 
وغرفه بينهم دورة مياه 
وغرفه داخليه 
مطبخ مع مخزن 

صاله تحت 

غرفة مجلس 
وغرفة ...",240.0,Old
الخبر,حي الصواري,غرب,375,0,7,5,2,1,1,1,0,1,0,0,0,1,0,1,1,0,0,65000,فيلا للايجار مطبخ راكب ومكيفات ويوجد اثاث اذا يرغب المستاجر. ياخذه مافي مشكله الموقع الصواري,173.33,New
الخبر,حي الامواج,شمال,420,0,5,5,2,1,1,0,0,0,0,1,0,1,0,1,1,0,1,60000,"فيلا للايجار في حي المراسي
تتكون من مجلس مقلط مجلس نساء وصالة مطبخ ديوانة خارجية ٥غرف نوم وملحق غرفتين 
نسعد بخدمتكم",142.86,New
الخبر,حي الصواري,شمال,382,0,3,3,1,1,1,0,0,1,1,0,0,1,0,0,1,0,0,60000,"الفيلا دور ونصف و المكيفات راكبة والمطبخ راكب وهناك مظلة للسيارة بالكراج وساتر على كامل السور

كما يوجد غرفة نوم خشب طبيعي وغرفه بها دواليب ملابس بالدور العلوي وغرفة طعام كاملة و كنب للصالة وفرن وانبوبة غاز وثلاجة وغسالة ملابس ونشافة بالدور الارضي.

...",157.07,New
الخبر,حي التحلية,3 شوارع,205,8,3,4,2,1,1,0,0,1,1,0,1,1,0,0,1,0,0,80000,,390.24,Medium
الخبر,حي البحيرة,شمال شرقي,375,0,5,5,5,1,1,1,1,1,1,1,1,1,0,0,1,0,1,75000,فيلا بمسبح مطلة على البحيرة,200.0,New
الخبر,حي اليرموك,غرب,320,13,4,5,1,1,1,1,1,0,1,0,0,1,0,1,0,0,0,65000,فله دبلكس ٤ غرف نوم و ملحق غسيل و غرفة خادمة و غرفة سائق,203.12,Medium
الخبر,حي قرطبة,شمال,240,0,4,4,2,1,1,0,1,1,1,1,1,1,0,0,0,0,0,90000,"مجمع سكني فيه فلل و شقق 
جيم-مسبح-نظام مراقبة-نظام حريق",375.0,New
الخبر,حي الشراع,شرق,500,2,5,5,2,1,0,0,0,1,1,1,1,1,0,1,1,0,0,65000,"للايجار فله مؤثثه في الخبر بالقرب من جسر الملك فهد 
دور الارضي مكون من صالة كبيره ومجلس رجال مع دورة مياه ومغاسل ومجلس نساء ودورة ومغاسل 
وغرفة طعام ومطبخ راكب مغلق ومستودع
دور الاول فوق الارضي
مكون من صاله كبيره و٤غرف نوم 
الملحق مكون غرفة نوم وسطح ...",130.0,Modern
الخبر,حي البحيرة,شرق,400,0,7,5,2,1,1,1,1,0,0,0,0,1,0,1,1,0,0,80000,"فيلاه دبلكس نظيفه بمدينة العزيزيه للايجار 
اسم المخطط مخطط (٢٩٤/٢) رقم الارض (١٠٩) الحرف (ب)
مواصفات الفيلاه الدبلكس الدوار الاراضي
تتكون مجلس رجال ومقلط رجال بدورة مياه وصاله كبيره ومجلس نساء بدورة مياه ومطبخ بدواليبه مركب ومجهز وكراج سياره وحواش  
...",200.0,New
الخبر,حي التحلية,شرق,267,3,4,5,3,1,1,0,1,0,1,0,1,1,0,1,1,0,0,60000,"للايجار  

فيلا دبلكس داخل مجمع سكني خاص 

غرف ماستر وصالات ارضيه وعلوية 

كراج خاص 

مدخلين للفيلا 

حوش جانبي خاص 

عداد كهرباء مستقل 

مكيف سبلت بالكامل .. 

يعتبر جديد لم يستخدم 

تتوفر خدمات الحراسه والنظافه

قريبه من التحليه وجسر البحرين والشبي...",224.72,Modern
الخبر,حي الصواري,غرب,390,0,5,5,3,1,1,1,1,0,1,1,0,1,0,1,1,0,0,60000,للايجار فيلا في العزيزية حي الصواري مكيفات راكبة مطبخ راكب  مطلوب ٦٠ الف الدفع سنة أو كل ستة شهور للاستفساروالمعاينة الرجاء الاتصال علي الرقم ٠٥٣٢٧٥٠٧٤٦,153.85,New
الخبر,حي الحزام الذهبي,غرب,140,15,3,3,1,1,1,0,1,0,1,0,1,0,0,1,1,0,0,55000,"فلل دبلوكس الشبلان 2 تتكون:
الدور الارضي : صاله مفتوحة ودورة مياة , مطبخ مفتوح, حديقه صغيرة .
الدور الاول : غرفة رئيسية ودورة مياه , غرفتين اخرى ودورة مياه , غرفة خادمة ، موقف سيارة خاص لكل فيلا ، جميع الفلل تطل على المسبح.",392.86,Medium
الخبر,حي الجوهرة,جنوب شرقي,245,8,3,4,2,1,1,0,1,1,1,1,1,1,1,1,1,0,0,100000,"للمهتمين بالخصوصية العائلية والباحثين عن الهدوء والرفاهية والخدمات  نقدم لكم مجمع سكني فاخر متكامل الخدمات في مدينة الخبر والذي يحتوي على جميع المرافق والخدمات وهي :
 صالة للألعاب الرياضية التنس وكرة السلة  داخلي وخارجي غرفة التمارين الرياضية غرفة ال...",408.16,Medium
الخبر,حي المدينة الرياضية,جنوب غربي,1152,19,5,5,2,1,1,1,1,1,1,1,0,1,0,0,1,0,1,150000,"فيلا راس بلك زاويه تنفع حضانه او روضه او عائله كبيره 
مجدد ومصان بالكامل يوجد مدخل رجال ومدخل نساء وملحق بالخلف",130.21,Old
الخبر,حي مدينة العمال,شرق,300,7,7,5,2,1,0,0,0,0,0,0,0,0,0,0,1,0,0,80000,فيلا مكونه من دورين تصلح للشركات والموسسات والمطاعم سكن عماله الموقع قريب جدا من شارع البيبسي,266.67,Medium
الخبر,حي العقربية,شمال,420,20,3,4,3,1,0,0,0,0,0,1,0,0,0,0,0,0,0,55000,فيلا للايجار بالخبر حي  العقربية بالقرب من مستشفي الملك فهد الجامعي   دور واحد  عبارة عن غرفة رئيسية مع دورة مياة  وغرفتين   بينهم دورة مياة  وصالة للجلسة ومطبخ كبير فية دواليب المنيوم ومجلس للضيوف كبير وغرفة اخرى للضيوف  و دورة مياة ومغسلتين  لليدين...,130.95,Old
الخبر,حي الشراع,شمال شرقي,437,3,7,5,2,1,1,1,1,0,1,1,0,1,0,1,1,0,1,80000,"فيلا 437 في حي الشراع العزيزيه الخبر للايجار تتكون الفيلا من 

الدور الارضي 
غرفة سائق بحمام
مجلس خارجي بحمام
مجلس ومقلط وصاله ومجلس نساء وعدد 2 حمام ومطبخ ومستودع 
الدور الاول 
عدد 5 غرف نوم منها 3 غرف ماستر بحمامها وغرفتين بينهم حمام وصاله فيها قبه...",183.07,Modern
الخبر,حي اللؤلؤ,شمال,200,0,3,4,2,1,1,0,1,1,1,0,0,0,0,1,1,0,0,50000,"يوجد فلل دبلكس للأيجار مفروشة بالكامل داخل كومباوند (درة الخليج) بحي الؤلؤة 
تبدا الاسعار من 50 الف الى 65 الف حسب موقع الفله على الخريطة
الدور الأرضي عبارة عن صاله وصاله طعام ومطبخ وحمام 
الدور الأول 3 غرم نوم وحمامين 
الدور الثالث غرفه خادمه وغرفة ...",250.0,New
الخبر,حي الجسر,شرق,400,16,7,5,2,1,0,1,1,1,1,1,0,1,0,0,1,0,0,75000,"فيلا للايجار دور ارضي استقبال : مجلس رجال و مقلط و مجلس نساء دورتين مياه مطبخ خارجي ومطبخ داخلي صالة كبيرة 

الدور الاول : 1 غرفة نوم ماستر مع دورة مياه 3 غرف نوم مع صالة ودروة مياه 

ملحق غرفة خادمة مع مستودع و غرفة غسيل

المكيفات اسبلت 
يوجد بعض قط...",187.5,Old
الخبر,حي الثقبة,غرب,325,20,4,5,3,1,1,0,1,0,1,1,0,1,0,0,1,0,1,85000,"للايجار فله سكنيه تصلح سكن عماله او شخصي 
خلف سوق الجمعه

مكونه من دور ارضي محلق خارجي 
مجلس رجال مع دوره مياه + غرفه طعام + صاله عائليه ومطبخ مع دوره مياه 

الدور الاول 4 غرف نوم وصاله 

الملحق غرفه غسيل وكوي مع غرفه خادمه مع امكانيه بناء غرفتين كبي...",261.54,Old
الخبر,حي الخزامى,شرق,200,9,1,4,2,1,0,0,0,0,1,0,0,0,0,1,1,0,0,65000,دبلكس يصلح سكن مهندسين,325.0,Medium
الخبر,حي العقيق,شمال,2226,0,4,4,1,1,1,0,1,1,1,0,1,1,0,1,1,0,0,80000,"فلل مؤثثه للإيجار مهيأ للشركات والافراد العزيزيه الخبر
كمبوند جديد مكون من 108 فلل 
يوجد نموذجين
1- ثلاث غرف وصالة ومطبخ وثلاث حمامات وغرفة خادمة

2- اربع غرف وصالة ومطبخ واربع و حمامات وغرفة خادمة 

يتوفر بالمجمع كافة وسائل الراحة
(نادي رياضي متنوع ...",35.94,New
الخبر,حي العليا,شمال,325,14,4,5,2,1,0,1,1,0,1,0,0,1,0,1,1,0,0,65000,"للإيجار دبلوكس متصل مرتب جداً باركيه ومكيفات راكبة ومطابخ موقع مميز بتوفر المواقف وقربة من الخدمات الحيوية والمحال التجارية ومجمعات المطاعم نظافة المبنى كلياً خارجياً وداخلياً

0562222677
0554308667‬ ‬‬
‏‭ 0598935000",200.0,Medium
الخبر,حي الحزام الاخضر,جنوب,400,4,4,5,2,1,1,1,1,0,1,1,0,0,0,1,1,0,0,140000,"٤غرف نوم منهم غرفتين ماستر 
مجلس وصاله ومطبخ ٥ دوراه مياه 
غرفه شغاله وغرفه سواق 
البيت  مكيف بالكامل مركزي",350.0,Modern
الخبر,حي الصواري,شرق,450,0,5,5,2,1,1,0,1,0,1,0,0,0,0,1,1,0,0,80000,"دبلكس جديد مكيف للايجار
الدور الارضي كراج سيارة مجالس مطبخ صالة 
الدور الثاني اربع غرف نوم غرفتين ماستر 
الدور الثاني  غرفة خادمة وغرفة غسيل 
يوجد ضمانات على السباكة والكهرباء ١٠ سنوات",177.78,New
الخبر,حي الراكة الجنوبية,شمال,200,4,6,5,2,1,1,0,1,0,1,0,1,1,0,1,1,0,0,85000,"فيلا في الراكة الجنوبية على شارع ٤٠ مكونة من صالة ومجلس ومقلط ومطبخ نظام امريكي مع غرفة خادمة وغرفة غسيل وحوش وقراج ومسبح والدور الاول فيه ٤ غرف نوم مع صاله كبيرة للايجارعلى ٨٥ الف ريال 
الموقع قريب من الخدمات


أخي الكريم الباحث عن العقار/ في حالة ع...",425.0,Modern
الخبر,حي التحلية,جنوب,300,0,5,5,3,1,1,0,1,0,0,0,0,1,0,1,0,0,0,75000,"للايجار دوبلكس متصل بناء شخصي بحي التحلية بالخبر 

الدور الارضي مجلس رجال وغرفة طعام وصاله ومجلس نساء ودورتين مياه والمطبخ تفصيل ان شاء الله خلال أيام يكون جاهز 

الدور الاول ٤ غرف نوم ٢ منهم ماستر وغرفتين يخدمهم دورة مياه مع الصاله 

الملحق غرفة ودو...",250.0,New
الخبر,حي البحيرة,غرب,375,0,4,4,2,1,1,0,0,0,1,0,1,1,0,1,1,0,0,80000,"*عرض*
*دبلكس للإيجار*

الموقع / العزيزية حي البحيرة
المساحة / ٣٧٥م٢

*المواصفات*

٤ غرف نوم ٢منهم ماستر
مجلس 
صاله تطل على بركه 
مطبخ راكب الدواليب من مطابخ أبيات
جميع الستائر راكبه من القماش الجيد
المكيفات راكبة
ملحق لشغاله ومخزن كبير وسطح

*سعر الإ...",213.33,New
الخبر,حي الحزام الاخضر,جنوب شرقي,574,30,4,4,1,1,1,1,1,0,0,0,0,1,0,0,1,0,1,180000,"فيلا للايجار او الاستثمار

موقع مميز بالقرب من مستشفى سعد وفندق بودل والموفنبيك وغيرهم . 

الايجار السنوي المطلوب : 180,000 الف 

للاستفسار : 0502505555",313.59,Old
الخبر,حي مدينة العمال,جنوب شرقي,348,30,5,5,3,1,0,0,1,0,0,0,0,1,0,0,1,0,0,65000,"فيلا زواية على شارعين ومرممه بالكامل 
قريبة من نادي القادسية 

مقاسات الغرف والصالات :- 

الدور الارضي
الصالة 5.2 * 6 
مقلط النساء  4.3 * 5.9
المطبخ 4* 4.3
المخزن 3.2 * 2.3 

الدور الاول 
الصالة 6 * 6.5 
غرفة ماستر 1 5.4 * 5.6 غرفة دولاب 2.15 * 4.3
غ...",186.78,Old
الخبر,حي التحلية,شمال شرقي,625,0,7,5,2,0,1,1,1,0,0,0,0,1,0,0,1,0,0,90000,"فلة بحي الثنيانيه- الخبر
حوش و مدخلين و كراج على الزاويه والحوش يتسع لـثلاث سيارات تقريباً

- الدور الاول: 
مجلس و مقلط مع مغاسل و دورة مياه (رجال)

مجلس و صاله و مطبخ كبير و دورة مياه و مغاسل (نساء)

- الدور الثاني:
٤ غرف نوم ٣ منها ماستر
صاله كبيره...",144.0,New
الخبر,حي الكورنيش,جنوب,350,10,5,5,5,1,1,1,1,0,1,0,0,1,0,1,1,0,0,150000,"فيلا فاخرة بكورنيش الخبر. يوجد فيديو واتساب. مكيفات مركزية  و مطابخ و دواليب لوفر راكبة.



الدور الأرضي: مجلس بدورة مياه و صالة معيشة  بدورة مياه و غرفة نوم ضيف بدورة مياه و غرفة خادمة بدورة مياه.

الدور الثاني: ٥ غرف نوم (٣ ماستر و ٢ بدورة مياه مشت...",428.57,Medium
الخبر,حي التحلية,شرق,330,0,4,5,4,1,1,1,1,0,1,1,0,1,0,0,0,0,0,80000,"فلة في الخبر  حي التحلية مقابل البحر الدور الارضي= مجلس+مقلط+صالة+مطبخ+غرفة مختصرة+مطبخ ضيوف+مستودع+غرفة سائق خاص+٣ حمامات اعزكم الله+
الدور الاول= ثلاث اجنحة منها جناح مطل على الشاطئ+غزفتين نوم+صالة+الدور الثاني=غرفتين للخدم +غرفة غسيل+مستودع+حمام ا...",242.42,New
الخبر,حي اللؤلؤ,غرب,437,0,7,5,2,1,1,0,1,0,0,1,0,1,0,1,1,0,1,60000,"للإيجار فيلا دورين وملحق في حي الأصداف

المساحة : ٤٣٧ متر 

الدور الأرضي : 
ديوانية خارجية - دورة مياة - مجلس - غرفة طعام رجال - مجلس نساء - مطبخ 

الدور الأول : 
عدد ٥ غرف نوم ( ٣ غرف منها ماستر )

الدور الثاني :
 غرفتين - غرفة غسيل - دورة مياة

للت...",137.3,New
الخبر,حي الصواري,جنوب,400,0,5,5,3,0,1,0,1,0,1,1,0,1,0,1,1,0,0,55000,"دبلكس للأيجار حي الصواري ج ٤٣

مجلس خارجي (ديوانية) مؤثثه

الدور الأرضي :
مجلس رجال
مقلط
صاله كبيره
مجلس حريم
مطبخ
2 دورة مياه

الدور الاول :
اربع غرفه نوم ثنتين ماستر
صاله كبيره
4 دوره مياه 

الملحق :
 غرفه نوم
صاله
غرفه شغاله
غرفه غسيل
دوره مياه

ح...",137.5,New
الخبر,حي الكورنيش,جنوب,300,13,6,5,2,1,1,1,1,0,1,0,0,1,0,1,1,0,0,90000,"فيلا فاخرة في حي كورنيش الخبر. أفضل حي بالخبر.

مكونات الفيلا:
الدور الأرض: صالة بدورة مياه و مجلس بدوره مياه و غرفة طعام و مطبخين و غرفة خادمة بدورة مياه.
الدور الثاني: ٥ غرف نوم و صالة و مطبخ.
الدور الثالث: جناح بدورة مياه و بلكونة.


الايجار السكن...",300.0,Medium
الخبر,حي الامواج,غرب,437,0,7,5,2,0,1,0,1,0,0,1,0,1,0,1,1,0,1,60000,"للأيجار ڤيلا دورين و ملحق في حي الأصداف

المساحة:437 متر 

الدور الأرضي :
ديوانية خارجية - دورة مياة - مجلس - غرفة طعام رجال - مجلس نساء - مطبخ 

الدور الأول :
عدد 5 غرف نوم (3 غرف ماستر)

الدور الثاني:
غرفتين - غرفة غسيل - دورة مياة

للتواصل : 

050...",137.3,New
الخبر,حي العليا,شمال,325,14,4,5,2,1,0,1,1,0,1,0,0,1,0,1,1,0,0,65000,"للإيجار دبلوكس متصل مرتب جداً باركيه ومكيفات راكبة ومطابخ موقع مميز بتوفر المواقف وقربة من الخدمات الحيوية والمحال التجارية ومجمعات المطاعم نظافة المبنى كلياً خارجياً وداخلياً

0562222677
0554308667‬ ‬‬
‏‭ 0598935000",200.0,Medium
الخبر,حي الحزام الاخضر,جنوب,400,4,4,5,2,1,1,1,1,0,1,1,0,0,0,1,1,0,0,140000,"٤غرف نوم منهم غرفتين ماستر 
مجلس وصاله ومطبخ ٥ دوراه مياه 
غرفه شغاله وغرفه سواق 
البيت  مكيف بالكامل مركزي",350.0,Modern
الخبر,حي الصواري,شرق,450,0,5,5,2,1,1,0,1,0,1,0,0,0,0,1,1,0,0,80000,"دبلكس جديد مكيف للايجار
الدور الارضي كراج سيارة مجالس مطبخ صالة 
الدور الثاني اربع غرف نوم غرفتين ماستر 
الدور الثاني  غرفة خادمة وغرفة غسيل 
يوجد ضمانات على السباكة والكهرباء ١٠ سنوات",177.78,New
الخبر,حي الراكة الجنوبية,شمال,200,4,6,5,2,1,1,0,1,0,1,0,1,1,0,1,1,0,0,85000,"فيلا في الراكة الجنوبية على شارع ٤٠ مكونة من صالة ومجلس ومقلط ومطبخ نظام امريكي مع غرفة خادمة وغرفة غسيل وحوش وقراج ومسبح والدور الاول فيه ٤ غرف نوم مع صاله كبيرة للايجارعلى ٨٥ الف ريال 
الموقع قريب من الخدمات


أخي الكريم الباحث عن العقار/ في حالة ع...",425.0,Modern
الخبر,حي التحلية,جنوب,300,0,5,5,3,1,1,0,1,0,0,0,0,1,0,1,0,0,0,75000,"للايجار دوبلكس متصل بناء شخصي بحي التحلية بالخبر 

الدور الارضي مجلس رجال وغرفة طعام وصاله ومجلس نساء ودورتين مياه والمطبخ تفصيل ان شاء الله خلال أيام يكون جاهز 

الدور الاول ٤ غرف نوم ٢ منهم ماستر وغرفتين يخدمهم دورة مياه مع الصاله 

الملحق غرفة ودو...",250.0,New
الخبر,حي البحيرة,غرب,375,0,4,4,2,1,1,0,0,0,1,0,1,1,0,1,1,0,0,80000,"*عرض*
*دبلكس للإيجار*

الموقع / العزيزية حي البحيرة
المساحة / ٣٧٥م٢

*المواصفات*

٤ غرف نوم ٢منهم ماستر
مجلس 
صاله تطل على بركه 
مطبخ راكب الدواليب من مطابخ أبيات
جميع الستائر راكبه من القماش الجيد
المكيفات راكبة
ملحق لشغاله ومخزن كبير وسطح

*سعر الإ...",213.33,New
الخبر,حي الحزام الاخضر,جنوب شرقي,574,30,4,4,1,1,1,1,1,0,0,0,0,1,0,0,1,0,1,180000,"فيلا للايجار او الاستثمار

موقع مميز بالقرب من مستشفى سعد وفندق بودل والموفنبيك وغيرهم . 

الايجار السنوي المطلوب : 180,000 الف 

للاستفسار : 0502505555",313.59,Old
الخبر,حي مدينة العمال,جنوب شرقي,348,30,5,5,3,1,0,0,1,0,0,0,0,1,0,0,1,0,0,65000,"فيلا زواية على شارعين ومرممه بالكامل 
قريبة من نادي القادسية 

مقاسات الغرف والصالات :- 

الدور الارضي
الصالة 5.2 * 6 
مقلط النساء  4.3 * 5.9
المطبخ 4* 4.3
المخزن 3.2 * 2.3 

الدور الاول 
الصالة 6 * 6.5 
غرفة ماستر 1 5.4 * 5.6 غرفة دولاب 2.15 * 4.3
غ...",186.78,Old
الخبر,حي التحلية,شمال شرقي,625,0,7,5,2,0,1,1,1,0,0,0,0,1,0,0,1,0,0,90000,"فلة بحي الثنيانيه- الخبر
حوش و مدخلين و كراج على الزاويه والحوش يتسع لـثلاث سيارات تقريباً

- الدور الاول: 
مجلس و مقلط مع مغاسل و دورة مياه (رجال)

مجلس و صاله و مطبخ كبير و دورة مياه و مغاسل (نساء)

- الدور الثاني:
٤ غرف نوم ٣ منها ماستر
صاله كبيره...",144.0,New
الخبر,حي الكورنيش,جنوب,350,10,5,5,5,1,1,1,1,0,1,0,0,1,0,1,1,0,0,150000,"فيلا فاخرة بكورنيش الخبر. يوجد فيديو واتساب. مكيفات مركزية  و مطابخ و دواليب لوفر راكبة.



الدور الأرضي: مجلس بدورة مياه و صالة معيشة  بدورة مياه و غرفة نوم ضيف بدورة مياه و غرفة خادمة بدورة مياه.

الدور الثاني: ٥ غرف نوم (٣ ماستر و ٢ بدورة مياه مشت...",428.57,Medium
الخبر,حي التحلية,شرق,330,0,4,5,4,1,1,1,1,0,1,1,0,1,0,0,0,0,0,80000,"فلة في الخبر  حي التحلية مقابل البحر الدور الارضي= مجلس+مقلط+صالة+مطبخ+غرفة مختصرة+مطبخ ضيوف+مستودع+غرفة سائق خاص+٣ حمامات اعزكم الله+
الدور الاول= ثلاث اجنحة منها جناح مطل على الشاطئ+غزفتين نوم+صالة+الدور الثاني=غرفتين للخدم +غرفة غسيل+مستودع+حمام ا...",242.42,New
الخبر,حي اللؤلؤ,غرب,437,0,7,5,2,1,1,0,1,0,0,1,0,1,0,1,1,0,1,60000,"للإيجار فيلا دورين وملحق في حي الأصداف

المساحة : ٤٣٧ متر 

الدور الأرضي : 
ديوانية خارجية - دورة مياة - مجلس - غرفة طعام رجال - مجلس نساء - مطبخ 

الدور الأول : 
عدد ٥ غرف نوم ( ٣ غرف منها ماستر )

الدور الثاني :
 غرفتين - غرفة غسيل - دورة مياة

للت...",137.3,New
الخبر,حي الصواري,جنوب,400,0,5,5,3,0,1,0,1,0,1,1,0,1,0,1,1,0,0,55000,"دبلكس للأيجار حي الصواري ج ٤٣

مجلس خارجي (ديوانية) مؤثثه

الدور الأرضي :
مجلس رجال
مقلط
صاله كبيره
مجلس حريم
مطبخ
2 دورة مياه

الدور الاول :
اربع غرفه نوم ثنتين ماستر
صاله كبيره
4 دوره مياه 

الملحق :
 غرفه نوم
صاله
غرفه شغاله
غرفه غسيل
دوره مياه

ح...",137.5,New
الخبر,حي الكورنيش,جنوب,300,13,6,5,2,1,1,1,1,0,1,0,0,1,0,1,1,0,0,90000,"فيلا فاخرة في حي كورنيش الخبر. أفضل حي بالخبر.

مكونات الفيلا:
الدور الأرض: صالة بدورة مياه و مجلس بدوره مياه و غرفة طعام و مطبخين و غرفة خادمة بدورة مياه.
الدور الثاني: ٥ غرف نوم و صالة و مطبخ.
الدور الثالث: جناح بدورة مياه و بلكونة.


الايجار السكن...",300.0,Medium
الخبر,حي الامواج,غرب,437,0,7,5,2,0,1,0,1,0,0,1,0,1,0,1,1,0,1,60000,"للأيجار ڤيلا دورين و ملحق في حي الأصداف

المساحة:437 متر 

الدور الأرضي :
ديوانية خارجية - دورة مياة - مجلس - غرفة طعام رجال - مجلس نساء - مطبخ 

الدور الأول :
عدد 5 غرف نوم (3 غرف ماستر)

الدور الثاني:
غرفتين - غرفة غسيل - دورة مياة

للتواصل : 

050...",137.3,New
الخبر,حي العليا,شمال,325,14,4,5,2,1,0,1,1,0,1,0,0,1,0,1,1,0,0,65000,"للإيجار دبلوكس متصل مرتب جداً باركيه ومكيفات راكبة ومطابخ موقع مميز بتوفر المواقف وقربة من الخدمات الحيوية والمحال التجارية ومجمعات المطاعم نظافة المبنى كلياً خارجياً وداخلياً

0562222677
0554308667‬ ‬‬
‏‭ 0598935000",200.0,Medium
الخبر,حي الحزام الاخضر,جنوب,400,4,4,5,2,1,1,1,1,0,1,1,0,0,0,1,1,0,0,140000,"٤غرف نوم منهم غرفتين ماستر 
مجلس وصاله ومطبخ ٥ دوراه مياه 
غرفه شغاله وغرفه سواق 
البيت  مكيف بالكامل مركزي",350.0,Modern
الخبر,حي الصواري,شرق,450,0,5,5,2,1,1,0,1,0,1,0,0,0,0,1,1,0,0,80000,"دبلكس جديد مكيف للايجار
الدور الارضي كراج سيارة مجالس مطبخ صالة 
الدور الثاني اربع غرف نوم غرفتين ماستر 
الدور الثاني  غرفة خادمة وغرفة غسيل 
يوجد ضمانات على السباكة والكهرباء ١٠ سنوات",177.78,New
الخبر,حي الراكة الجنوبية,شمال,200,4,6,5,2,1,1,0,1,0,1,0,1,1,0,1,1,0,0,85000,"فيلا في الراكة الجنوبية على شارع ٤٠ مكونة من صالة ومجلس ومقلط ومطبخ نظام امريكي مع غرفة خادمة وغرفة غسيل وحوش وقراج ومسبح والدور الاول فيه ٤ غرف نوم مع صاله كبيرة للايجارعلى ٨٥ الف ريال 
الموقع قريب من الخدمات


أخي الكريم الباحث عن العقار/ في حالة ع...",425.0,Modern
الخبر,حي التحلية,جنوب,300,0,5,5,3,1,1,0,1,0,0,0,0,1,0,1,0,0,0,75000,"للايجار دوبلكس متصل بناء شخصي بحي التحلية بالخبر 

الدور الارضي مجلس رجال وغرفة طعام وصاله ومجلس نساء ودورتين مياه والمطبخ تفصيل ان شاء الله خلال أيام يكون جاهز 

الدور الاول ٤ غرف نوم ٢ منهم ماستر وغرفتين يخدمهم دورة مياه مع الصاله 

الملحق غرفة ودو...",250.0,New
الخبر,حي البحيرة,غرب,375,0,4,4,2,1,1,0,0,0,1,0,1,1,0,1,1,0,0,80000,"*عرض*
*دبلكس للإيجار*

الموقع / العزيزية حي البحيرة
المساحة / ٣٧٥م٢

*المواصفات*

٤ غرف نوم ٢منهم ماستر
مجلس 
صاله تطل على بركه 
مطبخ راكب الدواليب من مطابخ أبيات
جميع الستائر راكبه من القماش الجيد
المكيفات راكبة
ملحق لشغاله ومخزن كبير وسطح

*سعر الإ...",213.33,New
الخبر,حي الحزام الاخضر,جنوب شرقي,574,30,4,4,1,1,1,1,1,0,0,0,0,1,0,0,1,0,1,180000,"فيلا للايجار او الاستثمار

موقع مميز بالقرب من مستشفى سعد وفندق بودل والموفنبيك وغيرهم . 

الايجار السنوي المطلوب : 180,000 الف 

للاستفسار : 0502505555",313.59,Old
الخبر,حي مدينة العمال,جنوب شرقي,348,30,5,5,3,1,0,0,1,0,0,0,0,1,0,0,1,0,0,65000,"فيلا زواية على شارعين ومرممه بالكامل 
قريبة من نادي القادسية 

مقاسات الغرف والصالات :- 

الدور الارضي
الصالة 5.2 * 6 
مقلط النساء  4.3 * 5.9
المطبخ 4* 4.3
المخزن 3.2 * 2.3 

الدور الاول 
الصالة 6 * 6.5 
غرفة ماستر 1 5.4 * 5.6 غرفة دولاب 2.15 * 4.3
غ...",186.78,Old
الخبر,حي التحلية,شمال شرقي,625,0,7,5,2,0,1,1,1,0,0,0,0,1,0,0,1,0,0,90000,"فلة بحي الثنيانيه- الخبر
حوش و مدخلين و كراج على الزاويه والحوش يتسع لـثلاث سيارات تقريباً

- الدور الاول: 
مجلس و مقلط مع مغاسل و دورة مياه (رجال)

مجلس و صاله و مطبخ كبير و دورة مياه و مغاسل (نساء)

- الدور الثاني:
٤ غرف نوم ٣ منها ماستر
صاله كبيره...",144.0,New
الخبر,حي الكورنيش,جنوب,350,10,5,5,5,1,1,1,1,0,1,0,0,1,0,1,1,0,0,150000,"فيلا فاخرة بكورنيش الخبر. يوجد فيديو واتساب. مكيفات مركزية  و مطابخ و دواليب لوفر راكبة.



الدور الأرضي: مجلس بدورة مياه و صالة معيشة  بدورة مياه و غرفة نوم ضيف بدورة مياه و غرفة خادمة بدورة مياه.

الدور الثاني: ٥ غرف نوم (٣ ماستر و ٢ بدورة مياه مشت...",428.57,Medium
الخبر,حي التحلية,شرق,330,0,4,5,4,1,1,1,1,0,1,1,0,1,0,0,0,0,0,80000,"فلة في الخبر  حي التحلية مقابل البحر الدور الارضي= مجلس+مقلط+صالة+مطبخ+غرفة مختصرة+مطبخ ضيوف+مستودع+غرفة سائق خاص+٣ حمامات اعزكم الله+
الدور الاول= ثلاث اجنحة منها جناح مطل على الشاطئ+غزفتين نوم+صالة+الدور الثاني=غرفتين للخدم +غرفة غسيل+مستودع+حمام ا...",242.42,New
الخبر,حي اللؤلؤ,غرب,437,0,7,5,2,1,1,0,1,0,0,1,0,1,0,1,1,0,1,60000,"للإيجار فيلا دورين وملحق في حي الأصداف

المساحة : ٤٣٧ متر 

الدور الأرضي : 
ديوانية خارجية - دورة مياة - مجلس - غرفة طعام رجال - مجلس نساء - مطبخ 

الدور الأول : 
عدد ٥ غرف نوم ( ٣ غرف منها ماستر )

الدور الثاني :
 غرفتين - غرفة غسيل - دورة مياة

للت...",137.3,New
الخبر,حي الصواري,جنوب,400,0,5,5,3,0,1,0,1,0,1,1,0,1,0,1,1,0,0,55000,"دبلكس للأيجار حي الصواري ج ٤٣

مجلس خارجي (ديوانية) مؤثثه

الدور الأرضي :
مجلس رجال
مقلط
صاله كبيره
مجلس حريم
مطبخ
2 دورة مياه

الدور الاول :
اربع غرفه نوم ثنتين ماستر
صاله كبيره
4 دوره مياه 

الملحق :
 غرفه نوم
صاله
غرفه شغاله
غرفه غسيل
دوره مياه

ح...",137.5,New
الخبر,حي الكورنيش,جنوب,300,13,6,5,2,1,1,1,1,0,1,0,0,1,0,1,1,0,0,90000,"فيلا فاخرة في حي كورنيش الخبر. أفضل حي بالخبر.

مكونات الفيلا:
الدور الأرض: صالة بدورة مياه و مجلس بدوره مياه و غرفة طعام و مطبخين و غرفة خادمة بدورة مياه.
الدور الثاني: ٥ غرف نوم و صالة و مطبخ.
الدور الثالث: جناح بدورة مياه و بلكونة.


الايجار السكن...",300.0,Medium
الخبر,حي الامواج,غرب,437,0,7,5,2,0,1,0,1,0,0,1,0,1,0,1,1,0,1,60000,"للأيجار ڤيلا دورين و ملحق في حي الأصداف

المساحة:437 متر 

الدور الأرضي :
ديوانية خارجية - دورة مياة - مجلس - غرفة طعام رجال - مجلس نساء - مطبخ 

الدور الأول :
عدد 5 غرف نوم (3 غرف ماستر)

الدور الثاني:
غرفتين - غرفة غسيل - دورة مياة

للتواصل : 

050...",137.3,New
الخبر,حي العليا,شمال,325,14,4,5,2,1,0,1,1,0,1,0,0,1,0,1,1,0,0,65000,"للإيجار دبلوكس متصل مرتب جداً باركيه ومكيفات راكبة ومطابخ موقع مميز بتوفر المواقف وقربة من الخدمات الحيوية والمحال التجارية ومجمعات المطاعم نظافة المبنى كلياً خارجياً وداخلياً

0562222677
0554308667‬ ‬‬
‏‭ 0598935000",200.0,Medium
الخبر,حي الحزام الاخضر,جنوب,400,4,4,5,2,1,1,1,1,0,1,1,0,0,0,1,1,0,0,140000,"٤غرف نوم منهم غرفتين ماستر 
مجلس وصاله ومطبخ ٥ دوراه مياه 
غرفه شغاله وغرفه سواق 
البيت  مكيف بالكامل مركزي",350.0,Modern
الخبر,حي الصواري,شرق,450,0,5,5,2,1,1,0,1,0,1,0,0,0,0,1,1,0,0,80000,"دبلكس جديد مكيف للايجار
الدور الارضي كراج سيارة مجالس مطبخ صالة 
الدور الثاني اربع غرف نوم غرفتين ماستر 
الدور الثاني  غرفة خادمة وغرفة غسيل 
يوجد ضمانات على السباكة والكهرباء ١٠ سنوات",177.78,New
الخبر,حي الراكة الجنوبية,شمال,200,4,6,5,2,1,1,0,1,0,1,0,1,1,0,1,1,0,0,85000,"فيلا في الراكة الجنوبية على شارع ٤٠ مكونة من صالة ومجلس ومقلط ومطبخ نظام امريكي مع غرفة خادمة وغرفة غسيل وحوش وقراج ومسبح والدور الاول فيه ٤ غرف نوم مع صاله كبيرة للايجارعلى ٨٥ الف ريال 
الموقع قريب من الخدمات


أخي الكريم الباحث عن العقار/ في حالة ع...",425.0,Modern
الخبر,حي التحلية,جنوب,300,0,5,5,3,1,1,0,1,0,0,0,0,1,0,1,0,0,0,75000,"للايجار دوبلكس متصل بناء شخصي بحي التحلية بالخبر 

الدور الارضي مجلس رجال وغرفة طعام وصاله ومجلس نساء ودورتين مياه والمطبخ تفصيل ان شاء الله خلال أيام يكون جاهز 

الدور الاول ٤ غرف نوم ٢ منهم ماستر وغرفتين يخدمهم دورة مياه مع الصاله 

الملحق غرفة ودو...",250.0,New
الخبر,حي البحيرة,غرب,375,0,4,4,2,1,1,0,0,0,1,0,1,1,0,1,1,0,0,80000,"*عرض*
*دبلكس للإيجار*

الموقع / العزيزية حي البحيرة
المساحة / ٣٧٥م٢

*المواصفات*

٤ غرف نوم ٢منهم ماستر
مجلس 
صاله تطل على بركه 
مطبخ راكب الدواليب من مطابخ أبيات
جميع الستائر راكبه من القماش الجيد
المكيفات راكبة
ملحق لشغاله ومخزن كبير وسطح

*سعر الإ...",213.33,New
الخبر,حي الحزام الاخضر,جنوب شرقي,574,30,4,4,1,1,1,1,1,0,0,0,0,1,0,0,1,0,1,180000,"فيلا للايجار او الاستثمار

موقع مميز بالقرب من مستشفى سعد وفندق بودل والموفنبيك وغيرهم . 

الايجار السنوي المطلوب : 180,000 الف 

للاستفسار : 0502505555",313.59,Old
الخبر,حي مدينة العمال,جنوب شرقي,348,30,5,5,3,1,0,0,1,0,0,0,0,1,0,0,1,0,0,65000,"فيلا زواية على شارعين ومرممه بالكامل 
قريبة من نادي القادسية 

مقاسات الغرف والصالات :- 

الدور الارضي
الصالة 5.2 * 6 
مقلط النساء  4.3 * 5.9
المطبخ 4* 4.3
المخزن 3.2 * 2.3 

الدور الاول 
الصالة 6 * 6.5 
غرفة ماستر 1 5.4 * 5.6 غرفة دولاب 2.15 * 4.3
غ...",186.78,Old
الخبر,حي التحلية,شمال شرقي,625,0,7,5,2,0,1,1,1,0,0,0,0,1,0,0,1,0,0,90000,"فلة بحي الثنيانيه- الخبر
حوش و مدخلين و كراج على الزاويه والحوش يتسع لـثلاث سيارات تقريباً

- الدور الاول: 
مجلس و مقلط مع مغاسل و دورة مياه (رجال)

مجلس و صاله و مطبخ كبير و دورة مياه و مغاسل (نساء)

- الدور الثاني:
٤ غرف نوم ٣ منها ماستر
صاله كبيره...",144.0,New
الخبر,حي الكورنيش,جنوب,350,10,5,5,5,1,1,1,1,0,1,0,0,1,0,1,1,0,0,150000,"فيلا فاخرة بكورنيش الخبر. يوجد فيديو واتساب. مكيفات مركزية  و مطابخ و دواليب لوفر راكبة.



الدور الأرضي: مجلس بدورة مياه و صالة معيشة  بدورة مياه و غرفة نوم ضيف بدورة مياه و غرفة خادمة بدورة مياه.

الدور الثاني: ٥ غرف نوم (٣ ماستر و ٢ بدورة مياه مشت...",428.57,Medium
الخبر,حي التحلية,شرق,330,0,4,5,4,1,1,1,1,0,1,1,0,1,0,0,0,0,0,80000,"فلة في الخبر  حي التحلية مقابل البحر الدور الارضي= مجلس+مقلط+صالة+مطبخ+غرفة مختصرة+مطبخ ضيوف+مستودع+غرفة سائق خاص+٣ حمامات اعزكم الله+
الدور الاول= ثلاث اجنحة منها جناح مطل على الشاطئ+غزفتين نوم+صالة+الدور الثاني=غرفتين للخدم +غرفة غسيل+مستودع+حمام ا...",242.42,New
الخبر,حي اللؤلؤ,غرب,437,0,7,5,2,1,1,0,1,0,0,1,0,1,0,1,1,0,1,60000,"للإيجار فيلا دورين وملحق في حي الأصداف

المساحة : ٤٣٧ متر 

الدور الأرضي : 
ديوانية خارجية - دورة مياة - مجلس - غرفة طعام رجال - مجلس نساء - مطبخ 

الدور الأول : 
عدد ٥ غرف نوم ( ٣ غرف منها ماستر )

الدور الثاني :
 غرفتين - غرفة غسيل - دورة مياة

للت...",137.3,New
الخبر,حي الصواري,جنوب,400,0,5,5,3,0,1,0,1,0,1,1,0,1,0,1,1,0,0,55000,"دبلكس للأيجار حي الصواري ج ٤٣

مجلس خارجي (ديوانية) مؤثثه

الدور الأرضي :
مجلس رجال
مقلط
صاله كبيره
مجلس حريم
مطبخ
2 دورة مياه

الدور الاول :
اربع غرفه نوم ثنتين ماستر
صاله كبيره
4 دوره مياه 

الملحق :
 غرفه نوم
صاله
غرفه شغاله
غرفه غسيل
دوره مياه

ح...",137.5,New
الخبر,حي الكورنيش,جنوب,300,13,6,5,2,1,1,1,1,0,1,0,0,1,0,1,1,0,0,90000,"فيلا فاخرة في حي كورنيش الخبر. أفضل حي بالخبر.

مكونات الفيلا:
الدور الأرض: صالة بدورة مياه و مجلس بدوره مياه و غرفة طعام و مطبخين و غرفة خادمة بدورة مياه.
الدور الثاني: ٥ غرف نوم و صالة و مطبخ.
الدور الثالث: جناح بدورة مياه و بلكونة.


الايجار السكن...",300.0,Medium
الخبر,حي الامواج,غرب,437,0,7,5,2,0,1,0,1,0,0,1,0,1,0,1,1,0,1,60000,"للأيجار ڤيلا دورين و ملحق في حي الأصداف

المساحة:437 متر 

الدور الأرضي :
ديوانية خارجية - دورة مياة - مجلس - غرفة طعام رجال - مجلس نساء - مطبخ 

الدور الأول :
عدد 5 غرف نوم (3 غرف ماستر)

الدور الثاني:
غرفتين - غرفة غسيل - دورة مياة

للتواصل : 

050...",137.3,New
الخبر,حي العليا,شمال,325,14,4,5,2,1,0,1,1,0,1,0,0,1,0,1,1,0,0,65000,"للإيجار دبلوكس متصل مرتب جداً باركيه ومكيفات راكبة ومطابخ موقع مميز بتوفر المواقف وقربة من الخدمات الحيوية والمحال التجارية ومجمعات المطاعم نظافة المبنى كلياً خارجياً وداخلياً

0562222677
0554308667‬ ‬‬
‏‭ 0598935000",200.0,Medium
الخبر,حي الحزام الاخضر,جنوب,400,4,4,5,2,1,1,1,1,0,1,1,0,0,0,1,1,0,0,140000,"٤غرف نوم منهم غرفتين ماستر 
مجلس وصاله ومطبخ ٥ دوراه مياه 
غرفه شغاله وغرفه سواق 
البيت  مكيف بالكامل مركزي",350.0,Modern
الخبر,حي الصواري,شرق,450,0,5,5,2,1,1,0,1,0,1,0,0,0,0,1,1,0,0,80000,"دبلكس جديد مكيف للايجار
الدور الارضي كراج سيارة مجالس مطبخ صالة 
الدور الثاني اربع غرف نوم غرفتين ماستر 
الدور الثاني  غرفة خادمة وغرفة غسيل 
يوجد ضمانات على السباكة والكهرباء ١٠ سنوات",177.78,New
الخبر,حي الراكة الجنوبية,شمال,200,4,6,5,2,1,1,0,1,0,1,0,1,1,0,1,1,0,0,85000,"فيلا في الراكة الجنوبية على شارع ٤٠ مكونة من صالة ومجلس ومقلط ومطبخ نظام امريكي مع غرفة خادمة وغرفة غسيل وحوش وقراج ومسبح والدور الاول فيه ٤ غرف نوم مع صاله كبيرة للايجارعلى ٨٥ الف ريال 
الموقع قريب من الخدمات


أخي الكريم الباحث عن العقار/ في حالة ع...",425.0,Modern
الخبر,حي التحلية,جنوب,300,0,5,5,3,1,1,0,1,0,0,0,0,1,0,1,0,0,0,75000,"للايجار دوبلكس متصل بناء شخصي بحي التحلية بالخبر 

الدور الارضي مجلس رجال وغرفة طعام وصاله ومجلس نساء ودورتين مياه والمطبخ تفصيل ان شاء الله خلال أيام يكون جاهز 

الدور الاول ٤ غرف نوم ٢ منهم ماستر وغرفتين يخدمهم دورة مياه مع الصاله 

الملحق غرفة ودو...",250.0,New
الخبر,حي البحيرة,غرب,375,0,4,4,2,1,1,0,0,0,1,0,1,1,0,1,1,0,0,80000,"*عرض*
*دبلكس للإيجار*

الموقع / العزيزية حي البحيرة
المساحة / ٣٧٥م٢

*المواصفات*

٤ غرف نوم ٢منهم ماستر
مجلس 
صاله تطل على بركه 
مطبخ راكب الدواليب من مطابخ أبيات
جميع الستائر راكبه من القماش الجيد
المكيفات راكبة
ملحق لشغاله ومخزن كبير وسطح

*سعر الإ...",213.33,New
الخبر,حي الحزام الاخضر,جنوب شرقي,574,30,4,4,1,1,1,1,1,0,0,0,0,1,0,0,1,0,1,180000,"فيلا للايجار او الاستثمار

موقع مميز بالقرب من مستشفى سعد وفندق بودل والموفنبيك وغيرهم . 

الايجار السنوي المطلوب : 180,000 الف 

للاستفسار : 0502505555",313.59,Old
الخبر,حي مدينة العمال,جنوب شرقي,348,30,5,5,3,1,0,0,1,0,0,0,0,1,0,0,1,0,0,65000,"فيلا زواية على شارعين ومرممه بالكامل 
قريبة من نادي القادسية 

مقاسات الغرف والصالات :- 

الدور الارضي
الصالة 5.2 * 6 
مقلط النساء  4.3 * 5.9
المطبخ 4* 4.3
المخزن 3.2 * 2.3 

الدور الاول 
الصالة 6 * 6.5 
غرفة ماستر 1 5.4 * 5.6 غرفة دولاب 2.15 * 4.3
غ...",186.78,Old
الخبر,حي التحلية,شمال شرقي,625,0,7,5,2,0,1,1,1,0,0,0,0,1,0,0,1,0,0,90000,"فلة بحي الثنيانيه- الخبر
حوش و مدخلين و كراج على الزاويه والحوش يتسع لـثلاث سيارات تقريباً

- الدور الاول: 
مجلس و مقلط مع مغاسل و دورة مياه (رجال)

مجلس و صاله و مطبخ كبير و دورة مياه و مغاسل (نساء)

- الدور الثاني:
٤ غرف نوم ٣ منها ماستر
صاله كبيره...",144.0,New
الخبر,حي الكورنيش,جنوب,350,10,5,5,5,1,1,1,1,0,1,0,0,1,0,1,1,0,0,150000,"فيلا فاخرة بكورنيش الخبر. يوجد فيديو واتساب. مكيفات مركزية  و مطابخ و دواليب لوفر راكبة.



الدور الأرضي: مجلس بدورة مياه و صالة معيشة  بدورة مياه و غرفة نوم ضيف بدورة مياه و غرفة خادمة بدورة مياه.

الدور الثاني: ٥ غرف نوم (٣ ماستر و ٢ بدورة مياه مشت...",428.57,Medium
الخبر,حي التحلية,شرق,330,0,4,5,4,1,1,1,1,0,1,1,0,1,0,0,0,0,0,80000,"فلة في الخبر  حي التحلية مقابل البحر الدور الارضي= مجلس+مقلط+صالة+مطبخ+غرفة مختصرة+مطبخ ضيوف+مستودع+غرفة سائق خاص+٣ حمامات اعزكم الله+
الدور الاول= ثلاث اجنحة منها جناح مطل على الشاطئ+غزفتين نوم+صالة+الدور الثاني=غرفتين للخدم +غرفة غسيل+مستودع+حمام ا...",242.42,New
الخبر,حي اللؤلؤ,غرب,437,0,7,5,2,1,1,0,1,0,0,1,0,1,0,1,1,0,1,60000,"للإيجار فيلا دورين وملحق في حي الأصداف

المساحة : ٤٣٧ متر 

الدور الأرضي : 
ديوانية خارجية - دورة مياة - مجلس - غرفة طعام رجال - مجلس نساء - مطبخ 

الدور الأول : 
عدد ٥ غرف نوم ( ٣ غرف منها ماستر )

الدور الثاني :
 غرفتين - غرفة غسيل - دورة مياة

للت...",137.3,New
الخبر,حي الصواري,جنوب,400,0,5,5,3,0,1,0,1,0,1,1,0,1,0,1,1,0,0,55000,"دبلكس للأيجار حي الصواري ج ٤٣

مجلس خارجي (ديوانية) مؤثثه

الدور الأرضي :
مجلس رجال
مقلط
صاله كبيره
مجلس حريم
مطبخ
2 دورة مياه

الدور الاول :
اربع غرفه نوم ثنتين ماستر
صاله كبيره
4 دوره مياه 

الملحق :
 غرفه نوم
صاله
غرفه شغاله
غرفه غسيل
دوره مياه

ح...",137.5,New
الخبر,حي الكورنيش,جنوب,300,13,6,5,2,1,1,1,1,0,1,0,0,1,0,1,1,0,0,90000,"فيلا فاخرة في حي كورنيش الخبر. أفضل حي بالخبر.

مكونات الفيلا:
الدور الأرض: صالة بدورة مياه و مجلس بدوره مياه و غرفة طعام و مطبخين و غرفة خادمة بدورة مياه.
الدور الثاني: ٥ غرف نوم و صالة و مطبخ.
الدور الثالث: جناح بدورة مياه و بلكونة.


الايجار السكن...",300.0,Medium
الخبر,حي الامواج,غرب,437,0,7,5,2,0,1,0,1,0,0,1,0,1,0,1,1,0,1,60000,"للأيجار ڤيلا دورين و ملحق في حي الأصداف

المساحة:437 متر 

الدور الأرضي :
ديوانية خارجية - دورة مياة - مجلس - غرفة طعام رجال - مجلس نساء - مطبخ 

الدور الأول :
عدد 5 غرف نوم (3 غرف ماستر)

الدور الثاني:
غرفتين - غرفة غسيل - دورة مياة

للتواصل : 

050...",137.3,New
الخبر,حي العليا,شمال,325,14,4,5,2,1,0,1,1,0,1,0,0,1,0,1,1,0,0,65000,"للإيجار دبلوكس متصل مرتب جداً باركيه ومكيفات راكبة ومطابخ موقع مميز بتوفر المواقف وقربة من الخدمات الحيوية والمحال التجارية ومجمعات المطاعم نظافة المبنى كلياً خارجياً وداخلياً

0562222677
0554308667‬ ‬‬
‏‭ 0598935000",200.0,Medium
الخبر,حي الحزام الاخضر,جنوب,400,4,4,5,2,1,1,1,1,0,1,1,0,0,0,1,1,0,0,140000,"٤غرف نوم منهم غرفتين ماستر 
مجلس وصاله ومطبخ ٥ دوراه مياه 
غرفه شغاله وغرفه سواق 
البيت  مكيف بالكامل مركزي",350.0,Modern
الخبر,حي الصواري,شرق,450,0,5,5,2,1,1,0,1,0,1,0,0,0,0,1,1,0,0,80000,"دبلكس جديد مكيف للايجار
الدور الارضي كراج سيارة مجالس مطبخ صالة 
الدور الثاني اربع غرف نوم غرفتين ماستر 
الدور الثاني  غرفة خادمة وغرفة غسيل 
يوجد ضمانات على السباكة والكهرباء ١٠ سنوات",177.78,New
الخبر,حي الراكة الجنوبية,شمال,200,4,6,5,2,1,1,0,1,0,1,0,1,1,0,1,1,0,0,85000,"فيلا في الراكة الجنوبية على شارع ٤٠ مكونة من صالة ومجلس ومقلط ومطبخ نظام امريكي مع غرفة خادمة وغرفة غسيل وحوش وقراج ومسبح والدور الاول فيه ٤ غرف نوم مع صاله كبيرة للايجارعلى ٨٥ الف ريال 
الموقع قريب من الخدمات


أخي الكريم الباحث عن العقار/ في حالة ع...",425.0,Modern
الخبر,حي التحلية,جنوب,300,0,5,5,3,1,1,0,1,0,0,0,0,1,0,1,0,0,0,75000,"للايجار دوبلكس متصل بناء شخصي بحي التحلية بالخبر 

الدور الارضي مجلس رجال وغرفة طعام وصاله ومجلس نساء ودورتين مياه والمطبخ تفصيل ان شاء الله خلال أيام يكون جاهز 

الدور الاول ٤ غرف نوم ٢ منهم ماستر وغرفتين يخدمهم دورة مياه مع الصاله 

الملحق غرفة ودو...",250.0,New
الخبر,حي البحيرة,غرب,375,0,4,4,2,1,1,0,0,0,1,0,1,1,0,1,1,0,0,80000,"*عرض*
*دبلكس للإيجار*

الموقع / العزيزية حي البحيرة
المساحة / ٣٧٥م٢

*المواصفات*

٤ غرف نوم ٢منهم ماستر
مجلس 
صاله تطل على بركه 
مطبخ راكب الدواليب من مطابخ أبيات
جميع الستائر راكبه من القماش الجيد
المكيفات راكبة
ملحق لشغاله ومخزن كبير وسطح

*سعر الإ...",213.33,New
الخبر,حي الحزام الاخضر,جنوب شرقي,574,30,4,4,1,1,1,1,1,0,0,0,0,1,0,0,1,0,1,180000,"فيلا للايجار او الاستثمار

موقع مميز بالقرب من مستشفى سعد وفندق بودل والموفنبيك وغيرهم . 

الايجار السنوي المطلوب : 180,000 الف 

للاستفسار : 0502505555",313.59,Old
الخبر,حي مدينة العمال,جنوب شرقي,348,30,5,5,3,1,0,0,1,0,0,0,0,1,0,0,1,0,0,65000,"فيلا زواية على شارعين ومرممه بالكامل 
قريبة من نادي القادسية 

مقاسات الغرف والصالات :- 

الدور الارضي
الصالة 5.2 * 6 
مقلط النساء  4.3 * 5.9
المطبخ 4* 4.3
المخزن 3.2 * 2.3 

الدور الاول 
الصالة 6 * 6.5 
غرفة ماستر 1 5.4 * 5.6 غرفة دولاب 2.15 * 4.3
غ...",186.78,Old
الخبر,حي التحلية,شمال شرقي,625,0,7,5,2,0,1,1,1,0,0,0,0,1,0,0,1,0,0,90000,"فلة بحي الثنيانيه- الخبر
حوش و مدخلين و كراج على الزاويه والحوش يتسع لـثلاث سيارات تقريباً

- الدور الاول: 
مجلس و مقلط مع مغاسل و دورة مياه (رجال)

مجلس و صاله و مطبخ كبير و دورة مياه و مغاسل (نساء)

- الدور الثاني:
٤ غرف نوم ٣ منها ماستر
صاله كبيره...",144.0,New
الخبر,حي الكورنيش,جنوب,350,10,5,5,5,1,1,1,1,0,1,0,0,1,0,1,1,0,0,150000,"فيلا فاخرة بكورنيش الخبر. يوجد فيديو واتساب. مكيفات مركزية  و مطابخ و دواليب لوفر راكبة.



الدور الأرضي: مجلس بدورة مياه و صالة معيشة  بدورة مياه و غرفة نوم ضيف بدورة مياه و غرفة خادمة بدورة مياه.

الدور الثاني: ٥ غرف نوم (٣ ماستر و ٢ بدورة مياه مشت...",428.57,Medium
الخبر,حي التحلية,شرق,330,0,4,5,4,1,1,1,1,0,1,1,0,1,0,0,0,0,0,80000,"فلة في الخبر  حي التحلية مقابل البحر الدور الارضي= مجلس+مقلط+صالة+مطبخ+غرفة مختصرة+مطبخ ضيوف+مستودع+غرفة سائق خاص+٣ حمامات اعزكم الله+
الدور الاول= ثلاث اجنحة منها جناح مطل على الشاطئ+غزفتين نوم+صالة+الدور الثاني=غرفتين للخدم +غرفة غسيل+مستودع+حمام ا...",242.42,New
الخبر,حي اللؤلؤ,غرب,437,0,7,5,2,1,1,0,1,0,0,1,0,1,0,1,1,0,1,60000,"للإيجار فيلا دورين وملحق في حي الأصداف

المساحة : ٤٣٧ متر 

الدور الأرضي : 
ديوانية خارجية - دورة مياة - مجلس - غرفة طعام رجال - مجلس نساء - مطبخ 

الدور الأول : 
عدد ٥ غرف نوم ( ٣ غرف منها ماستر )

الدور الثاني :
 غرفتين - غرفة غسيل - دورة مياة

للت...",137.3,New
الخبر,حي الصواري,جنوب,400,0,5,5,3,0,1,0,1,0,1,1,0,1,0,1,1,0,0,55000,"دبلكس للأيجار حي الصواري ج ٤٣

مجلس خارجي (ديوانية) مؤثثه

الدور الأرضي :
مجلس رجال
مقلط
صاله كبيره
مجلس حريم
مطبخ
2 دورة مياه

الدور الاول :
اربع غرفه نوم ثنتين ماستر
صاله كبيره
4 دوره مياه 

الملحق :
 غرفه نوم
صاله
غرفه شغاله
غرفه غسيل
دوره مياه

ح...",137.5,New
الخبر,حي الكورنيش,جنوب,300,13,6,5,2,1,1,1,1,0,1,0,0,1,0,1,1,0,0,90000,"فيلا فاخرة في حي كورنيش الخبر. أفضل حي بالخبر.

مكونات الفيلا:
الدور الأرض: صالة بدورة مياه و مجلس بدوره مياه و غرفة طعام و مطبخين و غرفة خادمة بدورة مياه.
الدور الثاني: ٥ غرف نوم و صالة و مطبخ.
الدور الثالث: جناح بدورة مياه و بلكونة.


الايجار السكن...",300.0,Medium
الخبر,حي الامواج,غرب,437,0,7,5,2,0,1,0,1,0,0,1,0,1,0,1,1,0,1,60000,"للأيجار ڤيلا دورين و ملحق في حي الأصداف

المساحة:437 متر 

الدور الأرضي :
ديوانية خارجية - دورة مياة - مجلس - غرفة طعام رجال - مجلس نساء - مطبخ 

الدور الأول :
عدد 5 غرف نوم (3 غرف ماستر)

الدور الثاني:
غرفتين - غرفة غسيل - دورة مياة

للتواصل : 

050...",137.3,New
الخبر,حي العليا,شمال,325,14,4,5,2,1,0,1,1,0,1,0,0,1,0,1,1,0,0,65000,"للإيجار دبلوكس متصل مرتب جداً باركيه ومكيفات راكبة ومطابخ موقع مميز بتوفر المواقف وقربة من الخدمات الحيوية والمحال التجارية ومجمعات المطاعم نظافة المبنى كلياً خارجياً وداخلياً

0562222677
0554308667‬ ‬‬
‏‭ 0598935000",200.0,Medium
الخبر,حي الحزام الاخضر,جنوب,400,4,4,5,2,1,1,1,1,0,1,1,0,0,0,1,1,0,0,140000,"٤غرف نوم منهم غرفتين ماستر 
مجلس وصاله ومطبخ ٥ دوراه مياه 
غرفه شغاله وغرفه سواق 
البيت  مكيف بالكامل مركزي",350.0,Modern
الخبر,حي الصواري,شرق,450,0,5,5,2,1,1,0,1,0,1,0,0,0,0,1,1,0,0,80000,"دبلكس جديد مكيف للايجار
الدور الارضي كراج سيارة مجالس مطبخ صالة 
الدور الثاني اربع غرف نوم غرفتين ماستر 
الدور الثاني  غرفة خادمة وغرفة غسيل 
يوجد ضمانات على السباكة والكهرباء ١٠ سنوات",177.78,New
الخبر,حي الراكة الجنوبية,شمال,200,4,6,5,2,1,1,0,1,0,1,0,1,1,0,1,1,0,0,85000,"فيلا في الراكة الجنوبية على شارع ٤٠ مكونة من صالة ومجلس ومقلط ومطبخ نظام امريكي مع غرفة خادمة وغرفة غسيل وحوش وقراج ومسبح والدور الاول فيه ٤ غرف نوم مع صاله كبيرة للايجارعلى ٨٥ الف ريال 
الموقع قريب من الخدمات


أخي الكريم الباحث عن العقار/ في حالة ع...",425.0,Modern
الخبر,حي التحلية,جنوب,300,0,5,5,3,1,1,0,1,0,0,0,0,1,0,1,0,0,0,75000,"للايجار دوبلكس متصل بناء شخصي بحي التحلية بالخبر 

الدور الارضي مجلس رجال وغرفة طعام وصاله ومجلس نساء ودورتين مياه والمطبخ تفصيل ان شاء الله خلال أيام يكون جاهز 

الدور الاول ٤ غرف نوم ٢ منهم ماستر وغرفتين يخدمهم دورة مياه مع الصاله 

الملحق غرفة ودو...",250.0,New
الخبر,حي البحيرة,غرب,375,0,4,4,2,1,1,0,0,0,1,0,1,1,0,1,1,0,0,80000,"*عرض*
*دبلكس للإيجار*

الموقع / العزيزية حي البحيرة
المساحة / ٣٧٥م٢

*المواصفات*

٤ غرف نوم ٢منهم ماستر
مجلس 
صاله تطل على بركه 
مطبخ راكب الدواليب من مطابخ أبيات
جميع الستائر راكبه من القماش الجيد
المكيفات راكبة
ملحق لشغاله ومخزن كبير وسطح

*سعر الإ...",213.33,New
الخبر,حي الحزام الاخضر,جنوب شرقي,574,30,4,4,1,1,1,1,1,0,0,0,0,1,0,0,1,0,1,180000,"فيلا للايجار او الاستثمار

موقع مميز بالقرب من مستشفى سعد وفندق بودل والموفنبيك وغيرهم . 

الايجار السنوي المطلوب : 180,000 الف 

للاستفسار : 0502505555",313.59,Old
الخبر,حي مدينة العمال,جنوب شرقي,348,30,5,5,3,1,0,0,1,0,0,0,0,1,0,0,1,0,0,65000,"فيلا زواية على شارعين ومرممه بالكامل 
قريبة من نادي القادسية 

مقاسات الغرف والصالات :- 

الدور الارضي
الصالة 5.2 * 6 
مقلط النساء  4.3 * 5.9
المطبخ 4* 4.3
المخزن 3.2 * 2.3 

الدور الاول 
الصالة 6 * 6.5 
غرفة ماستر 1 5.4 * 5.6 غرفة دولاب 2.15 * 4.3
غ...",186.78,Old
الخبر,حي التحلية,شمال شرقي,625,0,7,5,2,0,1,1,1,0,0,0,0,1,0,0,1,0,0,90000,"فلة بحي الثنيانيه- الخبر
حوش و مدخلين و كراج على الزاويه والحوش يتسع لـثلاث سيارات تقريباً

- الدور الاول: 
مجلس و مقلط مع مغاسل و دورة مياه (رجال)

مجلس و صاله و مطبخ كبير و دورة مياه و مغاسل (نساء)

- الدور الثاني:
٤ غرف نوم ٣ منها ماستر
صاله كبيره...",144.0,New
الخبر,حي الكورنيش,جنوب,350,10,5,5,5,1,1,1,1,0,1,0,0,1,0,1,1,0,0,150000,"فيلا فاخرة بكورنيش الخبر. يوجد فيديو واتساب. مكيفات مركزية  و مطابخ و دواليب لوفر راكبة.



الدور الأرضي: مجلس بدورة مياه و صالة معيشة  بدورة مياه و غرفة نوم ضيف بدورة مياه و غرفة خادمة بدورة مياه.

الدور الثاني: ٥ غرف نوم (٣ ماستر و ٢ بدورة مياه مشت...",428.57,Medium
الخبر,حي التحلية,شرق,330,0,4,5,4,1,1,1,1,0,1,1,0,1,0,0,0,0,0,80000,"فلة في الخبر  حي التحلية مقابل البحر الدور الارضي= مجلس+مقلط+صالة+مطبخ+غرفة مختصرة+مطبخ ضيوف+مستودع+غرفة سائق خاص+٣ حمامات اعزكم الله+
الدور الاول= ثلاث اجنحة منها جناح مطل على الشاطئ+غزفتين نوم+صالة+الدور الثاني=غرفتين للخدم +غرفة غسيل+مستودع+حمام ا...",242.42,New
الخبر,حي اللؤلؤ,غرب,437,0,7,5,2,1,1,0,1,0,0,1,0,1,0,1,1,0,1,60000,"للإيجار فيلا دورين وملحق في حي الأصداف

المساحة : ٤٣٧ متر 

الدور الأرضي : 
ديوانية خارجية - دورة مياة - مجلس - غرفة طعام رجال - مجلس نساء - مطبخ 

الدور الأول : 
عدد ٥ غرف نوم ( ٣ غرف منها ماستر )

الدور الثاني :
 غرفتين - غرفة غسيل - دورة مياة

للت...",137.3,New
الخبر,حي الصواري,جنوب,400,0,5,5,3,0,1,0,1,0,1,1,0,1,0,1,1,0,0,55000,"دبلكس للأيجار حي الصواري ج ٤٣

مجلس خارجي (ديوانية) مؤثثه

الدور الأرضي :
مجلس رجال
مقلط
صاله كبيره
مجلس حريم
مطبخ
2 دورة مياه

الدور الاول :
اربع غرفه نوم ثنتين ماستر
صاله كبيره
4 دوره مياه 

الملحق :
 غرفه نوم
صاله
غرفه شغاله
غرفه غسيل
دوره مياه

ح...",137.5,New
الخبر,حي الكورنيش,جنوب,300,13,6,5,2,1,1,1,1,0,1,0,0,1,0,1,1,0,0,90000,"فيلا فاخرة في حي كورنيش الخبر. أفضل حي بالخبر.

مكونات الفيلا:
الدور الأرض: صالة بدورة مياه و مجلس بدوره مياه و غرفة طعام و مطبخين و غرفة خادمة بدورة مياه.
الدور الثاني: ٥ غرف نوم و صالة و مطبخ.
الدور الثالث: جناح بدورة مياه و بلكونة.


الايجار السكن...",300.0,Medium
الخبر,حي الامواج,غرب,437,0,7,5,2,0,1,0,1,0,0,1,0,1,0,1,1,0,1,60000,"للأيجار ڤيلا دورين و ملحق في حي الأصداف

المساحة:437 متر 

الدور الأرضي :
ديوانية خارجية - دورة مياة - مجلس - غرفة طعام رجال - مجلس نساء - مطبخ 

الدور الأول :
عدد 5 غرف نوم (3 غرف ماستر)

الدور الثاني:
غرفتين - غرفة غسيل - دورة مياة

للتواصل : 

050...",137.3,New
الخبر,حي العليا,شمال,325,14,4,5,2,1,0,1,1,0,1,0,0,1,0,1,1,0,0,65000,"للإيجار دبلوكس متصل مرتب جداً باركيه ومكيفات راكبة ومطابخ موقع مميز بتوفر المواقف وقربة من الخدمات الحيوية والمحال التجارية ومجمعات المطاعم نظافة المبنى كلياً خارجياً وداخلياً

0562222677
0554308667‬ ‬‬
‏‭ 0598935000",200.0,Medium
الخبر,حي الحزام الاخضر,جنوب,400,4,4,5,2,1,1,1,1,0,1,1,0,0,0,1,1,0,0,140000,"٤غرف نوم منهم غرفتين ماستر 
مجلس وصاله ومطبخ ٥ دوراه مياه 
غرفه شغاله وغرفه سواق 
البيت  مكيف بالكامل مركزي",350.0,Modern
الخبر,حي الصواري,شرق,450,0,5,5,2,1,1,0,1,0,1,0,0,0,0,1,1,0,0,80000,"دبلكس جديد مكيف للايجار
الدور الارضي كراج سيارة مجالس مطبخ صالة 
الدور الثاني اربع غرف نوم غرفتين ماستر 
الدور الثاني  غرفة خادمة وغرفة غسيل 
يوجد ضمانات على السباكة والكهرباء ١٠ سنوات",177.78,New
الخبر,حي الراكة الجنوبية,شمال,200,4,6,5,2,1,1,0,1,0,1,0,1,1,0,1,1,0,0,85000,"فيلا في الراكة الجنوبية على شارع ٤٠ مكونة من صالة ومجلس ومقلط ومطبخ نظام امريكي مع غرفة خادمة وغرفة غسيل وحوش وقراج ومسبح والدور الاول فيه ٤ غرف نوم مع صاله كبيرة للايجارعلى ٨٥ الف ريال 
الموقع قريب من الخدمات


أخي الكريم الباحث عن العقار/ في حالة ع...",425.0,Modern
الخبر,حي التحلية,جنوب,300,0,5,5,3,1,1,0,1,0,0,0,0,1,0,1,0,0,0,75000,"للايجار دوبلكس متصل بناء شخصي بحي التحلية بالخبر 

الدور الارضي مجلس رجال وغرفة طعام وصاله ومجلس نساء ودورتين مياه والمطبخ تفصيل ان شاء الله خلال أيام يكون جاهز 

الدور الاول ٤ غرف نوم ٢ منهم ماستر وغرفتين يخدمهم دورة مياه مع الصاله 

الملحق غرفة ودو...",250.0,New
الخبر,حي البحيرة,غرب,375,0,4,4,2,1,1,0,0,0,1,0,1,1,0,1,1,0,0,80000,"*عرض*
*دبلكس للإيجار*

الموقع / العزيزية حي البحيرة
المساحة / ٣٧٥م٢

*المواصفات*

٤ غرف نوم ٢منهم ماستر
مجلس 
صاله تطل على بركه 
مطبخ راكب الدواليب من مطابخ أبيات
جميع الستائر راكبه من القماش الجيد
المكيفات راكبة
ملحق لشغاله ومخزن كبير وسطح

*سعر الإ...",213.33,New
الخبر,حي الحزام الاخضر,جنوب شرقي,574,30,4,4,1,1,1,1,1,0,0,0,0,1,0,0,1,0,1,180000,"فيلا للايجار او الاستثمار

موقع مميز بالقرب من مستشفى سعد وفندق بودل والموفنبيك وغيرهم . 

الايجار السنوي المطلوب : 180,000 الف 

للاستفسار : 0502505555",313.59,Old
الخبر,حي مدينة العمال,جنوب شرقي,348,30,5,5,3,1,0,0,1,0,0,0,0,1,0,0,1,0,0,65000,"فيلا زواية على شارعين ومرممه بالكامل 
قريبة من نادي القادسية 

مقاسات الغرف والصالات :- 

الدور الارضي
الصالة 5.2 * 6 
مقلط النساء  4.3 * 5.9
المطبخ 4* 4.3
المخزن 3.2 * 2.3 

الدور الاول 
الصالة 6 * 6.5 
غرفة ماستر 1 5.4 * 5.6 غرفة دولاب 2.15 * 4.3
غ...",186.78,Old
الخبر,حي التحلية,شمال شرقي,625,0,7,5,2,0,1,1,1,0,0,0,0,1,0,0,1,0,0,90000,"فلة بحي الثنيانيه- الخبر
حوش و مدخلين و كراج على الزاويه والحوش يتسع لـثلاث سيارات تقريباً

- الدور الاول: 
مجلس و مقلط مع مغاسل و دورة مياه (رجال)

مجلس و صاله و مطبخ كبير و دورة مياه و مغاسل (نساء)

- الدور الثاني:
٤ غرف نوم ٣ منها ماستر
صاله كبيره...",144.0,New
الخبر,حي الكورنيش,جنوب,350,10,5,5,5,1,1,1,1,0,1,0,0,1,0,1,1,0,0,150000,"فيلا فاخرة بكورنيش الخبر. يوجد فيديو واتساب. مكيفات مركزية  و مطابخ و دواليب لوفر راكبة.



الدور الأرضي: مجلس بدورة مياه و صالة معيشة  بدورة مياه و غرفة نوم ضيف بدورة مياه و غرفة خادمة بدورة مياه.

الدور الثاني: ٥ غرف نوم (٣ ماستر و ٢ بدورة مياه مشت...",428.57,Medium
الخبر,حي التحلية,شرق,330,0,4,5,4,1,1,1,1,0,1,1,0,1,0,0,0,0,0,80000,"فلة في الخبر  حي التحلية مقابل البحر الدور الارضي= مجلس+مقلط+صالة+مطبخ+غرفة مختصرة+مطبخ ضيوف+مستودع+غرفة سائق خاص+٣ حمامات اعزكم الله+
الدور الاول= ثلاث اجنحة منها جناح مطل على الشاطئ+غزفتين نوم+صالة+الدور الثاني=غرفتين للخدم +غرفة غسيل+مستودع+حمام ا...",242.42,New
الخبر,حي اللؤلؤ,غرب,437,0,7,5,2,1,1,0,1,0,0,1,0,1,0,1,1,0,1,60000,"للإيجار فيلا دورين وملحق في حي الأصداف

المساحة : ٤٣٧ متر 

الدور الأرضي : 
ديوانية خارجية - دورة مياة - مجلس - غرفة طعام رجال - مجلس نساء - مطبخ 

الدور الأول : 
عدد ٥ غرف نوم ( ٣ غرف منها ماستر )

الدور الثاني :
 غرفتين - غرفة غسيل - دورة مياة

للت...",137.3,New
الخبر,حي الصواري,جنوب,400,0,5,5,3,0,1,0,1,0,1,1,0,1,0,1,1,0,0,55000,"دبلكس للأيجار حي الصواري ج ٤٣

مجلس خارجي (ديوانية) مؤثثه

الدور الأرضي :
مجلس رجال
مقلط
صاله كبيره
مجلس حريم
مطبخ
2 دورة مياه

الدور الاول :
اربع غرفه نوم ثنتين ماستر
صاله كبيره
4 دوره مياه 

الملحق :
 غرفه نوم
صاله
غرفه شغاله
غرفه غسيل
دوره مياه

ح...",137.5,New
الخبر,حي الكورنيش,جنوب,300,13,6,5,2,1,1,1,1,0,1,0,0,1,0,1,1,0,0,90000,"فيلا فاخرة في حي كورنيش الخبر. أفضل حي بالخبر.

مكونات الفيلا:
الدور الأرض: صالة بدورة مياه و مجلس بدوره مياه و غرفة طعام و مطبخين و غرفة خادمة بدورة مياه.
الدور الثاني: ٥ غرف نوم و صالة و مطبخ.
الدور الثالث: جناح بدورة مياه و بلكونة.


الايجار السكن...",300.0,Medium
الخبر,حي الامواج,غرب,437,0,7,5,2,0,1,0,1,0,0,1,0,1,0,1,1,0,1,60000,"للأيجار ڤيلا دورين و ملحق في حي الأصداف

المساحة:437 متر 

الدور الأرضي :
ديوانية خارجية - دورة مياة - مجلس - غرفة طعام رجال - مجلس نساء - مطبخ 

الدور الأول :
عدد 5 غرف نوم (3 غرف ماستر)

الدور الثاني:
غرفتين - غرفة غسيل - دورة مياة

للتواصل : 

050...",137.3,New
الخبر,حي العليا,شمال,325,14,4,5,2,1,0,1,1,0,1,0,0,1,0,1,1,0,0,65000,"للإيجار دبلوكس متصل مرتب جداً باركيه ومكيفات راكبة ومطابخ موقع مميز بتوفر المواقف وقربة من الخدمات الحيوية والمحال التجارية ومجمعات المطاعم نظافة المبنى كلياً خارجياً وداخلياً

0562222677
0554308667‬ ‬‬
‏‭ 0598935000",200.0,Medium
الخبر,حي الحزام الاخضر,جنوب,400,4,4,5,2,1,1,1,1,0,1,1,0,0,0,1,1,0,0,140000,"٤غرف نوم منهم غرفتين ماستر 
مجلس وصاله ومطبخ ٥ دوراه مياه 
غرفه شغاله وغرفه سواق 
البيت  مكيف بالكامل مركزي",350.0,Modern
الخبر,حي الصواري,شرق,450,0,5,5,2,1,1,0,1,0,1,0,0,0,0,1,1,0,0,80000,"دبلكس جديد مكيف للايجار
الدور الارضي كراج سيارة مجالس مطبخ صالة 
الدور الثاني اربع غرف نوم غرفتين ماستر 
الدور الثاني  غرفة خادمة وغرفة غسيل 
يوجد ضمانات على السباكة والكهرباء ١٠ سنوات",177.78,New
الخبر,حي الراكة الجنوبية,شمال,200,4,6,5,2,1,1,0,1,0,1,0,1,1,0,1,1,0,0,85000,"فيلا في الراكة الجنوبية على شارع ٤٠ مكونة من صالة ومجلس ومقلط ومطبخ نظام امريكي مع غرفة خادمة وغرفة غسيل وحوش وقراج ومسبح والدور الاول فيه ٤ غرف نوم مع صاله كبيرة للايجارعلى ٨٥ الف ريال 
الموقع قريب من الخدمات


أخي الكريم الباحث عن العقار/ في حالة ع...",425.0,Modern
الخبر,حي التحلية,جنوب,300,0,5,5,3,1,1,0,1,0,0,0,0,1,0,1,0,0,0,75000,"للايجار دوبلكس متصل بناء شخصي بحي التحلية بالخبر 

الدور الارضي مجلس رجال وغرفة طعام وصاله ومجلس نساء ودورتين مياه والمطبخ تفصيل ان شاء الله خلال أيام يكون جاهز 

الدور الاول ٤ غرف نوم ٢ منهم ماستر وغرفتين يخدمهم دورة مياه مع الصاله 

الملحق غرفة ودو...",250.0,New
الخبر,حي البحيرة,غرب,375,0,4,4,2,1,1,0,0,0,1,0,1,1,0,1,1,0,0,80000,"*عرض*
*دبلكس للإيجار*

الموقع / العزيزية حي البحيرة
المساحة / ٣٧٥م٢

*المواصفات*

٤ غرف نوم ٢منهم ماستر
مجلس 
صاله تطل على بركه 
مطبخ راكب الدواليب من مطابخ أبيات
جميع الستائر راكبه من القماش الجيد
المكيفات راكبة
ملحق لشغاله ومخزن كبير وسطح

*سعر الإ...",213.33,New
الخبر,حي الحزام الاخضر,جنوب شرقي,574,30,4,4,1,1,1,1,1,0,0,0,0,1,0,0,1,0,1,180000,"فيلا للايجار او الاستثمار

موقع مميز بالقرب من مستشفى سعد وفندق بودل والموفنبيك وغيرهم . 

الايجار السنوي المطلوب : 180,000 الف 

للاستفسار : 0502505555",313.59,Old
الخبر,حي مدينة العمال,جنوب شرقي,348,30,5,5,3,1,0,0,1,0,0,0,0,1,0,0,1,0,0,65000,"فيلا زواية على شارعين ومرممه بالكامل 
قريبة من نادي القادسية 

مقاسات الغرف والصالات :- 

الدور الارضي
الصالة 5.2 * 6 
مقلط النساء  4.3 * 5.9
المطبخ 4* 4.3
المخزن 3.2 * 2.3 

الدور الاول 
الصالة 6 * 6.5 
غرفة ماستر 1 5.4 * 5.6 غرفة دولاب 2.15 * 4.3
غ...",186.78,Old
الخبر,حي التحلية,شمال شرقي,625,0,7,5,2,0,1,1,1,0,0,0,0,1,0,0,1,0,0,90000,"فلة بحي الثنيانيه- الخبر
حوش و مدخلين و كراج على الزاويه والحوش يتسع لـثلاث سيارات تقريباً

- الدور الاول: 
مجلس و مقلط مع مغاسل و دورة مياه (رجال)

مجلس و صاله و مطبخ كبير و دورة مياه و مغاسل (نساء)

- الدور الثاني:
٤ غرف نوم ٣ منها ماستر
صاله كبيره...",144.0,New
الخبر,حي الكورنيش,جنوب,350,10,5,5,5,1,1,1,1,0,1,0,0,1,0,1,1,0,0,150000,"فيلا فاخرة بكورنيش الخبر. يوجد فيديو واتساب. مكيفات مركزية  و مطابخ و دواليب لوفر راكبة.



الدور الأرضي: مجلس بدورة مياه و صالة معيشة  بدورة مياه و غرفة نوم ضيف بدورة مياه و غرفة خادمة بدورة مياه.

الدور الثاني: ٥ غرف نوم (٣ ماستر و ٢ بدورة مياه مشت...",428.57,Medium
الخبر,حي التحلية,شرق,330,0,4,5,4,1,1,1,1,0,1,1,0,1,0,0,0,0,0,80000,"فلة في الخبر  حي التحلية مقابل البحر الدور الارضي= مجلس+مقلط+صالة+مطبخ+غرفة مختصرة+مطبخ ضيوف+مستودع+غرفة سائق خاص+٣ حمامات اعزكم الله+
الدور الاول= ثلاث اجنحة منها جناح مطل على الشاطئ+غزفتين نوم+صالة+الدور الثاني=غرفتين للخدم +غرفة غسيل+مستودع+حمام ا...",242.42,New
الخبر,حي اللؤلؤ,غرب,437,0,7,5,2,1,1,0,1,0,0,1,0,1,0,1,1,0,1,60000,"للإيجار فيلا دورين وملحق في حي الأصداف

المساحة : ٤٣٧ متر 

الدور الأرضي : 
ديوانية خارجية - دورة مياة - مجلس - غرفة طعام رجال - مجلس نساء - مطبخ 

الدور الأول : 
عدد ٥ غرف نوم ( ٣ غرف منها ماستر )

الدور الثاني :
 غرفتين - غرفة غسيل - دورة مياة

للت...",137.3,New
الخبر,حي الصواري,جنوب,400,0,5,5,3,0,1,0,1,0,1,1,0,1,0,1,1,0,0,55000,"دبلكس للأيجار حي الصواري ج ٤٣

مجلس خارجي (ديوانية) مؤثثه

الدور الأرضي :
مجلس رجال
مقلط
صاله كبيره
مجلس حريم
مطبخ
2 دورة مياه

الدور الاول :
اربع غرفه نوم ثنتين ماستر
صاله كبيره
4 دوره مياه 

الملحق :
 غرفه نوم
صاله
غرفه شغاله
غرفه غسيل
دوره مياه

ح...",137.5,New
الخبر,حي الكورنيش,جنوب,300,13,6,5,2,1,1,1,1,0,1,0,0,1,0,1,1,0,0,90000,"فيلا فاخرة في حي كورنيش الخبر. أفضل حي بالخبر.

مكونات الفيلا:
الدور الأرض: صالة بدورة مياه و مجلس بدوره مياه و غرفة طعام و مطبخين و غرفة خادمة بدورة مياه.
الدور الثاني: ٥ غرف نوم و صالة و مطبخ.
الدور الثالث: جناح بدورة مياه و بلكونة.


الايجار السكن...",300.0,Medium
الخبر,حي الامواج,غرب,437,0,7,5,2,0,1,0,1,0,0,1,0,1,0,1,1,0,1,60000,"للأيجار ڤيلا دورين و ملحق في حي الأصداف

المساحة:437 متر 

الدور الأرضي :
ديوانية خارجية - دورة مياة - مجلس - غرفة طعام رجال - مجلس نساء - مطبخ 

الدور الأول :
عدد 5 غرف نوم (3 غرف ماستر)

الدور الثاني:
غرفتين - غرفة غسيل - دورة مياة

للتواصل : 

050...",137.3,New
الخبر,حي العليا,شمال,325,14,4,5,2,1,0,1,1,0,1,0,0,1,0,1,1,0,0,65000,"للإيجار دبلوكس متصل مرتب جداً باركيه ومكيفات راكبة ومطابخ موقع مميز بتوفر المواقف وقربة من الخدمات الحيوية والمحال التجارية ومجمعات المطاعم نظافة المبنى كلياً خارجياً وداخلياً

0562222677
0554308667‬ ‬‬
‏‭ 0598935000",200.0,Medium
الخبر,حي الحزام الاخضر,جنوب,400,4,4,5,2,1,1,1,1,0,1,1,0,0,0,1,1,0,0,140000,"٤غرف نوم منهم غرفتين ماستر 
مجلس وصاله ومطبخ ٥ دوراه مياه 
غرفه شغاله وغرفه سواق 
البيت  مكيف بالكامل مركزي",350.0,Modern
الخبر,حي الصواري,شرق,450,0,5,5,2,1,1,0,1,0,1,0,0,0,0,1,1,0,0,80000,"دبلكس جديد مكيف للايجار
الدور الارضي كراج سيارة مجالس مطبخ صالة 
الدور الثاني اربع غرف نوم غرفتين ماستر 
الدور الثاني  غرفة خادمة وغرفة غسيل 
يوجد ضمانات على السباكة والكهرباء ١٠ سنوات",177.78,New
الخبر,حي الراكة الجنوبية,شمال,200,4,6,5,2,1,1,0,1,0,1,0,1,1,0,1,1,0,0,85000,"فيلا في الراكة الجنوبية على شارع ٤٠ مكونة من صالة ومجلس ومقلط ومطبخ نظام امريكي مع غرفة خادمة وغرفة غسيل وحوش وقراج ومسبح والدور الاول فيه ٤ غرف نوم مع صاله كبيرة للايجارعلى ٨٥ الف ريال 
الموقع قريب من الخدمات


أخي الكريم الباحث عن العقار/ في حالة ع...",425.0,Modern
الخبر,حي التحلية,جنوب,300,0,5,5,3,1,1,0,1,0,0,0,0,1,0,1,0,0,0,75000,"للايجار دوبلكس متصل بناء شخصي بحي التحلية بالخبر 

الدور الارضي مجلس رجال وغرفة طعام وصاله ومجلس نساء ودورتين مياه والمطبخ تفصيل ان شاء الله خلال أيام يكون جاهز 

الدور الاول ٤ غرف نوم ٢ منهم ماستر وغرفتين يخدمهم دورة مياه مع الصاله 

الملحق غرفة ودو...",250.0,New
الخبر,حي البحيرة,غرب,375,0,4,4,2,1,1,0,0,0,1,0,1,1,0,1,1,0,0,80000,"*عرض*
*دبلكس للإيجار*

الموقع / العزيزية حي البحيرة
المساحة / ٣٧٥م٢

*المواصفات*

٤ غرف نوم ٢منهم ماستر
مجلس 
صاله تطل على بركه 
مطبخ راكب الدواليب من مطابخ أبيات
جميع الستائر راكبه من القماش الجيد
المكيفات راكبة
ملحق لشغاله ومخزن كبير وسطح

*سعر الإ...",213.33,New
الخبر,حي الحزام الاخضر,جنوب شرقي,574,30,4,4,1,1,1,1,1,0,0,0,0,1,0,0,1,0,1,180000,"فيلا للايجار او الاستثمار

موقع مميز بالقرب من مستشفى سعد وفندق بودل والموفنبيك وغيرهم . 

الايجار السنوي المطلوب : 180,000 الف 

للاستفسار : 0502505555",313.59,Old
الخبر,حي مدينة العمال,جنوب شرقي,348,30,5,5,3,1,0,0,1,0,0,0,0,1,0,0,1,0,0,65000,"فيلا زواية على شارعين ومرممه بالكامل 
قريبة من نادي القادسية 

مقاسات الغرف والصالات :- 

الدور الارضي
الصالة 5.2 * 6 
مقلط النساء  4.3 * 5.9
المطبخ 4* 4.3
المخزن 3.2 * 2.3 

الدور الاول 
الصالة 6 * 6.5 
غرفة ماستر 1 5.4 * 5.6 غرفة دولاب 2.15 * 4.3
غ...",186.78,Old
الخبر,حي التحلية,شمال شرقي,625,0,7,5,2,0,1,1,1,0,0,0,0,1,0,0,1,0,0,90000,"فلة بحي الثنيانيه- الخبر
حوش و مدخلين و كراج على الزاويه والحوش يتسع لـثلاث سيارات تقريباً

- الدور الاول: 
مجلس و مقلط مع مغاسل و دورة مياه (رجال)

مجلس و صاله و مطبخ كبير و دورة مياه و مغاسل (نساء)

- الدور الثاني:
٤ غرف نوم ٣ منها ماستر
صاله كبيره...",144.0,New
الخبر,حي الكورنيش,جنوب,350,10,5,5,5,1,1,1,1,0,1,0,0,1,0,1,1,0,0,150000,"فيلا فاخرة بكورنيش الخبر. يوجد فيديو واتساب. مكيفات مركزية  و مطابخ و دواليب لوفر راكبة.



الدور الأرضي: مجلس بدورة مياه و صالة معيشة  بدورة مياه و غرفة نوم ضيف بدورة مياه و غرفة خادمة بدورة مياه.

الدور الثاني: ٥ غرف نوم (٣ ماستر و ٢ بدورة مياه مشت...",428.57,Medium
الخبر,حي التحلية,شرق,330,0,4,5,4,1,1,1,1,0,1,1,0,1,0,0,0,0,0,80000,"فلة في الخبر  حي التحلية مقابل البحر الدور الارضي= مجلس+مقلط+صالة+مطبخ+غرفة مختصرة+مطبخ ضيوف+مستودع+غرفة سائق خاص+٣ حمامات اعزكم الله+
الدور الاول= ثلاث اجنحة منها جناح مطل على الشاطئ+غزفتين نوم+صالة+الدور الثاني=غرفتين للخدم +غرفة غسيل+مستودع+حمام ا...",242.42,New
الخبر,حي اللؤلؤ,غرب,437,0,7,5,2,1,1,0,1,0,0,1,0,1,0,1,1,0,1,60000,"للإيجار فيلا دورين وملحق في حي الأصداف

المساحة : ٤٣٧ متر 

الدور الأرضي : 
ديوانية خارجية - دورة مياة - مجلس - غرفة طعام رجال - مجلس نساء - مطبخ 

الدور الأول : 
عدد ٥ غرف نوم ( ٣ غرف منها ماستر )

الدور الثاني :
 غرفتين - غرفة غسيل - دورة مياة

للت...",137.3,New
الخبر,حي الصواري,جنوب,400,0,5,5,3,0,1,0,1,0,1,1,0,1,0,1,1,0,0,55000,"دبلكس للأيجار حي الصواري ج ٤٣

مجلس خارجي (ديوانية) مؤثثه

الدور الأرضي :
مجلس رجال
مقلط
صاله كبيره
مجلس حريم
مطبخ
2 دورة مياه

الدور الاول :
اربع غرفه نوم ثنتين ماستر
صاله كبيره
4 دوره مياه 

الملحق :
 غرفه نوم
صاله
غرفه شغاله
غرفه غسيل
دوره مياه

ح...",137.5,New
الخبر,حي الكورنيش,جنوب,300,13,6,5,2,1,1,1,1,0,1,0,0,1,0,1,1,0,0,90000,"فيلا فاخرة في حي كورنيش الخبر. أفضل حي بالخبر.

مكونات الفيلا:
الدور الأرض: صالة بدورة مياه و مجلس بدوره مياه و غرفة طعام و مطبخين و غرفة خادمة بدورة مياه.
الدور الثاني: ٥ غرف نوم و صالة و مطبخ.
الدور الثالث: جناح بدورة مياه و بلكونة.


الايجار السكن...",300.0,Medium
الخبر,حي الامواج,غرب,437,0,7,5,2,0,1,0,1,0,0,1,0,1,0,1,1,0,1,60000,"للأيجار ڤيلا دورين و ملحق في حي الأصداف

المساحة:437 متر 

الدور الأرضي :
ديوانية خارجية - دورة مياة - مجلس - غرفة طعام رجال - مجلس نساء - مطبخ 

الدور الأول :
عدد 5 غرف نوم (3 غرف ماستر)

الدور الثاني:
غرفتين - غرفة غسيل - دورة مياة

للتواصل : 

050...",137.3,New
الخبر,حي العليا,شمال,325,14,4,5,2,1,0,1,1,0,1,0,0,1,0,1,1,0,0,65000,"للإيجار دبلوكس متصل مرتب جداً باركيه ومكيفات راكبة ومطابخ موقع مميز بتوفر المواقف وقربة من الخدمات الحيوية والمحال التجارية ومجمعات المطاعم نظافة المبنى كلياً خارجياً وداخلياً

0562222677
0554308667‬ ‬‬
‏‭ 0598935000",200.0,Medium
الخبر,حي الحزام الاخضر,جنوب,400,4,4,5,2,1,1,1,1,0,1,1,0,0,0,1,1,0,0,140000,"٤غرف نوم منهم غرفتين ماستر 
مجلس وصاله ومطبخ ٥ دوراه مياه 
غرفه شغاله وغرفه سواق 
البيت  مكيف بالكامل مركزي",350.0,Modern
الخبر,حي الصواري,شرق,450,0,5,5,2,1,1,0,1,0,1,0,0,0,0,1,1,0,0,80000,"دبلكس جديد مكيف للايجار
الدور الارضي كراج سيارة مجالس مطبخ صالة 
الدور الثاني اربع غرف نوم غرفتين ماستر 
الدور الثاني  غرفة خادمة وغرفة غسيل 
يوجد ضمانات على السباكة والكهرباء ١٠ سنوات",177.78,New
الخبر,حي الراكة الجنوبية,شمال,200,4,6,5,2,1,1,0,1,0,1,0,1,1,0,1,1,0,0,85000,"فيلا في الراكة الجنوبية على شارع ٤٠ مكونة من صالة ومجلس ومقلط ومطبخ نظام امريكي مع غرفة خادمة وغرفة غسيل وحوش وقراج ومسبح والدور الاول فيه ٤ غرف نوم مع صاله كبيرة للايجارعلى ٨٥ الف ريال 
الموقع قريب من الخدمات


أخي الكريم الباحث عن العقار/ في حالة ع...",425.0,Modern
الخبر,حي التحلية,جنوب,300,0,5,5,3,1,1,0,1,0,0,0,0,1,0,1,0,0,0,75000,"للايجار دوبلكس متصل بناء شخصي بحي التحلية بالخبر 

الدور الارضي مجلس رجال وغرفة طعام وصاله ومجلس نساء ودورتين مياه والمطبخ تفصيل ان شاء الله خلال أيام يكون جاهز 

الدور الاول ٤ غرف نوم ٢ منهم ماستر وغرفتين يخدمهم دورة مياه مع الصاله 

الملحق غرفة ودو...",250.0,New
الخبر,حي البحيرة,غرب,375,0,4,4,2,1,1,0,0,0,1,0,1,1,0,1,1,0,0,80000,"*عرض*
*دبلكس للإيجار*

الموقع / العزيزية حي البحيرة
المساحة / ٣٧٥م٢

*المواصفات*

٤ غرف نوم ٢منهم ماستر
مجلس 
صاله تطل على بركه 
مطبخ راكب الدواليب من مطابخ أبيات
جميع الستائر راكبه من القماش الجيد
المكيفات راكبة
ملحق لشغاله ومخزن كبير وسطح

*سعر الإ...",213.33,New
الخبر,حي الحزام الاخضر,جنوب شرقي,574,30,4,4,1,1,1,1,1,0,0,0,0,1,0,0,1,0,1,180000,"فيلا للايجار او الاستثمار

موقع مميز بالقرب من مستشفى سعد وفندق بودل والموفنبيك وغيرهم . 

الايجار السنوي المطلوب : 180,000 الف 

للاستفسار : 0502505555",313.59,Old
الخبر,حي مدينة العمال,جنوب شرقي,348,30,5,5,3,1,0,0,1,0,0,0,0,1,0,0,1,0,0,65000,"فيلا زواية على شارعين ومرممه بالكامل 
قريبة من نادي القادسية 

مقاسات الغرف والصالات :- 

الدور الارضي
الصالة 5.2 * 6 
مقلط النساء  4.3 * 5.9
المطبخ 4* 4.3
المخزن 3.2 * 2.3 

الدور الاول 
الصالة 6 * 6.5 
غرفة ماستر 1 5.4 * 5.6 غرفة دولاب 2.15 * 4.3
غ...",186.78,Old
الخبر,حي التحلية,شمال شرقي,625,0,7,5,2,0,1,1,1,0,0,0,0,1,0,0,1,0,0,90000,"فلة بحي الثنيانيه- الخبر
حوش و مدخلين و كراج على الزاويه والحوش يتسع لـثلاث سيارات تقريباً

- الدور الاول: 
مجلس و مقلط مع مغاسل و دورة مياه (رجال)

مجلس و صاله و مطبخ كبير و دورة مياه و مغاسل (نساء)

- الدور الثاني:
٤ غرف نوم ٣ منها ماستر
صاله كبيره...",144.0,New
الخبر,حي الكورنيش,جنوب,350,10,5,5,5,1,1,1,1,0,1,0,0,1,0,1,1,0,0,150000,"فيلا فاخرة بكورنيش الخبر. يوجد فيديو واتساب. مكيفات مركزية  و مطابخ و دواليب لوفر راكبة.



الدور الأرضي: مجلس بدورة مياه و صالة معيشة  بدورة مياه و غرفة نوم ضيف بدورة مياه و غرفة خادمة بدورة مياه.

الدور الثاني: ٥ غرف نوم (٣ ماستر و ٢ بدورة مياه مشت...",428.57,Medium
الخبر,حي التحلية,شرق,330,0,4,5,4,1,1,1,1,0,1,1,0,1,0,0,0,0,0,80000,"فلة في الخبر  حي التحلية مقابل البحر الدور الارضي= مجلس+مقلط+صالة+مطبخ+غرفة مختصرة+مطبخ ضيوف+مستودع+غرفة سائق خاص+٣ حمامات اعزكم الله+
الدور الاول= ثلاث اجنحة منها جناح مطل على الشاطئ+غزفتين نوم+صالة+الدور الثاني=غرفتين للخدم +غرفة غسيل+مستودع+حمام ا...",242.42,New
الخبر,حي اللؤلؤ,غرب,437,0,7,5,2,1,1,0,1,0,0,1,0,1,0,1,1,0,1,60000,"للإيجار فيلا دورين وملحق في حي الأصداف

المساحة : ٤٣٧ متر 

الدور الأرضي : 
ديوانية خارجية - دورة مياة - مجلس - غرفة طعام رجال - مجلس نساء - مطبخ 

الدور الأول : 
عدد ٥ غرف نوم ( ٣ غرف منها ماستر )

الدور الثاني :
 غرفتين - غرفة غسيل - دورة مياة

للت...",137.3,New
الخبر,حي الصواري,جنوب,400,0,5,5,3,0,1,0,1,0,1,1,0,1,0,1,1,0,0,55000,"دبلكس للأيجار حي الصواري ج ٤٣

مجلس خارجي (ديوانية) مؤثثه

الدور الأرضي :
مجلس رجال
مقلط
صاله كبيره
مجلس حريم
مطبخ
2 دورة مياه

الدور الاول :
اربع غرفه نوم ثنتين ماستر
صاله كبيره
4 دوره مياه 

الملحق :
 غرفه نوم
صاله
غرفه شغاله
غرفه غسيل
دوره مياه

ح...",137.5,New
الخبر,حي الكورنيش,جنوب,300,13,6,5,2,1,1,1,1,0,1,0,0,1,0,1,1,0,0,90000,"فيلا فاخرة في حي كورنيش الخبر. أفضل حي بالخبر.

مكونات الفيلا:
الدور الأرض: صالة بدورة مياه و مجلس بدوره مياه و غرفة طعام و مطبخين و غرفة خادمة بدورة مياه.
الدور الثاني: ٥ غرف نوم و صالة و مطبخ.
الدور الثالث: جناح بدورة مياه و بلكونة.


الايجار السكن...",300.0,Medium
الخبر,حي الامواج,غرب,437,0,7,5,2,0,1,0,1,0,0,1,0,1,0,1,1,0,1,60000,"للأيجار ڤيلا دورين و ملحق في حي الأصداف

المساحة:437 متر 

الدور الأرضي :
ديوانية خارجية - دورة مياة - مجلس - غرفة طعام رجال - مجلس نساء - مطبخ 

الدور الأول :
عدد 5 غرف نوم (3 غرف ماستر)

الدور الثاني:
غرفتين - غرفة غسيل - دورة مياة

للتواصل : 

050...",137.3,New
الخبر,حي العليا,شمال,325,14,4,5,2,1,0,1,1,0,1,0,0,1,0,1,1,0,0,65000,"للإيجار دبلوكس متصل مرتب جداً باركيه ومكيفات راكبة ومطابخ موقع مميز بتوفر المواقف وقربة من الخدمات الحيوية والمحال التجارية ومجمعات المطاعم نظافة المبنى كلياً خارجياً وداخلياً

0562222677
0554308667‬ ‬‬
‏‭ 0598935000",200.0,Medium
الخبر,حي الحزام الاخضر,جنوب,400,4,4,5,2,1,1,1,1,0,1,1,0,0,0,1,1,0,0,140000,"٤غرف نوم منهم غرفتين ماستر 
مجلس وصاله ومطبخ ٥ دوراه مياه 
غرفه شغاله وغرفه سواق 
البيت  مكيف بالكامل مركزي",350.0,Modern
الخبر,حي الصواري,شرق,450,0,5,5,2,1,1,0,1,0,1,0,0,0,0,1,1,0,0,80000,"دبلكس جديد مكيف للايجار
الدور الارضي كراج سيارة مجالس مطبخ صالة 
الدور الثاني اربع غرف نوم غرفتين ماستر 
الدور الثاني  غرفة خادمة وغرفة غسيل 
يوجد ضمانات على السباكة والكهرباء ١٠ سنوات",177.78,New
الخبر,حي الراكة الجنوبية,شمال,200,4,6,5,2,1,1,0,1,0,1,0,1,1,0,1,1,0,0,85000,"فيلا في الراكة الجنوبية على شارع ٤٠ مكونة من صالة ومجلس ومقلط ومطبخ نظام امريكي مع غرفة خادمة وغرفة غسيل وحوش وقراج ومسبح والدور الاول فيه ٤ غرف نوم مع صاله كبيرة للايجارعلى ٨٥ الف ريال 
الموقع قريب من الخدمات


أخي الكريم الباحث عن العقار/ في حالة ع...",425.0,Modern
الخبر,حي التحلية,جنوب,300,0,5,5,3,1,1,0,1,0,0,0,0,1,0,1,0,0,0,75000,"للايجار دوبلكس متصل بناء شخصي بحي التحلية بالخبر 

الدور الارضي مجلس رجال وغرفة طعام وصاله ومجلس نساء ودورتين مياه والمطبخ تفصيل ان شاء الله خلال أيام يكون جاهز 

الدور الاول ٤ غرف نوم ٢ منهم ماستر وغرفتين يخدمهم دورة مياه مع الصاله 

الملحق غرفة ودو...",250.0,New
الخبر,حي البحيرة,غرب,375,0,4,4,2,1,1,0,0,0,1,0,1,1,0,1,1,0,0,80000,"*عرض*
*دبلكس للإيجار*

الموقع / العزيزية حي البحيرة
المساحة / ٣٧٥م٢

*المواصفات*

٤ غرف نوم ٢منهم ماستر
مجلس 
صاله تطل على بركه 
مطبخ راكب الدواليب من مطابخ أبيات
جميع الستائر راكبه من القماش الجيد
المكيفات راكبة
ملحق لشغاله ومخزن كبير وسطح

*سعر الإ...",213.33,New
الخبر,حي الحزام الاخضر,جنوب شرقي,574,30,4,4,1,1,1,1,1,0,0,0,0,1,0,0,1,0,1,180000,"فيلا للايجار او الاستثمار

موقع مميز بالقرب من مستشفى سعد وفندق بودل والموفنبيك وغيرهم . 

الايجار السنوي المطلوب : 180,000 الف 

للاستفسار : 0502505555",313.59,Old
الخبر,حي مدينة العمال,جنوب شرقي,348,30,5,5,3,1,0,0,1,0,0,0,0,1,0,0,1,0,0,65000,"فيلا زواية على شارعين ومرممه بالكامل 
قريبة من نادي القادسية 

مقاسات الغرف والصالات :- 

الدور الارضي
الصالة 5.2 * 6 
مقلط النساء  4.3 * 5.9
المطبخ 4* 4.3
المخزن 3.2 * 2.3 

الدور الاول 
الصالة 6 * 6.5 
غرفة ماستر 1 5.4 * 5.6 غرفة دولاب 2.15 * 4.3
غ...",186.78,Old
الخبر,حي التحلية,شمال شرقي,625,0,7,5,2,0,1,1,1,0,0,0,0,1,0,0,1,0,0,90000,"فلة بحي الثنيانيه- الخبر
حوش و مدخلين و كراج على الزاويه والحوش يتسع لـثلاث سيارات تقريباً

- الدور الاول: 
مجلس و مقلط مع مغاسل و دورة مياه (رجال)

مجلس و صاله و مطبخ كبير و دورة مياه و مغاسل (نساء)

- الدور الثاني:
٤ غرف نوم ٣ منها ماستر
صاله كبيره...",144.0,New
الخبر,حي الكورنيش,جنوب,350,10,5,5,5,1,1,1,1,0,1,0,0,1,0,1,1,0,0,150000,"فيلا فاخرة بكورنيش الخبر. يوجد فيديو واتساب. مكيفات مركزية  و مطابخ و دواليب لوفر راكبة.



الدور الأرضي: مجلس بدورة مياه و صالة معيشة  بدورة مياه و غرفة نوم ضيف بدورة مياه و غرفة خادمة بدورة مياه.

الدور الثاني: ٥ غرف نوم (٣ ماستر و ٢ بدورة مياه مشت...",428.57,Medium
الخبر,حي التحلية,شرق,330,0,4,5,4,1,1,1,1,0,1,1,0,1,0,0,0,0,0,80000,"فلة في الخبر  حي التحلية مقابل البحر الدور الارضي= مجلس+مقلط+صالة+مطبخ+غرفة مختصرة+مطبخ ضيوف+مستودع+غرفة سائق خاص+٣ حمامات اعزكم الله+
الدور الاول= ثلاث اجنحة منها جناح مطل على الشاطئ+غزفتين نوم+صالة+الدور الثاني=غرفتين للخدم +غرفة غسيل+مستودع+حمام ا...",242.42,New
الخبر,حي اللؤلؤ,غرب,437,0,7,5,2,1,1,0,1,0,0,1,0,1,0,1,1,0,1,60000,"للإيجار فيلا دورين وملحق في حي الأصداف

المساحة : ٤٣٧ متر 

الدور الأرضي : 
ديوانية خارجية - دورة مياة - مجلس - غرفة طعام رجال - مجلس نساء - مطبخ 

الدور الأول : 
عدد ٥ غرف نوم ( ٣ غرف منها ماستر )

الدور الثاني :
 غرفتين - غرفة غسيل - دورة مياة

للت...",137.3,New
الخبر,حي الصواري,جنوب,400,0,5,5,3,0,1,0,1,0,1,1,0,1,0,1,1,0,0,55000,"دبلكس للأيجار حي الصواري ج ٤٣

مجلس خارجي (ديوانية) مؤثثه

الدور الأرضي :
مجلس رجال
مقلط
صاله كبيره
مجلس حريم
مطبخ
2 دورة مياه

الدور الاول :
اربع غرفه نوم ثنتين ماستر
صاله كبيره
4 دوره مياه 

الملحق :
 غرفه نوم
صاله
غرفه شغاله
غرفه غسيل
دوره مياه

ح...",137.5,New
الخبر,حي الكورنيش,جنوب,300,13,6,5,2,1,1,1,1,0,1,0,0,1,0,1,1,0,0,90000,"فيلا فاخرة في حي كورنيش الخبر. أفضل حي بالخبر.

مكونات الفيلا:
الدور الأرض: صالة بدورة مياه و مجلس بدوره مياه و غرفة طعام و مطبخين و غرفة خادمة بدورة مياه.
الدور الثاني: ٥ غرف نوم و صالة و مطبخ.
الدور الثالث: جناح بدورة مياه و بلكونة.


الايجار السكن...",300.0,Medium
الخبر,حي الامواج,غرب,437,0,7,5,2,0,1,0,1,0,0,1,0,1,0,1,1,0,1,60000,"للأيجار ڤيلا دورين و ملحق في حي الأصداف

المساحة:437 متر 

الدور الأرضي :
ديوانية خارجية - دورة مياة - مجلس - غرفة طعام رجال - مجلس نساء - مطبخ 

الدور الأول :
عدد 5 غرف نوم (3 غرف ماستر)

الدور الثاني:
غرفتين - غرفة غسيل - دورة مياة

للتواصل : 

050...",137.3,New
الخبر,حي العليا,شمال,325,14,4,5,2,1,0,1,1,0,1,0,0,1,0,1,1,0,0,65000,"للإيجار دبلوكس متصل مرتب جداً باركيه ومكيفات راكبة ومطابخ موقع مميز بتوفر المواقف وقربة من الخدمات الحيوية والمحال التجارية ومجمعات المطاعم نظافة المبنى كلياً خارجياً وداخلياً

0562222677
0554308667‬ ‬‬
‏‭ 0598935000",200.0,Medium
الخبر,حي الحزام الاخضر,جنوب,400,4,4,5,2,1,1,1,1,0,1,1,0,0,0,1,1,0,0,140000,"٤غرف نوم منهم غرفتين ماستر 
مجلس وصاله ومطبخ ٥ دوراه مياه 
غرفه شغاله وغرفه سواق 
البيت  مكيف بالكامل مركزي",350.0,Modern
الخبر,حي الصواري,شرق,450,0,5,5,2,1,1,0,1,0,1,0,0,0,0,1,1,0,0,80000,"دبلكس جديد مكيف للايجار
الدور الارضي كراج سيارة مجالس مطبخ صالة 
الدور الثاني اربع غرف نوم غرفتين ماستر 
الدور الثاني  غرفة خادمة وغرفة غسيل 
يوجد ضمانات على السباكة والكهرباء ١٠ سنوات",177.78,New
الخبر,حي الراكة الجنوبية,شمال,200,4,6,5,2,1,1,0,1,0,1,0,1,1,0,1,1,0,0,85000,"فيلا في الراكة الجنوبية على شارع ٤٠ مكونة من صالة ومجلس ومقلط ومطبخ نظام امريكي مع غرفة خادمة وغرفة غسيل وحوش وقراج ومسبح والدور الاول فيه ٤ غرف نوم مع صاله كبيرة للايجارعلى ٨٥ الف ريال 
الموقع قريب من الخدمات


أخي الكريم الباحث عن العقار/ في حالة ع...",425.0,Modern
الخبر,حي التحلية,جنوب,300,0,5,5,3,1,1,0,1,0,0,0,0,1,0,1,0,0,0,75000,"للايجار دوبلكس متصل بناء شخصي بحي التحلية بالخبر 

الدور الارضي مجلس رجال وغرفة طعام وصاله ومجلس نساء ودورتين مياه والمطبخ تفصيل ان شاء الله خلال أيام يكون جاهز 

الدور الاول ٤ غرف نوم ٢ منهم ماستر وغرفتين يخدمهم دورة مياه مع الصاله 

الملحق غرفة ودو...",250.0,New
الخبر,حي البحيرة,غرب,375,0,4,4,2,1,1,0,0,0,1,0,1,1,0,1,1,0,0,80000,"*عرض*
*دبلكس للإيجار*

الموقع / العزيزية حي البحيرة
المساحة / ٣٧٥م٢

*المواصفات*

٤ غرف نوم ٢منهم ماستر
مجلس 
صاله تطل على بركه 
مطبخ راكب الدواليب من مطابخ أبيات
جميع الستائر راكبه من القماش الجيد
المكيفات راكبة
ملحق لشغاله ومخزن كبير وسطح

*سعر الإ...",213.33,New
الخبر,حي الحزام الاخضر,جنوب شرقي,574,30,4,4,1,1,1,1,1,0,0,0,0,1,0,0,1,0,1,180000,"فيلا للايجار او الاستثمار

موقع مميز بالقرب من مستشفى سعد وفندق بودل والموفنبيك وغيرهم . 

الايجار السنوي المطلوب : 180,000 الف 

للاستفسار : 0502505555",313.59,Old
الخبر,حي مدينة العمال,جنوب شرقي,348,30,5,5,3,1,0,0,1,0,0,0,0,1,0,0,1,0,0,65000,"فيلا زواية على شارعين ومرممه بالكامل 
قريبة من نادي القادسية 

مقاسات الغرف والصالات :- 

الدور الارضي
الصالة 5.2 * 6 
مقلط النساء  4.3 * 5.9
المطبخ 4* 4.3
المخزن 3.2 * 2.3 

الدور الاول 
الصالة 6 * 6.5 
غرفة ماستر 1 5.4 * 5.6 غرفة دولاب 2.15 * 4.3
غ...",186.78,Old
الخبر,حي التحلية,شمال شرقي,625,0,7,5,2,0,1,1,1,0,0,0,0,1,0,0,1,0,0,90000,"فلة بحي الثنيانيه- الخبر
حوش و مدخلين و كراج على الزاويه والحوش يتسع لـثلاث سيارات تقريباً

- الدور الاول: 
مجلس و مقلط مع مغاسل و دورة مياه (رجال)

مجلس و صاله و مطبخ كبير و دورة مياه و مغاسل (نساء)

- الدور الثاني:
٤ غرف نوم ٣ منها ماستر
صاله كبيره...",144.0,New
الخبر,حي الكورنيش,جنوب,350,10,5,5,5,1,1,1,1,0,1,0,0,1,0,1,1,0,0,150000,"فيلا فاخرة بكورنيش الخبر. يوجد فيديو واتساب. مكيفات مركزية  و مطابخ و دواليب لوفر راكبة.



الدور الأرضي: مجلس بدورة مياه و صالة معيشة  بدورة مياه و غرفة نوم ضيف بدورة مياه و غرفة خادمة بدورة مياه.

الدور الثاني: ٥ غرف نوم (٣ ماستر و ٢ بدورة مياه مشت...",428.57,Medium
الخبر,حي التحلية,شرق,330,0,4,5,4,1,1,1,1,0,1,1,0,1,0,0,0,0,0,80000,"فلة في الخبر  حي التحلية مقابل البحر الدور الارضي= مجلس+مقلط+صالة+مطبخ+غرفة مختصرة+مطبخ ضيوف+مستودع+غرفة سائق خاص+٣ حمامات اعزكم الله+
الدور الاول= ثلاث اجنحة منها جناح مطل على الشاطئ+غزفتين نوم+صالة+الدور الثاني=غرفتين للخدم +غرفة غسيل+مستودع+حمام ا...",242.42,New
الخبر,حي اللؤلؤ,غرب,437,0,7,5,2,1,1,0,1,0,0,1,0,1,0,1,1,0,1,60000,"للإيجار فيلا دورين وملحق في حي الأصداف

المساحة : ٤٣٧ متر 

الدور الأرضي : 
ديوانية خارجية - دورة مياة - مجلس - غرفة طعام رجال - مجلس نساء - مطبخ 

الدور الأول : 
عدد ٥ غرف نوم ( ٣ غرف منها ماستر )

الدور الثاني :
 غرفتين - غرفة غسيل - دورة مياة

للت...",137.3,New
الخبر,حي الصواري,جنوب,400,0,5,5,3,0,1,0,1,0,1,1,0,1,0,1,1,0,0,55000,"دبلكس للأيجار حي الصواري ج ٤٣

مجلس خارجي (ديوانية) مؤثثه

الدور الأرضي :
مجلس رجال
مقلط
صاله كبيره
مجلس حريم
مطبخ
2 دورة مياه

الدور الاول :
اربع غرفه نوم ثنتين ماستر
صاله كبيره
4 دوره مياه 

الملحق :
 غرفه نوم
صاله
غرفه شغاله
غرفه غسيل
دوره مياه

ح...",137.5,New
الخبر,حي الكورنيش,جنوب,300,13,6,5,2,1,1,1,1,0,1,0,0,1,0,1,1,0,0,90000,"فيلا فاخرة في حي كورنيش الخبر. أفضل حي بالخبر.

مكونات الفيلا:
الدور الأرض: صالة بدورة مياه و مجلس بدوره مياه و غرفة طعام و مطبخين و غرفة خادمة بدورة مياه.
الدور الثاني: ٥ غرف نوم و صالة و مطبخ.
الدور الثالث: جناح بدورة مياه و بلكونة.


الايجار السكن...",300.0,Medium
الخبر,حي الامواج,غرب,437,0,7,5,2,0,1,0,1,0,0,1,0,1,0,1,1,0,1,60000,"للأيجار ڤيلا دورين و ملحق في حي الأصداف

المساحة:437 متر 

الدور الأرضي :
ديوانية خارجية - دورة مياة - مجلس - غرفة طعام رجال - مجلس نساء - مطبخ 

الدور الأول :
عدد 5 غرف نوم (3 غرف ماستر)

الدور الثاني:
غرفتين - غرفة غسيل - دورة مياة

للتواصل : 

050...",137.3,New
الخبر,حي العليا,شمال,325,14,4,5,2,1,0,1,1,0,1,0,0,1,0,1,1,0,0,65000,"للإيجار دبلوكس متصل مرتب جداً باركيه ومكيفات راكبة ومطابخ موقع مميز بتوفر المواقف وقربة من الخدمات الحيوية والمحال التجارية ومجمعات المطاعم نظافة المبنى كلياً خارجياً وداخلياً

0562222677
0554308667‬ ‬‬
‏‭ 0598935000",200.0,Medium
الخبر,حي الحزام الاخضر,جنوب,400,4,4,5,2,1,1,1,1,0,1,1,0,0,0,1,1,0,0,140000,"٤غرف نوم منهم غرفتين ماستر 
مجلس وصاله ومطبخ ٥ دوراه مياه 
غرفه شغاله وغرفه سواق 
البيت  مكيف بالكامل مركزي",350.0,Modern
الخبر,حي الصواري,شرق,450,0,5,5,2,1,1,0,1,0,1,0,0,0,0,1,1,0,0,80000,"دبلكس جديد مكيف للايجار
الدور الارضي كراج سيارة مجالس مطبخ صالة 
الدور الثاني اربع غرف نوم غرفتين ماستر 
الدور الثاني  غرفة خادمة وغرفة غسيل 
يوجد ضمانات على السباكة والكهرباء ١٠ سنوات",177.78,New
الخبر,حي الراكة الجنوبية,شمال,200,4,6,5,2,1,1,0,1,0,1,0,1,1,0,1,1,0,0,85000,"فيلا في الراكة الجنوبية على شارع ٤٠ مكونة من صالة ومجلس ومقلط ومطبخ نظام امريكي مع غرفة خادمة وغرفة غسيل وحوش وقراج ومسبح والدور الاول فيه ٤ غرف نوم مع صاله كبيرة للايجارعلى ٨٥ الف ريال 
الموقع قريب من الخدمات


أخي الكريم الباحث عن العقار/ في حالة ع...",425.0,Modern
الخبر,حي التحلية,جنوب,300,0,5,5,3,1,1,0,1,0,0,0,0,1,0,1,0,0,0,75000,"للايجار دوبلكس متصل بناء شخصي بحي التحلية بالخبر 

الدور الارضي مجلس رجال وغرفة طعام وصاله ومجلس نساء ودورتين مياه والمطبخ تفصيل ان شاء الله خلال أيام يكون جاهز 

الدور الاول ٤ غرف نوم ٢ منهم ماستر وغرفتين يخدمهم دورة مياه مع الصاله 

الملحق غرفة ودو...",250.0,New
الخبر,حي البحيرة,غرب,375,0,4,4,2,1,1,0,0,0,1,0,1,1,0,1,1,0,0,80000,"*عرض*
*دبلكس للإيجار*

الموقع / العزيزية حي البحيرة
المساحة / ٣٧٥م٢

*المواصفات*

٤ غرف نوم ٢منهم ماستر
مجلس 
صاله تطل على بركه 
مطبخ راكب الدواليب من مطابخ أبيات
جميع الستائر راكبه من القماش الجيد
المكيفات راكبة
ملحق لشغاله ومخزن كبير وسطح

*سعر الإ...",213.33,New
الخبر,حي الحزام الاخضر,جنوب شرقي,574,30,4,4,1,1,1,1,1,0,0,0,0,1,0,0,1,0,1,180000,"فيلا للايجار او الاستثمار

موقع مميز بالقرب من مستشفى سعد وفندق بودل والموفنبيك وغيرهم . 

الايجار السنوي المطلوب : 180,000 الف 

للاستفسار : 0502505555",313.59,Old
الخبر,حي مدينة العمال,جنوب شرقي,348,30,5,5,3,1,0,0,1,0,0,0,0,1,0,0,1,0,0,65000,"فيلا زواية على شارعين ومرممه بالكامل 
قريبة من نادي القادسية 

مقاسات الغرف والصالات :- 

الدور الارضي
الصالة 5.2 * 6 
مقلط النساء  4.3 * 5.9
المطبخ 4* 4.3
المخزن 3.2 * 2.3 

الدور الاول 
الصالة 6 * 6.5 
غرفة ماستر 1 5.4 * 5.6 غرفة دولاب 2.15 * 4.3
غ...",186.78,Old
الخبر,حي التحلية,شمال شرقي,625,0,7,5,2,0,1,1,1,0,0,0,0,1,0,0,1,0,0,90000,"فلة بحي الثنيانيه- الخبر
حوش و مدخلين و كراج على الزاويه والحوش يتسع لـثلاث سيارات تقريباً

- الدور الاول: 
مجلس و مقلط مع مغاسل و دورة مياه (رجال)

مجلس و صاله و مطبخ كبير و دورة مياه و مغاسل (نساء)

- الدور الثاني:
٤ غرف نوم ٣ منها ماستر
صاله كبيره...",144.0,New
الخبر,حي الكورنيش,جنوب,350,10,5,5,5,1,1,1,1,0,1,0,0,1,0,1,1,0,0,150000,"فيلا فاخرة بكورنيش الخبر. يوجد فيديو واتساب. مكيفات مركزية  و مطابخ و دواليب لوفر راكبة.



الدور الأرضي: مجلس بدورة مياه و صالة معيشة  بدورة مياه و غرفة نوم ضيف بدورة مياه و غرفة خادمة بدورة مياه.

الدور الثاني: ٥ غرف نوم (٣ ماستر و ٢ بدورة مياه مشت...",428.57,Medium
الخبر,حي التحلية,شرق,330,0,4,5,4,1,1,1,1,0,1,1,0,1,0,0,0,0,0,80000,"فلة في الخبر  حي التحلية مقابل البحر الدور الارضي= مجلس+مقلط+صالة+مطبخ+غرفة مختصرة+مطبخ ضيوف+مستودع+غرفة سائق خاص+٣ حمامات اعزكم الله+
الدور الاول= ثلاث اجنحة منها جناح مطل على الشاطئ+غزفتين نوم+صالة+الدور الثاني=غرفتين للخدم +غرفة غسيل+مستودع+حمام ا...",242.42,New
الخبر,حي اللؤلؤ,غرب,437,0,7,5,2,1,1,0,1,0,0,1,0,1,0,1,1,0,1,60000,"للإيجار فيلا دورين وملحق في حي الأصداف

المساحة : ٤٣٧ متر 

الدور الأرضي : 
ديوانية خارجية - دورة مياة - مجلس - غرفة طعام رجال - مجلس نساء - مطبخ 

الدور الأول : 
عدد ٥ غرف نوم ( ٣ غرف منها ماستر )

الدور الثاني :
 غرفتين - غرفة غسيل - دورة مياة

للت...",137.3,New
الخبر,حي الصواري,جنوب,400,0,5,5,3,0,1,0,1,0,1,1,0,1,0,1,1,0,0,55000,"دبلكس للأيجار حي الصواري ج ٤٣

مجلس خارجي (ديوانية) مؤثثه

الدور الأرضي :
مجلس رجال
مقلط
صاله كبيره
مجلس حريم
مطبخ
2 دورة مياه

الدور الاول :
اربع غرفه نوم ثنتين ماستر
صاله كبيره
4 دوره مياه 

الملحق :
 غرفه نوم
صاله
غرفه شغاله
غرفه غسيل
دوره مياه

ح...",137.5,New
الخبر,حي الكورنيش,جنوب,300,13,6,5,2,1,1,1,1,0,1,0,0,1,0,1,1,0,0,90000,"فيلا فاخرة في حي كورنيش الخبر. أفضل حي بالخبر.

مكونات الفيلا:
الدور الأرض: صالة بدورة مياه و مجلس بدوره مياه و غرفة طعام و مطبخين و غرفة خادمة بدورة مياه.
الدور الثاني: ٥ غرف نوم و صالة و مطبخ.
الدور الثالث: جناح بدورة مياه و بلكونة.


الايجار السكن...",300.0,Medium
الخبر,حي الامواج,غرب,437,0,7,5,2,0,1,0,1,0,0,1,0,1,0,1,1,0,1,60000,"للأيجار ڤيلا دورين و ملحق في حي الأصداف

المساحة:437 متر 

الدور الأرضي :
ديوانية خارجية - دورة مياة - مجلس - غرفة طعام رجال - مجلس نساء - مطبخ 

الدور الأول :
عدد 5 غرف نوم (3 غرف ماستر)

الدور الثاني:
غرفتين - غرفة غسيل - دورة مياة

للتواصل : 

050...",137.3,New
الخبر,حي العليا,شمال,325,14,4,5,2,1,0,1,1,0,1,0,0,1,0,1,1,0,0,65000,"للإيجار دبلوكس متصل مرتب جداً باركيه ومكيفات راكبة ومطابخ موقع مميز بتوفر المواقف وقربة من الخدمات الحيوية والمحال التجارية ومجمعات المطاعم نظافة المبنى كلياً خارجياً وداخلياً

0562222677
0554308667‬ ‬‬
‏‭ 0598935000",200.0,Medium
الخبر,حي الحزام الاخضر,جنوب,400,4,4,5,2,1,1,1,1,0,1,1,0,0,0,1,1,0,0,140000,"٤غرف نوم منهم غرفتين ماستر 
مجلس وصاله ومطبخ ٥ دوراه مياه 
غرفه شغاله وغرفه سواق 
البيت  مكيف بالكامل مركزي",350.0,Modern
الخبر,حي الصواري,شرق,450,0,5,5,2,1,1,0,1,0,1,0,0,0,0,1,1,0,0,80000,"دبلكس جديد مكيف للايجار
الدور الارضي كراج سيارة مجالس مطبخ صالة 
الدور الثاني اربع غرف نوم غرفتين ماستر 
الدور الثاني  غرفة خادمة وغرفة غسيل 
يوجد ضمانات على السباكة والكهرباء ١٠ سنوات",177.78,New
الخبر,حي الراكة الجنوبية,شمال,200,4,6,5,2,1,1,0,1,0,1,0,1,1,0,1,1,0,0,85000,"فيلا في الراكة الجنوبية على شارع ٤٠ مكونة من صالة ومجلس ومقلط ومطبخ نظام امريكي مع غرفة خادمة وغرفة غسيل وحوش وقراج ومسبح والدور الاول فيه ٤ غرف نوم مع صاله كبيرة للايجارعلى ٨٥ الف ريال 
الموقع قريب من الخدمات


أخي الكريم الباحث عن العقار/ في حالة ع...",425.0,Modern
الخبر,حي التحلية,جنوب,300,0,5,5,3,1,1,0,1,0,0,0,0,1,0,1,0,0,0,75000,"للايجار دوبلكس متصل بناء شخصي بحي التحلية بالخبر 

الدور الارضي مجلس رجال وغرفة طعام وصاله ومجلس نساء ودورتين مياه والمطبخ تفصيل ان شاء الله خلال أيام يكون جاهز 

الدور الاول ٤ غرف نوم ٢ منهم ماستر وغرفتين يخدمهم دورة مياه مع الصاله 

الملحق غرفة ودو...",250.0,New
الخبر,حي البحيرة,غرب,375,0,4,4,2,1,1,0,0,0,1,0,1,1,0,1,1,0,0,80000,"*عرض*
*دبلكس للإيجار*

الموقع / العزيزية حي البحيرة
المساحة / ٣٧٥م٢

*المواصفات*

٤ غرف نوم ٢منهم ماستر
مجلس 
صاله تطل على بركه 
مطبخ راكب الدواليب من مطابخ أبيات
جميع الستائر راكبه من القماش الجيد
المكيفات راكبة
ملحق لشغاله ومخزن كبير وسطح

*سعر الإ...",213.33,New
الخبر,حي الحزام الاخضر,جنوب شرقي,574,30,4,4,1,1,1,1,1,0,0,0,0,1,0,0,1,0,1,180000,"فيلا للايجار او الاستثمار

موقع مميز بالقرب من مستشفى سعد وفندق بودل والموفنبيك وغيرهم . 

الايجار السنوي المطلوب : 180,000 الف 

للاستفسار : 0502505555",313.59,Old
الخبر,حي مدينة العمال,جنوب شرقي,348,30,5,5,3,1,0,0,1,0,0,0,0,1,0,0,1,0,0,65000,"فيلا زواية على شارعين ومرممه بالكامل 
قريبة من نادي القادسية 

مقاسات الغرف والصالات :- 

الدور الارضي
الصالة 5.2 * 6 
مقلط النساء  4.3 * 5.9
المطبخ 4* 4.3
المخزن 3.2 * 2.3 

الدور الاول 
الصالة 6 * 6.5 
غرفة ماستر 1 5.4 * 5.6 غرفة دولاب 2.15 * 4.3
غ...",186.78,Old
الخبر,حي التحلية,شمال شرقي,625,0,7,5,2,0,1,1,1,0,0,0,0,1,0,0,1,0,0,90000,"فلة بحي الثنيانيه- الخبر
حوش و مدخلين و كراج على الزاويه والحوش يتسع لـثلاث سيارات تقريباً

- الدور الاول: 
مجلس و مقلط مع مغاسل و دورة مياه (رجال)

مجلس و صاله و مطبخ كبير و دورة مياه و مغاسل (نساء)

- الدور الثاني:
٤ غرف نوم ٣ منها ماستر
صاله كبيره...",144.0,New
الخبر,حي الكورنيش,جنوب,350,10,5,5,5,1,1,1,1,0,1,0,0,1,0,1,1,0,0,150000,"فيلا فاخرة بكورنيش الخبر. يوجد فيديو واتساب. مكيفات مركزية  و مطابخ و دواليب لوفر راكبة.



الدور الأرضي: مجلس بدورة مياه و صالة معيشة  بدورة مياه و غرفة نوم ضيف بدورة مياه و غرفة خادمة بدورة مياه.

الدور الثاني: ٥ غرف نوم (٣ ماستر و ٢ بدورة مياه مشت...",428.57,Medium
الخبر,حي التحلية,شرق,330,0,4,5,4,1,1,1,1,0,1,1,0,1,0,0,0,0,0,80000,"فلة في الخبر  حي التحلية مقابل البحر الدور الارضي= مجلس+مقلط+صالة+مطبخ+غرفة مختصرة+مطبخ ضيوف+مستودع+غرفة سائق خاص+٣ حمامات اعزكم الله+
الدور الاول= ثلاث اجنحة منها جناح مطل على الشاطئ+غزفتين نوم+صالة+الدور الثاني=غرفتين للخدم +غرفة غسيل+مستودع+حمام ا...",242.42,New
الخبر,حي اللؤلؤ,غرب,437,0,7,5,2,1,1,0,1,0,0,1,0,1,0,1,1,0,1,60000,"للإيجار فيلا دورين وملحق في حي الأصداف

المساحة : ٤٣٧ متر 

الدور الأرضي : 
ديوانية خارجية - دورة مياة - مجلس - غرفة طعام رجال - مجلس نساء - مطبخ 

الدور الأول : 
عدد ٥ غرف نوم ( ٣ غرف منها ماستر )

الدور الثاني :
 غرفتين - غرفة غسيل - دورة مياة

للت...",137.3,New
الخبر,حي الصواري,جنوب,400,0,5,5,3,0,1,0,1,0,1,1,0,1,0,1,1,0,0,55000,"دبلكس للأيجار حي الصواري ج ٤٣

مجلس خارجي (ديوانية) مؤثثه

الدور الأرضي :
مجلس رجال
مقلط
صاله كبيره
مجلس حريم
مطبخ
2 دورة مياه

الدور الاول :
اربع غرفه نوم ثنتين ماستر
صاله كبيره
4 دوره مياه 

الملحق :
 غرفه نوم
صاله
غرفه شغاله
غرفه غسيل
دوره مياه

ح...",137.5,New
الخبر,حي الكورنيش,جنوب,300,13,6,5,2,1,1,1,1,0,1,0,0,1,0,1,1,0,0,90000,"فيلا فاخرة في حي كورنيش الخبر. أفضل حي بالخبر.

مكونات الفيلا:
الدور الأرض: صالة بدورة مياه و مجلس بدوره مياه و غرفة طعام و مطبخين و غرفة خادمة بدورة مياه.
الدور الثاني: ٥ غرف نوم و صالة و مطبخ.
الدور الثالث: جناح بدورة مياه و بلكونة.


الايجار السكن...",300.0,Medium
الخبر,حي الامواج,غرب,437,0,7,5,2,0,1,0,1,0,0,1,0,1,0,1,1,0,1,60000,"للأيجار ڤيلا دورين و ملحق في حي الأصداف

المساحة:437 متر 

الدور الأرضي :
ديوانية خارجية - دورة مياة - مجلس - غرفة طعام رجال - مجلس نساء - مطبخ 

الدور الأول :
عدد 5 غرف نوم (3 غرف ماستر)

الدور الثاني:
غرفتين - غرفة غسيل - دورة مياة

للتواصل : 

050...",137.3,New
الخبر,حي العليا,شمال,325,14,4,5,2,1,0,1,1,0,1,0,0,1,0,1,1,0,0,65000,"للإيجار دبلوكس متصل مرتب جداً باركيه ومكيفات راكبة ومطابخ موقع مميز بتوفر المواقف وقربة من الخدمات الحيوية والمحال التجارية ومجمعات المطاعم نظافة المبنى كلياً خارجياً وداخلياً

0562222677
0554308667‬ ‬‬
‏‭ 0598935000",200.0,Medium
الخبر,حي الحزام الاخضر,جنوب,400,4,4,5,2,1,1,1,1,0,1,1,0,0,0,1,1,0,0,140000,"٤غرف نوم منهم غرفتين ماستر 
مجلس وصاله ومطبخ ٥ دوراه مياه 
غرفه شغاله وغرفه سواق 
البيت  مكيف بالكامل مركزي",350.0,Modern
الخبر,حي الصواري,شرق,450,0,5,5,2,1,1,0,1,0,1,0,0,0,0,1,1,0,0,80000,"دبلكس جديد مكيف للايجار
الدور الارضي كراج سيارة مجالس مطبخ صالة 
الدور الثاني اربع غرف نوم غرفتين ماستر 
الدور الثاني  غرفة خادمة وغرفة غسيل 
يوجد ضمانات على السباكة والكهرباء ١٠ سنوات",177.78,New
الخبر,حي الراكة الجنوبية,شمال,200,4,6,5,2,1,1,0,1,0,1,0,1,1,0,1,1,0,0,85000,"فيلا في الراكة الجنوبية على شارع ٤٠ مكونة من صالة ومجلس ومقلط ومطبخ نظام امريكي مع غرفة خادمة وغرفة غسيل وحوش وقراج ومسبح والدور الاول فيه ٤ غرف نوم مع صاله كبيرة للايجارعلى ٨٥ الف ريال 
الموقع قريب من الخدمات


أخي الكريم الباحث عن العقار/ في حالة ع...",425.0,Modern
الخبر,حي التحلية,جنوب,300,0,5,5,3,1,1,0,1,0,0,0,0,1,0,1,0,0,0,75000,"للايجار دوبلكس متصل بناء شخصي بحي التحلية بالخبر 

الدور الارضي مجلس رجال وغرفة طعام وصاله ومجلس نساء ودورتين مياه والمطبخ تفصيل ان شاء الله خلال أيام يكون جاهز 

الدور الاول ٤ غرف نوم ٢ منهم ماستر وغرفتين يخدمهم دورة مياه مع الصاله 

الملحق غرفة ودو...",250.0,New
الخبر,حي البحيرة,غرب,375,0,4,4,2,1,1,0,0,0,1,0,1,1,0,1,1,0,0,80000,"*عرض*
*دبلكس للإيجار*

الموقع / العزيزية حي البحيرة
المساحة / ٣٧٥م٢

*المواصفات*

٤ غرف نوم ٢منهم ماستر
مجلس 
صاله تطل على بركه 
مطبخ راكب الدواليب من مطابخ أبيات
جميع الستائر راكبه من القماش الجيد
المكيفات راكبة
ملحق لشغاله ومخزن كبير وسطح

*سعر الإ...",213.33,New
الخبر,حي الحزام الاخضر,جنوب شرقي,574,30,4,4,1,1,1,1,1,0,0,0,0,1,0,0,1,0,1,180000,"فيلا للايجار او الاستثمار

موقع مميز بالقرب من مستشفى سعد وفندق بودل والموفنبيك وغيرهم . 

الايجار السنوي المطلوب : 180,000 الف 

للاستفسار : 0502505555",313.59,Old
الخبر,حي مدينة العمال,جنوب شرقي,348,30,5,5,3,1,0,0,1,0,0,0,0,1,0,0,1,0,0,65000,"فيلا زواية على شارعين ومرممه بالكامل 
قريبة من نادي القادسية 

مقاسات الغرف والصالات :- 

الدور الارضي
الصالة 5.2 * 6 
مقلط النساء  4.3 * 5.9
المطبخ 4* 4.3
المخزن 3.2 * 2.3 

الدور الاول 
الصالة 6 * 6.5 
غرفة ماستر 1 5.4 * 5.6 غرفة دولاب 2.15 * 4.3
غ...",186.78,Old
الخبر,حي التحلية,شمال شرقي,625,0,7,5,2,0,1,1,1,0,0,0,0,1,0,0,1,0,0,90000,"فلة بحي الثنيانيه- الخبر
حوش و مدخلين و كراج على الزاويه والحوش يتسع لـثلاث سيارات تقريباً

- الدور الاول: 
مجلس و مقلط مع مغاسل و دورة مياه (رجال)

مجلس و صاله و مطبخ كبير و دورة مياه و مغاسل (نساء)

- الدور الثاني:
٤ غرف نوم ٣ منها ماستر
صاله كبيره...",144.0,New
الخبر,حي الكورنيش,جنوب,350,10,5,5,5,1,1,1,1,0,1,0,0,1,0,1,1,0,0,150000,"فيلا فاخرة بكورنيش الخبر. يوجد فيديو واتساب. مكيفات مركزية  و مطابخ و دواليب لوفر راكبة.



الدور الأرضي: مجلس بدورة مياه و صالة معيشة  بدورة مياه و غرفة نوم ضيف بدورة مياه و غرفة خادمة بدورة مياه.

الدور الثاني: ٥ غرف نوم (٣ ماستر و ٢ بدورة مياه مشت...",428.57,Medium
الخبر,حي التحلية,شرق,330,0,4,5,4,1,1,1,1,0,1,1,0,1,0,0,0,0,0,80000,"فلة في الخبر  حي التحلية مقابل البحر الدور الارضي= مجلس+مقلط+صالة+مطبخ+غرفة مختصرة+مطبخ ضيوف+مستودع+غرفة سائق خاص+٣ حمامات اعزكم الله+
الدور الاول= ثلاث اجنحة منها جناح مطل على الشاطئ+غزفتين نوم+صالة+الدور الثاني=غرفتين للخدم +غرفة غسيل+مستودع+حمام ا...",242.42,New
الخبر,حي اللؤلؤ,غرب,437,0,7,5,2,1,1,0,1,0,0,1,0,1,0,1,1,0,1,60000,"للإيجار فيلا دورين وملحق في حي الأصداف

المساحة : ٤٣٧ متر 

الدور الأرضي : 
ديوانية خارجية - دورة مياة - مجلس - غرفة طعام رجال - مجلس نساء - مطبخ 

الدور الأول : 
عدد ٥ غرف نوم ( ٣ غرف منها ماستر )

الدور الثاني :
 غرفتين - غرفة غسيل - دورة مياة

للت...",137.3,New
الخبر,حي الصواري,جنوب,400,0,5,5,3,0,1,0,1,0,1,1,0,1,0,1,1,0,0,55000,"دبلكس للأيجار حي الصواري ج ٤٣

مجلس خارجي (ديوانية) مؤثثه

الدور الأرضي :
مجلس رجال
مقلط
صاله كبيره
مجلس حريم
مطبخ
2 دورة مياه

الدور الاول :
اربع غرفه نوم ثنتين ماستر
صاله كبيره
4 دوره مياه 

الملحق :
 غرفه نوم
صاله
غرفه شغاله
غرفه غسيل
دوره مياه

ح...",137.5,New
الخبر,حي الكورنيش,جنوب,300,13,6,5,2,1,1,1,1,0,1,0,0,1,0,1,1,0,0,90000,"فيلا فاخرة في حي كورنيش الخبر. أفضل حي بالخبر.

مكونات الفيلا:
الدور الأرض: صالة بدورة مياه و مجلس بدوره مياه و غرفة طعام و مطبخين و غرفة خادمة بدورة مياه.
الدور الثاني: ٥ غرف نوم و صالة و مطبخ.
الدور الثالث: جناح بدورة مياه و بلكونة.


الايجار السكن...",300.0,Medium
الخبر,حي الامواج,غرب,437,0,7,5,2,0,1,0,1,0,0,1,0,1,0,1,1,0,1,60000,"للأيجار ڤيلا دورين و ملحق في حي الأصداف

المساحة:437 متر 

الدور الأرضي :
ديوانية خارجية - دورة مياة - مجلس - غرفة طعام رجال - مجلس نساء - مطبخ 

الدور الأول :
عدد 5 غرف نوم (3 غرف ماستر)

الدور الثاني:
غرفتين - غرفة غسيل - دورة مياة

للتواصل : 

050...",137.3,New
الخبر,حي العليا,شمال,325,14,4,5,2,1,0,1,1,0,1,0,0,1,0,1,1,0,0,65000,"للإيجار دبلوكس متصل مرتب جداً باركيه ومكيفات راكبة ومطابخ موقع مميز بتوفر المواقف وقربة من الخدمات الحيوية والمحال التجارية ومجمعات المطاعم نظافة المبنى كلياً خارجياً وداخلياً

0562222677
0554308667‬ ‬‬
‏‭ 0598935000",200.0,Medium
الخبر,حي الحزام الاخضر,جنوب,400,4,4,5,2,1,1,1,1,0,1,1,0,0,0,1,1,0,0,140000,"٤غرف نوم منهم غرفتين ماستر 
مجلس وصاله ومطبخ ٥ دوراه مياه 
غرفه شغاله وغرفه سواق 
البيت  مكيف بالكامل مركزي",350.0,Modern
الخبر,حي الصواري,شرق,450,0,5,5,2,1,1,0,1,0,1,0,0,0,0,1,1,0,0,80000,"دبلكس جديد مكيف للايجار
الدور الارضي كراج سيارة مجالس مطبخ صالة 
الدور الثاني اربع غرف نوم غرفتين ماستر 
الدور الثاني  غرفة خادمة وغرفة غسيل 
يوجد ضمانات على السباكة والكهرباء ١٠ سنوات",177.78,New
الخبر,حي الراكة الجنوبية,شمال,200,4,6,5,2,1,1,0,1,0,1,0,1,1,0,1,1,0,0,85000,"فيلا في الراكة الجنوبية على شارع ٤٠ مكونة من صالة ومجلس ومقلط ومطبخ نظام امريكي مع غرفة خادمة وغرفة غسيل وحوش وقراج ومسبح والدور الاول فيه ٤ غرف نوم مع صاله كبيرة للايجارعلى ٨٥ الف ريال 
الموقع قريب من الخدمات


أخي الكريم الباحث عن العقار/ في حالة ع...",425.0,Modern
الخبر,حي التحلية,جنوب,300,0,5,5,3,1,1,0,1,0,0,0,0,1,0,1,0,0,0,75000,"للايجار دوبلكس متصل بناء شخصي بحي التحلية بالخبر 

الدور الارضي مجلس رجال وغرفة طعام وصاله ومجلس نساء ودورتين مياه والمطبخ تفصيل ان شاء الله خلال أيام يكون جاهز 

الدور الاول ٤ غرف نوم ٢ منهم ماستر وغرفتين يخدمهم دورة مياه مع الصاله 

الملحق غرفة ودو...",250.0,New
الخبر,حي البحيرة,غرب,375,0,4,4,2,1,1,0,0,0,1,0,1,1,0,1,1,0,0,80000,"*عرض*
*دبلكس للإيجار*

الموقع / العزيزية حي البحيرة
المساحة / ٣٧٥م٢

*المواصفات*

٤ غرف نوم ٢منهم ماستر
مجلس 
صاله تطل على بركه 
مطبخ راكب الدواليب من مطابخ أبيات
جميع الستائر راكبه من القماش الجيد
المكيفات راكبة
ملحق لشغاله ومخزن كبير وسطح

*سعر الإ...",213.33,New
الخبر,حي الحزام الاخضر,جنوب شرقي,574,30,4,4,1,1,1,1,1,0,0,0,0,1,0,0,1,0,1,180000,"فيلا للايجار او الاستثمار

موقع مميز بالقرب من مستشفى سعد وفندق بودل والموفنبيك وغيرهم . 

الايجار السنوي المطلوب : 180,000 الف 

للاستفسار : 0502505555",313.59,Old
الخبر,حي مدينة العمال,جنوب شرقي,348,30,5,5,3,1,0,0,1,0,0,0,0,1,0,0,1,0,0,65000,"فيلا زواية على شارعين ومرممه بالكامل 
قريبة من نادي القادسية 

مقاسات الغرف والصالات :- 

الدور الارضي
الصالة 5.2 * 6 
مقلط النساء  4.3 * 5.9
المطبخ 4* 4.3
المخزن 3.2 * 2.3 

الدور الاول 
الصالة 6 * 6.5 
غرفة ماستر 1 5.4 * 5.6 غرفة دولاب 2.15 * 4.3
غ...",186.78,Old
الخبر,حي التحلية,شمال شرقي,625,0,7,5,2,0,1,1,1,0,0,0,0,1,0,0,1,0,0,90000,"فلة بحي الثنيانيه- الخبر
حوش و مدخلين و كراج على الزاويه والحوش يتسع لـثلاث سيارات تقريباً

- الدور الاول: 
مجلس و مقلط مع مغاسل و دورة مياه (رجال)

مجلس و صاله و مطبخ كبير و دورة مياه و مغاسل (نساء)

- الدور الثاني:
٤ غرف نوم ٣ منها ماستر
صاله كبيره...",144.0,New
الخبر,حي الكورنيش,جنوب,350,10,5,5,5,1,1,1,1,0,1,0,0,1,0,1,1,0,0,150000,"فيلا فاخرة بكورنيش الخبر. يوجد فيديو واتساب. مكيفات مركزية  و مطابخ و دواليب لوفر راكبة.



الدور الأرضي: مجلس بدورة مياه و صالة معيشة  بدورة مياه و غرفة نوم ضيف بدورة مياه و غرفة خادمة بدورة مياه.

الدور الثاني: ٥ غرف نوم (٣ ماستر و ٢ بدورة مياه مشت...",428.57,Medium
الخبر,حي التحلية,شرق,330,0,4,5,4,1,1,1,1,0,1,1,0,1,0,0,0,0,0,80000,"فلة في الخبر  حي التحلية مقابل البحر الدور الارضي= مجلس+مقلط+صالة+مطبخ+غرفة مختصرة+مطبخ ضيوف+مستودع+غرفة سائق خاص+٣ حمامات اعزكم الله+
الدور الاول= ثلاث اجنحة منها جناح مطل على الشاطئ+غزفتين نوم+صالة+الدور الثاني=غرفتين للخدم +غرفة غسيل+مستودع+حمام ا...",242.42,New
الخبر,حي اللؤلؤ,غرب,437,0,7,5,2,1,1,0,1,0,0,1,0,1,0,1,1,0,1,60000,"للإيجار فيلا دورين وملحق في حي الأصداف

المساحة : ٤٣٧ متر 

الدور الأرضي : 
ديوانية خارجية - دورة مياة - مجلس - غرفة طعام رجال - مجلس نساء - مطبخ 

الدور الأول : 
عدد ٥ غرف نوم ( ٣ غرف منها ماستر )

الدور الثاني :
 غرفتين - غرفة غسيل - دورة مياة

للت...",137.3,New
الخبر,حي الصواري,جنوب,400,0,5,5,3,0,1,0,1,0,1,1,0,1,0,1,1,0,0,55000,"دبلكس للأيجار حي الصواري ج ٤٣

مجلس خارجي (ديوانية) مؤثثه

الدور الأرضي :
مجلس رجال
مقلط
صاله كبيره
مجلس حريم
مطبخ
2 دورة مياه

الدور الاول :
اربع غرفه نوم ثنتين ماستر
صاله كبيره
4 دوره مياه 

الملحق :
 غرفه نوم
صاله
غرفه شغاله
غرفه غسيل
دوره مياه

ح...",137.5,New
الخبر,حي الكورنيش,جنوب,300,13,6,5,2,1,1,1,1,0,1,0,0,1,0,1,1,0,0,90000,"فيلا فاخرة في حي كورنيش الخبر. أفضل حي بالخبر.

مكونات الفيلا:
الدور الأرض: صالة بدورة مياه و مجلس بدوره مياه و غرفة طعام و مطبخين و غرفة خادمة بدورة مياه.
الدور الثاني: ٥ غرف نوم و صالة و مطبخ.
الدور الثالث: جناح بدورة مياه و بلكونة.


الايجار السكن...",300.0,Medium
الخبر,حي الامواج,غرب,437,0,7,5,2,0,1,0,1,0,0,1,0,1,0,1,1,0,1,60000,"للأيجار ڤيلا دورين و ملحق في حي الأصداف

المساحة:437 متر 

الدور الأرضي :
ديوانية خارجية - دورة مياة - مجلس - غرفة طعام رجال - مجلس نساء - مطبخ 

الدور الأول :
عدد 5 غرف نوم (3 غرف ماستر)

الدور الثاني:
غرفتين - غرفة غسيل - دورة مياة

للتواصل : 

050...",137.3,New
الخبر,حي العليا,شمال,325,14,4,5,2,1,0,1,1,0,1,0,0,1,0,1,1,0,0,65000,"للإيجار دبلوكس متصل مرتب جداً باركيه ومكيفات راكبة ومطابخ موقع مميز بتوفر المواقف وقربة من الخدمات الحيوية والمحال التجارية ومجمعات المطاعم نظافة المبنى كلياً خارجياً وداخلياً

0562222677
0554308667‬ ‬‬
‏‭ 0598935000",200.0,Medium
الخبر,حي الحزام الاخضر,جنوب,400,4,4,5,2,1,1,1,1,0,1,1,0,0,0,1,1,0,0,140000,"٤غرف نوم منهم غرفتين ماستر 
مجلس وصاله ومطبخ ٥ دوراه مياه 
غرفه شغاله وغرفه سواق 
البيت  مكيف بالكامل مركزي",350.0,Modern
الخبر,حي الصواري,شرق,450,0,5,5,2,1,1,0,1,0,1,0,0,0,0,1,1,0,0,80000,"دبلكس جديد مكيف للايجار
الدور الارضي كراج سيارة مجالس مطبخ صالة 
الدور الثاني اربع غرف نوم غرفتين ماستر 
الدور الثاني  غرفة خادمة وغرفة غسيل 
يوجد ضمانات على السباكة والكهرباء ١٠ سنوات",177.78,New
الخبر,حي الراكة الجنوبية,شمال,200,4,6,5,2,1,1,0,1,0,1,0,1,1,0,1,1,0,0,85000,"فيلا في الراكة الجنوبية على شارع ٤٠ مكونة من صالة ومجلس ومقلط ومطبخ نظام امريكي مع غرفة خادمة وغرفة غسيل وحوش وقراج ومسبح والدور الاول فيه ٤ غرف نوم مع صاله كبيرة للايجارعلى ٨٥ الف ريال 
الموقع قريب من الخدمات


أخي الكريم الباحث عن العقار/ في حالة ع...",425.0,Modern
الخبر,حي التحلية,جنوب,300,0,5,5,3,1,1,0,1,0,0,0,0,1,0,1,0,0,0,75000,"للايجار دوبلكس متصل بناء شخصي بحي التحلية بالخبر 

الدور الارضي مجلس رجال وغرفة طعام وصاله ومجلس نساء ودورتين مياه والمطبخ تفصيل ان شاء الله خلال أيام يكون جاهز 

الدور الاول ٤ غرف نوم ٢ منهم ماستر وغرفتين يخدمهم دورة مياه مع الصاله 

الملحق غرفة ودو...",250.0,New
الخبر,حي البحيرة,غرب,375,0,4,4,2,1,1,0,0,0,1,0,1,1,0,1,1,0,0,80000,"*عرض*
*دبلكس للإيجار*

الموقع / العزيزية حي البحيرة
المساحة / ٣٧٥م٢

*المواصفات*

٤ غرف نوم ٢منهم ماستر
مجلس 
صاله تطل على بركه 
مطبخ راكب الدواليب من مطابخ أبيات
جميع الستائر راكبه من القماش الجيد
المكيفات راكبة
ملحق لشغاله ومخزن كبير وسطح

*سعر الإ...",213.33,New
الخبر,حي الحزام الاخضر,جنوب شرقي,574,30,4,4,1,1,1,1,1,0,0,0,0,1,0,0,1,0,1,180000,"فيلا للايجار او الاستثمار

موقع مميز بالقرب من مستشفى سعد وفندق بودل والموفنبيك وغيرهم . 

الايجار السنوي المطلوب : 180,000 الف 

للاستفسار : 0502505555",313.59,Old
الخبر,حي مدينة العمال,جنوب شرقي,348,30,5,5,3,1,0,0,1,0,0,0,0,1,0,0,1,0,0,65000,"فيلا زواية على شارعين ومرممه بالكامل 
قريبة من نادي القادسية 

مقاسات الغرف والصالات :- 

الدور الارضي
الصالة 5.2 * 6 
مقلط النساء  4.3 * 5.9
المطبخ 4* 4.3
المخزن 3.2 * 2.3 

الدور الاول 
الصالة 6 * 6.5 
غرفة ماستر 1 5.4 * 5.6 غرفة دولاب 2.15 * 4.3
غ...",186.78,Old
الخبر,حي التحلية,شمال شرقي,625,0,7,5,2,0,1,1,1,0,0,0,0,1,0,0,1,0,0,90000,"فلة بحي الثنيانيه- الخبر
حوش و مدخلين و كراج على الزاويه والحوش يتسع لـثلاث سيارات تقريباً

- الدور الاول: 
مجلس و مقلط مع مغاسل و دورة مياه (رجال)

مجلس و صاله و مطبخ كبير و دورة مياه و مغاسل (نساء)

- الدور الثاني:
٤ غرف نوم ٣ منها ماستر
صاله كبيره...",144.0,New
الخبر,حي الكورنيش,جنوب,350,10,5,5,5,1,1,1,1,0,1,0,0,1,0,1,1,0,0,150000,"فيلا فاخرة بكورنيش الخبر. يوجد فيديو واتساب. مكيفات مركزية  و مطابخ و دواليب لوفر راكبة.



الدور الأرضي: مجلس بدورة مياه و صالة معيشة  بدورة مياه و غرفة نوم ضيف بدورة مياه و غرفة خادمة بدورة مياه.

الدور الثاني: ٥ غرف نوم (٣ ماستر و ٢ بدورة مياه مشت...",428.57,Medium
الخبر,حي التحلية,شرق,330,0,4,5,4,1,1,1,1,0,1,1,0,1,0,0,0,0,0,80000,"فلة في الخبر  حي التحلية مقابل البحر الدور الارضي= مجلس+مقلط+صالة+مطبخ+غرفة مختصرة+مطبخ ضيوف+مستودع+غرفة سائق خاص+٣ حمامات اعزكم الله+
الدور الاول= ثلاث اجنحة منها جناح مطل على الشاطئ+غزفتين نوم+صالة+الدور الثاني=غرفتين للخدم +غرفة غسيل+مستودع+حمام ا...",242.42,New
الخبر,حي اللؤلؤ,غرب,437,0,7,5,2,1,1,0,1,0,0,1,0,1,0,1,1,0,1,60000,"للإيجار فيلا دورين وملحق في حي الأصداف

المساحة : ٤٣٧ متر 

الدور الأرضي : 
ديوانية خارجية - دورة مياة - مجلس - غرفة طعام رجال - مجلس نساء - مطبخ 

الدور الأول : 
عدد ٥ غرف نوم ( ٣ غرف منها ماستر )

الدور الثاني :
 غرفتين - غرفة غسيل - دورة مياة

للت...",137.3,New
الخبر,حي الصواري,جنوب,400,0,5,5,3,0,1,0,1,0,1,1,0,1,0,1,1,0,0,55000,"دبلكس للأيجار حي الصواري ج ٤٣

مجلس خارجي (ديوانية) مؤثثه

الدور الأرضي :
مجلس رجال
مقلط
صاله كبيره
مجلس حريم
مطبخ
2 دورة مياه

الدور الاول :
اربع غرفه نوم ثنتين ماستر
صاله كبيره
4 دوره مياه 

الملحق :
 غرفه نوم
صاله
غرفه شغاله
غرفه غسيل
دوره مياه

ح...",137.5,New
الخبر,حي الكورنيش,جنوب,300,13,6,5,2,1,1,1,1,0,1,0,0,1,0,1,1,0,0,90000,"فيلا فاخرة في حي كورنيش الخبر. أفضل حي بالخبر.

مكونات الفيلا:
الدور الأرض: صالة بدورة مياه و مجلس بدوره مياه و غرفة طعام و مطبخين و غرفة خادمة بدورة مياه.
الدور الثاني: ٥ غرف نوم و صالة و مطبخ.
الدور الثالث: جناح بدورة مياه و بلكونة.


الايجار السكن...",300.0,Medium
الخبر,حي الامواج,غرب,437,0,7,5,2,0,1,0,1,0,0,1,0,1,0,1,1,0,1,60000,"للأيجار ڤيلا دورين و ملحق في حي الأصداف

المساحة:437 متر 

الدور الأرضي :
ديوانية خارجية - دورة مياة - مجلس - غرفة طعام رجال - مجلس نساء - مطبخ 

الدور الأول :
عدد 5 غرف نوم (3 غرف ماستر)

الدور الثاني:
غرفتين - غرفة غسيل - دورة مياة

للتواصل : 

050...",137.3,New
الخبر,حي العليا,شمال,325,14,4,5,2,1,0,1,1,0,1,0,0,1,0,1,1,0,0,65000,"للإيجار دبلوكس متصل مرتب جداً باركيه ومكيفات راكبة ومطابخ موقع مميز بتوفر المواقف وقربة من الخدمات الحيوية والمحال التجارية ومجمعات المطاعم نظافة المبنى كلياً خارجياً وداخلياً

0562222677
0554308667‬ ‬‬
‏‭ 0598935000",200.0,Medium
الخبر,حي الحزام الاخضر,جنوب,400,4,4,5,2,1,1,1,1,0,1,1,0,0,0,1,1,0,0,140000,"٤غرف نوم منهم غرفتين ماستر 
مجلس وصاله ومطبخ ٥ دوراه مياه 
غرفه شغاله وغرفه سواق 
البيت  مكيف بالكامل مركزي",350.0,Modern
الخبر,حي الصواري,شرق,450,0,5,5,2,1,1,0,1,0,1,0,0,0,0,1,1,0,0,80000,"دبلكس جديد مكيف للايجار
الدور الارضي كراج سيارة مجالس مطبخ صالة 
الدور الثاني اربع غرف نوم غرفتين ماستر 
الدور الثاني  غرفة خادمة وغرفة غسيل 
يوجد ضمانات على السباكة والكهرباء ١٠ سنوات",177.78,New
الخبر,حي الراكة الجنوبية,شمال,200,4,6,5,2,1,1,0,1,0,1,0,1,1,0,1,1,0,0,85000,"فيلا في الراكة الجنوبية على شارع ٤٠ مكونة من صالة ومجلس ومقلط ومطبخ نظام امريكي مع غرفة خادمة وغرفة غسيل وحوش وقراج ومسبح والدور الاول فيه ٤ غرف نوم مع صاله كبيرة للايجارعلى ٨٥ الف ريال 
الموقع قريب من الخدمات


أخي الكريم الباحث عن العقار/ في حالة ع...",425.0,Modern
الخبر,حي التحلية,جنوب,300,0,5,5,3,1,1,0,1,0,0,0,0,1,0,1,0,0,0,75000,"للايجار دوبلكس متصل بناء شخصي بحي التحلية بالخبر 

الدور الارضي مجلس رجال وغرفة طعام وصاله ومجلس نساء ودورتين مياه والمطبخ تفصيل ان شاء الله خلال أيام يكون جاهز 

الدور الاول ٤ غرف نوم ٢ منهم ماستر وغرفتين يخدمهم دورة مياه مع الصاله 

الملحق غرفة ودو...",250.0,New
الخبر,حي البحيرة,غرب,375,0,4,4,2,1,1,0,0,0,1,0,1,1,0,1,1,0,0,80000,"*عرض*
*دبلكس للإيجار*

الموقع / العزيزية حي البحيرة
المساحة / ٣٧٥م٢

*المواصفات*

٤ غرف نوم ٢منهم ماستر
مجلس 
صاله تطل على بركه 
مطبخ راكب الدواليب من مطابخ أبيات
جميع الستائر راكبه من القماش الجيد
المكيفات راكبة
ملحق لشغاله ومخزن كبير وسطح

*سعر الإ...",213.33,New
الخبر,حي الحزام الاخضر,جنوب شرقي,574,30,4,4,1,1,1,1,1,0,0,0,0,1,0,0,1,0,1,180000,"فيلا للايجار او الاستثمار

موقع مميز بالقرب من مستشفى سعد وفندق بودل والموفنبيك وغيرهم . 

الايجار السنوي المطلوب : 180,000 الف 

للاستفسار : 0502505555",313.59,Old
الخبر,حي مدينة العمال,جنوب شرقي,348,30,5,5,3,1,0,0,1,0,0,0,0,1,0,0,1,0,0,65000,"فيلا زواية على شارعين ومرممه بالكامل 
قريبة من نادي القادسية 

مقاسات الغرف والصالات :- 

الدور الارضي
الصالة 5.2 * 6 
مقلط النساء  4.3 * 5.9
المطبخ 4* 4.3
المخزن 3.2 * 2.3 

الدور الاول 
الصالة 6 * 6.5 
غرفة ماستر 1 5.4 * 5.6 غرفة دولاب 2.15 * 4.3
غ...",186.78,Old
الخبر,حي التحلية,شمال شرقي,625,0,7,5,2,0,1,1,1,0,0,0,0,1,0,0,1,0,0,90000,"فلة بحي الثنيانيه- الخبر
حوش و مدخلين و كراج على الزاويه والحوش يتسع لـثلاث سيارات تقريباً

- الدور الاول: 
مجلس و مقلط مع مغاسل و دورة مياه (رجال)

مجلس و صاله و مطبخ كبير و دورة مياه و مغاسل (نساء)

- الدور الثاني:
٤ غرف نوم ٣ منها ماستر
صاله كبيره...",144.0,New
الخبر,حي الكورنيش,جنوب,350,10,5,5,5,1,1,1,1,0,1,0,0,1,0,1,1,0,0,150000,"فيلا فاخرة بكورنيش الخبر. يوجد فيديو واتساب. مكيفات مركزية  و مطابخ و دواليب لوفر راكبة.



الدور الأرضي: مجلس بدورة مياه و صالة معيشة  بدورة مياه و غرفة نوم ضيف بدورة مياه و غرفة خادمة بدورة مياه.

الدور الثاني: ٥ غرف نوم (٣ ماستر و ٢ بدورة مياه مشت...",428.57,Medium
الخبر,حي التحلية,شرق,330,0,4,5,4,1,1,1,1,0,1,1,0,1,0,0,0,0,0,80000,"فلة في الخبر  حي التحلية مقابل البحر الدور الارضي= مجلس+مقلط+صالة+مطبخ+غرفة مختصرة+مطبخ ضيوف+مستودع+غرفة سائق خاص+٣ حمامات اعزكم الله+
الدور الاول= ثلاث اجنحة منها جناح مطل على الشاطئ+غزفتين نوم+صالة+الدور الثاني=غرفتين للخدم +غرفة غسيل+مستودع+حمام ا...",242.42,New
الخبر,حي اللؤلؤ,غرب,437,0,7,5,2,1,1,0,1,0,0,1,0,1,0,1,1,0,1,60000,"للإيجار فيلا دورين وملحق في حي الأصداف

المساحة : ٤٣٧ متر 

الدور الأرضي : 
ديوانية خارجية - دورة مياة - مجلس - غرفة طعام رجال - مجلس نساء - مطبخ 

الدور الأول : 
عدد ٥ غرف نوم ( ٣ غرف منها ماستر )

الدور الثاني :
 غرفتين - غرفة غسيل - دورة مياة

للت...",137.3,New
الخبر,حي الصواري,جنوب,400,0,5,5,3,0,1,0,1,0,1,1,0,1,0,1,1,0,0,55000,"دبلكس للأيجار حي الصواري ج ٤٣

مجلس خارجي (ديوانية) مؤثثه

الدور الأرضي :
مجلس رجال
مقلط
صاله كبيره
مجلس حريم
مطبخ
2 دورة مياه

الدور الاول :
اربع غرفه نوم ثنتين ماستر
صاله كبيره
4 دوره مياه 

الملحق :
 غرفه نوم
صاله
غرفه شغاله
غرفه غسيل
دوره مياه

ح...",137.5,New
الخبر,حي الكورنيش,جنوب,300,13,6,5,2,1,1,1,1,0,1,0,0,1,0,1,1,0,0,90000,"فيلا فاخرة في حي كورنيش الخبر. أفضل حي بالخبر.

مكونات الفيلا:
الدور الأرض: صالة بدورة مياه و مجلس بدوره مياه و غرفة طعام و مطبخين و غرفة خادمة بدورة مياه.
الدور الثاني: ٥ غرف نوم و صالة و مطبخ.
الدور الثالث: جناح بدورة مياه و بلكونة.


الايجار السكن...",300.0,Medium
الخبر,حي الامواج,غرب,437,0,7,5,2,0,1,0,1,0,0,1,0,1,0,1,1,0,1,60000,"للأيجار ڤيلا دورين و ملحق في حي الأصداف

المساحة:437 متر 

الدور الأرضي :
ديوانية خارجية - دورة مياة - مجلس - غرفة طعام رجال - مجلس نساء - مطبخ 

الدور الأول :
عدد 5 غرف نوم (3 غرف ماستر)

الدور الثاني:
غرفتين - غرفة غسيل - دورة مياة

للتواصل : 

050...",137.3,New
الخبر,حي العليا,شمال,325,14,4,5,2,1,0,1,1,0,1,0,0,1,0,1,1,0,0,65000,"للإيجار دبلوكس متصل مرتب جداً باركيه ومكيفات راكبة ومطابخ موقع مميز بتوفر المواقف وقربة من الخدمات الحيوية والمحال التجارية ومجمعات المطاعم نظافة المبنى كلياً خارجياً وداخلياً

0562222677
0554308667‬ ‬‬
‏‭ 0598935000",200.0,Medium
الخبر,حي الحزام الاخضر,جنوب,400,4,4,5,2,1,1,1,1,0,1,1,0,0,0,1,1,0,0,140000,"٤غرف نوم منهم غرفتين ماستر 
مجلس وصاله ومطبخ ٥ دوراه مياه 
غرفه شغاله وغرفه سواق 
البيت  مكيف بالكامل مركزي",350.0,Modern
الخبر,حي الصواري,شرق,450,0,5,5,2,1,1,0,1,0,1,0,0,0,0,1,1,0,0,80000,"دبلكس جديد مكيف للايجار
الدور الارضي كراج سيارة مجالس مطبخ صالة 
الدور الثاني اربع غرف نوم غرفتين ماستر 
الدور الثاني  غرفة خادمة وغرفة غسيل 
يوجد ضمانات على السباكة والكهرباء ١٠ سنوات",177.78,New
الخبر,حي الراكة الجنوبية,شمال,200,4,6,5,2,1,1,0,1,0,1,0,1,1,0,1,1,0,0,85000,"فيلا في الراكة الجنوبية على شارع ٤٠ مكونة من صالة ومجلس ومقلط ومطبخ نظام امريكي مع غرفة خادمة وغرفة غسيل وحوش وقراج ومسبح والدور الاول فيه ٤ غرف نوم مع صاله كبيرة للايجارعلى ٨٥ الف ريال 
الموقع قريب من الخدمات


أخي الكريم الباحث عن العقار/ في حالة ع...",425.0,Modern
الخبر,حي التحلية,جنوب,300,0,5,5,3,1,1,0,1,0,0,0,0,1,0,1,0,0,0,75000,"للايجار دوبلكس متصل بناء شخصي بحي التحلية بالخبر 

الدور الارضي مجلس رجال وغرفة طعام وصاله ومجلس نساء ودورتين مياه والمطبخ تفصيل ان شاء الله خلال أيام يكون جاهز 

الدور الاول ٤ غرف نوم ٢ منهم ماستر وغرفتين يخدمهم دورة مياه مع الصاله 

الملحق غرفة ودو...",250.0,New
الخبر,حي البحيرة,غرب,375,0,4,4,2,1,1,0,0,0,1,0,1,1,0,1,1,0,0,80000,"*عرض*
*دبلكس للإيجار*

الموقع / العزيزية حي البحيرة
المساحة / ٣٧٥م٢

*المواصفات*

٤ غرف نوم ٢منهم ماستر
مجلس 
صاله تطل على بركه 
مطبخ راكب الدواليب من مطابخ أبيات
جميع الستائر راكبه من القماش الجيد
المكيفات راكبة
ملحق لشغاله ومخزن كبير وسطح

*سعر الإ...",213.33,New
الخبر,حي الحزام الاخضر,جنوب شرقي,574,30,4,4,1,1,1,1,1,0,0,0,0,1,0,0,1,0,1,180000,"فيلا للايجار او الاستثمار

موقع مميز بالقرب من مستشفى سعد وفندق بودل والموفنبيك وغيرهم . 

الايجار السنوي المطلوب : 180,000 الف 

للاستفسار : 0502505555",313.59,Old
الخبر,حي مدينة العمال,جنوب شرقي,348,30,5,5,3,1,0,0,1,0,0,0,0,1,0,0,1,0,0,65000,"فيلا زواية على شارعين ومرممه بالكامل 
قريبة من نادي القادسية 

مقاسات الغرف والصالات :- 

الدور الارضي
الصالة 5.2 * 6 
مقلط النساء  4.3 * 5.9
المطبخ 4* 4.3
المخزن 3.2 * 2.3 

الدور الاول 
الصالة 6 * 6.5 
غرفة ماستر 1 5.4 * 5.6 غرفة دولاب 2.15 * 4.3
غ...",186.78,Old
الخبر,حي التحلية,شمال شرقي,625,0,7,5,2,0,1,1,1,0,0,0,0,1,0,0,1,0,0,90000,"فلة بحي الثنيانيه- الخبر
حوش و مدخلين و كراج على الزاويه والحوش يتسع لـثلاث سيارات تقريباً

- الدور الاول: 
مجلس و مقلط مع مغاسل و دورة مياه (رجال)

مجلس و صاله و مطبخ كبير و دورة مياه و مغاسل (نساء)

- الدور الثاني:
٤ غرف نوم ٣ منها ماستر
صاله كبيره...",144.0,New
الخبر,حي الكورنيش,جنوب,350,10,5,5,5,1,1,1,1,0,1,0,0,1,0,1,1,0,0,150000,"فيلا فاخرة بكورنيش الخبر. يوجد فيديو واتساب. مكيفات مركزية  و مطابخ و دواليب لوفر راكبة.



الدور الأرضي: مجلس بدورة مياه و صالة معيشة  بدورة مياه و غرفة نوم ضيف بدورة مياه و غرفة خادمة بدورة مياه.

الدور الثاني: ٥ غرف نوم (٣ ماستر و ٢ بدورة مياه مشت...",428.57,Medium
الخبر,حي التحلية,شرق,330,0,4,5,4,1,1,1,1,0,1,1,0,1,0,0,0,0,0,80000,"فلة في الخبر  حي التحلية مقابل البحر الدور الارضي= مجلس+مقلط+صالة+مطبخ+غرفة مختصرة+مطبخ ضيوف+مستودع+غرفة سائق خاص+٣ حمامات اعزكم الله+
الدور الاول= ثلاث اجنحة منها جناح مطل على الشاطئ+غزفتين نوم+صالة+الدور الثاني=غرفتين للخدم +غرفة غسيل+مستودع+حمام ا...",242.42,New
الخبر,حي اللؤلؤ,غرب,437,0,7,5,2,1,1,0,1,0,0,1,0,1,0,1,1,0,1,60000,"للإيجار فيلا دورين وملحق في حي الأصداف

المساحة : ٤٣٧ متر 

الدور الأرضي : 
ديوانية خارجية - دورة مياة - مجلس - غرفة طعام رجال - مجلس نساء - مطبخ 

الدور الأول : 
عدد ٥ غرف نوم ( ٣ غرف منها ماستر )

الدور الثاني :
 غرفتين - غرفة غسيل - دورة مياة

للت...",137.3,New
الخبر,حي الصواري,جنوب,400,0,5,5,3,0,1,0,1,0,1,1,0,1,0,1,1,0,0,55000,"دبلكس للأيجار حي الصواري ج ٤٣

مجلس خارجي (ديوانية) مؤثثه

الدور الأرضي :
مجلس رجال
مقلط
صاله كبيره
مجلس حريم
مطبخ
2 دورة مياه

الدور الاول :
اربع غرفه نوم ثنتين ماستر
صاله كبيره
4 دوره مياه 

الملحق :
 غرفه نوم
صاله
غرفه شغاله
غرفه غسيل
دوره مياه

ح...",137.5,New
الخبر,حي الكورنيش,جنوب,300,13,6,5,2,1,1,1,1,0,1,0,0,1,0,1,1,0,0,90000,"فيلا فاخرة في حي كورنيش الخبر. أفضل حي بالخبر.

مكونات الفيلا:
الدور الأرض: صالة بدورة مياه و مجلس بدوره مياه و غرفة طعام و مطبخين و غرفة خادمة بدورة مياه.
الدور الثاني: ٥ غرف نوم و صالة و مطبخ.
الدور الثالث: جناح بدورة مياه و بلكونة.


الايجار السكن...",300.0,Medium
الخبر,حي الامواج,غرب,437,0,7,5,2,0,1,0,1,0,0,1,0,1,0,1,1,0,1,60000,"للأيجار ڤيلا دورين و ملحق في حي الأصداف

المساحة:437 متر 

الدور الأرضي :
ديوانية خارجية - دورة مياة - مجلس - غرفة طعام رجال - مجلس نساء - مطبخ 

الدور الأول :
عدد 5 غرف نوم (3 غرف ماستر)

الدور الثاني:
غرفتين - غرفة غسيل - دورة مياة

للتواصل : 

050...",137.3,New
الخبر,حي العليا,شمال,325,14,4,5,2,1,0,1,1,0,1,0,0,1,0,1,1,0,0,65000,"للإيجار دبلوكس متصل مرتب جداً باركيه ومكيفات راكبة ومطابخ موقع مميز بتوفر المواقف وقربة من الخدمات الحيوية والمحال التجارية ومجمعات المطاعم نظافة المبنى كلياً خارجياً وداخلياً

0562222677
0554308667‬ ‬‬
‏‭ 0598935000",200.0,Medium
الخبر,حي الحزام الاخضر,جنوب,400,4,4,5,2,1,1,1,1,0,1,1,0,0,0,1,1,0,0,140000,"٤غرف نوم منهم غرفتين ماستر 
مجلس وصاله ومطبخ ٥ دوراه مياه 
غرفه شغاله وغرفه سواق 
البيت  مكيف بالكامل مركزي",350.0,Modern
الخبر,حي الصواري,شرق,450,0,5,5,2,1,1,0,1,0,1,0,0,0,0,1,1,0,0,80000,"دبلكس جديد مكيف للايجار
الدور الارضي كراج سيارة مجالس مطبخ صالة 
الدور الثاني اربع غرف نوم غرفتين ماستر 
الدور الثاني  غرفة خادمة وغرفة غسيل 
يوجد ضمانات على السباكة والكهرباء ١٠ سنوات",177.78,New
الخبر,حي الراكة الجنوبية,شمال,200,4,6,5,2,1,1,0,1,0,1,0,1,1,0,1,1,0,0,85000,"فيلا في الراكة الجنوبية على شارع ٤٠ مكونة من صالة ومجلس ومقلط ومطبخ نظام امريكي مع غرفة خادمة وغرفة غسيل وحوش وقراج ومسبح والدور الاول فيه ٤ غرف نوم مع صاله كبيرة للايجارعلى ٨٥ الف ريال 
الموقع قريب من الخدمات


أخي الكريم الباحث عن العقار/ في حالة ع...",425.0,Modern
الخبر,حي التحلية,جنوب,300,0,5,5,3,1,1,0,1,0,0,0,0,1,0,1,0,0,0,75000,"للايجار دوبلكس متصل بناء شخصي بحي التحلية بالخبر 

الدور الارضي مجلس رجال وغرفة طعام وصاله ومجلس نساء ودورتين مياه والمطبخ تفصيل ان شاء الله خلال أيام يكون جاهز 

الدور الاول ٤ غرف نوم ٢ منهم ماستر وغرفتين يخدمهم دورة مياه مع الصاله 

الملحق غرفة ودو...",250.0,New
الخبر,حي البحيرة,غرب,375,0,4,4,2,1,1,0,0,0,1,0,1,1,0,1,1,0,0,80000,"*عرض*
*دبلكس للإيجار*

الموقع / العزيزية حي البحيرة
المساحة / ٣٧٥م٢

*المواصفات*

٤ غرف نوم ٢منهم ماستر
مجلس 
صاله تطل على بركه 
مطبخ راكب الدواليب من مطابخ أبيات
جميع الستائر راكبه من القماش الجيد
المكيفات راكبة
ملحق لشغاله ومخزن كبير وسطح

*سعر الإ...",213.33,New
الخبر,حي الحزام الاخضر,جنوب شرقي,574,30,4,4,1,1,1,1,1,0,0,0,0,1,0,0,1,0,1,180000,"فيلا للايجار او الاستثمار

موقع مميز بالقرب من مستشفى سعد وفندق بودل والموفنبيك وغيرهم . 

الايجار السنوي المطلوب : 180,000 الف 

للاستفسار : 0502505555",313.59,Old
الخبر,حي مدينة العمال,جنوب شرقي,348,30,5,5,3,1,0,0,1,0,0,0,0,1,0,0,1,0,0,65000,"فيلا زواية على شارعين ومرممه بالكامل 
قريبة من نادي القادسية 

مقاسات الغرف والصالات :- 

الدور الارضي
الصالة 5.2 * 6 
مقلط النساء  4.3 * 5.9
المطبخ 4* 4.3
المخزن 3.2 * 2.3 

الدور الاول 
الصالة 6 * 6.5 
غرفة ماستر 1 5.4 * 5.6 غرفة دولاب 2.15 * 4.3
غ...",186.78,Old
الخبر,حي التحلية,شمال شرقي,625,0,7,5,2,0,1,1,1,0,0,0,0,1,0,0,1,0,0,90000,"فلة بحي الثنيانيه- الخبر
حوش و مدخلين و كراج على الزاويه والحوش يتسع لـثلاث سيارات تقريباً

- الدور الاول: 
مجلس و مقلط مع مغاسل و دورة مياه (رجال)

مجلس و صاله و مطبخ كبير و دورة مياه و مغاسل (نساء)

- الدور الثاني:
٤ غرف نوم ٣ منها ماستر
صاله كبيره...",144.0,New
الخبر,حي الكورنيش,جنوب,350,10,5,5,5,1,1,1,1,0,1,0,0,1,0,1,1,0,0,150000,"فيلا فاخرة بكورنيش الخبر. يوجد فيديو واتساب. مكيفات مركزية  و مطابخ و دواليب لوفر راكبة.



الدور الأرضي: مجلس بدورة مياه و صالة معيشة  بدورة مياه و غرفة نوم ضيف بدورة مياه و غرفة خادمة بدورة مياه.

الدور الثاني: ٥ غرف نوم (٣ ماستر و ٢ بدورة مياه مشت...",428.57,Medium
الخبر,حي التحلية,شرق,330,0,4,5,4,1,1,1,1,0,1,1,0,1,0,0,0,0,0,80000,"فلة في الخبر  حي التحلية مقابل البحر الدور الارضي= مجلس+مقلط+صالة+مطبخ+غرفة مختصرة+مطبخ ضيوف+مستودع+غرفة سائق خاص+٣ حمامات اعزكم الله+
الدور الاول= ثلاث اجنحة منها جناح مطل على الشاطئ+غزفتين نوم+صالة+الدور الثاني=غرفتين للخدم +غرفة غسيل+مستودع+حمام ا...",242.42,New
الخبر,حي اللؤلؤ,غرب,437,0,7,5,2,1,1,0,1,0,0,1,0,1,0,1,1,0,1,60000,"للإيجار فيلا دورين وملحق في حي الأصداف

المساحة : ٤٣٧ متر 

الدور الأرضي : 
ديوانية خارجية - دورة مياة - مجلس - غرفة طعام رجال - مجلس نساء - مطبخ 

الدور الأول : 
عدد ٥ غرف نوم ( ٣ غرف منها ماستر )

الدور الثاني :
 غرفتين - غرفة غسيل - دورة مياة

للت...",137.3,New
الخبر,حي الصواري,جنوب,400,0,5,5,3,0,1,0,1,0,1,1,0,1,0,1,1,0,0,55000,"دبلكس للأيجار حي الصواري ج ٤٣

مجلس خارجي (ديوانية) مؤثثه

الدور الأرضي :
مجلس رجال
مقلط
صاله كبيره
مجلس حريم
مطبخ
2 دورة مياه

الدور الاول :
اربع غرفه نوم ثنتين ماستر
صاله كبيره
4 دوره مياه 

الملحق :
 غرفه نوم
صاله
غرفه شغاله
غرفه غسيل
دوره مياه

ح...",137.5,New
الخبر,حي الكورنيش,جنوب,300,13,6,5,2,1,1,1,1,0,1,0,0,1,0,1,1,0,0,90000,"فيلا فاخرة في حي كورنيش الخبر. أفضل حي بالخبر.

مكونات الفيلا:
الدور الأرض: صالة بدورة مياه و مجلس بدوره مياه و غرفة طعام و مطبخين و غرفة خادمة بدورة مياه.
الدور الثاني: ٥ غرف نوم و صالة و مطبخ.
الدور الثالث: جناح بدورة مياه و بلكونة.


الايجار السكن...",300.0,Medium
الخبر,حي الامواج,غرب,437,0,7,5,2,0,1,0,1,0,0,1,0,1,0,1,1,0,1,60000,"للأيجار ڤيلا دورين و ملحق في حي الأصداف

المساحة:437 متر 

الدور الأرضي :
ديوانية خارجية - دورة مياة - مجلس - غرفة طعام رجال - مجلس نساء - مطبخ 

الدور الأول :
عدد 5 غرف نوم (3 غرف ماستر)

الدور الثاني:
غرفتين - غرفة غسيل - دورة مياة

للتواصل : 

050...",137.3,New
الخبر,حي العليا,شمال,325,14,4,5,2,1,0,1,1,0,1,0,0,1,0,1,1,0,0,65000,"للإيجار دبلوكس متصل مرتب جداً باركيه ومكيفات راكبة ومطابخ موقع مميز بتوفر المواقف وقربة من الخدمات الحيوية والمحال التجارية ومجمعات المطاعم نظافة المبنى كلياً خارجياً وداخلياً

0562222677
0554308667‬ ‬‬
‏‭ 0598935000",200.0,Medium
الخبر,حي الحزام الاخضر,جنوب,400,4,4,5,2,1,1,1,1,0,1,1,0,0,0,1,1,0,0,140000,"٤غرف نوم منهم غرفتين ماستر 
مجلس وصاله ومطبخ ٥ دوراه مياه 
غرفه شغاله وغرفه سواق 
البيت  مكيف بالكامل مركزي",350.0,Modern
الخبر,حي الصواري,شرق,450,0,5,5,2,1,1,0,1,0,1,0,0,0,0,1,1,0,0,80000,"دبلكس جديد مكيف للايجار
الدور الارضي كراج سيارة مجالس مطبخ صالة 
الدور الثاني اربع غرف نوم غرفتين ماستر 
الدور الثاني  غرفة خادمة وغرفة غسيل 
يوجد ضمانات على السباكة والكهرباء ١٠ سنوات",177.78,New
الخبر,حي الراكة الجنوبية,شمال,200,4,6,5,2,1,1,0,1,0,1,0,1,1,0,1,1,0,0,85000,"فيلا في الراكة الجنوبية على شارع ٤٠ مكونة من صالة ومجلس ومقلط ومطبخ نظام امريكي مع غرفة خادمة وغرفة غسيل وحوش وقراج ومسبح والدور الاول فيه ٤ غرف نوم مع صاله كبيرة للايجارعلى ٨٥ الف ريال 
الموقع قريب من الخدمات


أخي الكريم الباحث عن العقار/ في حالة ع...",425.0,Modern
الخبر,حي التحلية,جنوب,300,0,5,5,3,1,1,0,1,0,0,0,0,1,0,1,0,0,0,75000,"للايجار دوبلكس متصل بناء شخصي بحي التحلية بالخبر 

الدور الارضي مجلس رجال وغرفة طعام وصاله ومجلس نساء ودورتين مياه والمطبخ تفصيل ان شاء الله خلال أيام يكون جاهز 

الدور الاول ٤ غرف نوم ٢ منهم ماستر وغرفتين يخدمهم دورة مياه مع الصاله 

الملحق غرفة ودو...",250.0,New
الخبر,حي البحيرة,غرب,375,0,4,4,2,1,1,0,0,0,1,0,1,1,0,1,1,0,0,80000,"*عرض*
*دبلكس للإيجار*

الموقع / العزيزية حي البحيرة
المساحة / ٣٧٥م٢

*المواصفات*

٤ غرف نوم ٢منهم ماستر
مجلس 
صاله تطل على بركه 
مطبخ راكب الدواليب من مطابخ أبيات
جميع الستائر راكبه من القماش الجيد
المكيفات راكبة
ملحق لشغاله ومخزن كبير وسطح

*سعر الإ...",213.33,New
الخبر,حي الحزام الاخضر,جنوب شرقي,574,30,4,4,1,1,1,1,1,0,0,0,0,1,0,0,1,0,1,180000,"فيلا للايجار او الاستثمار

موقع مميز بالقرب من مستشفى سعد وفندق بودل والموفنبيك وغيرهم . 

الايجار السنوي المطلوب : 180,000 الف 

للاستفسار : 0502505555",313.59,Old
الخبر,حي مدينة العمال,جنوب شرقي,348,30,5,5,3,1,0,0,1,0,0,0,0,1,0,0,1,0,0,65000,"فيلا زواية على شارعين ومرممه بالكامل 
قريبة من نادي القادسية 

مقاسات الغرف والصالات :- 

الدور الارضي
الصالة 5.2 * 6 
مقلط النساء  4.3 * 5.9
المطبخ 4* 4.3
المخزن 3.2 * 2.3 

الدور الاول 
الصالة 6 * 6.5 
غرفة ماستر 1 5.4 * 5.6 غرفة دولاب 2.15 * 4.3
غ...",186.78,Old
الخبر,حي التحلية,شمال شرقي,625,0,7,5,2,0,1,1,1,0,0,0,0,1,0,0,1,0,0,90000,"فلة بحي الثنيانيه- الخبر
حوش و مدخلين و كراج على الزاويه والحوش يتسع لـثلاث سيارات تقريباً

- الدور الاول: 
مجلس و مقلط مع مغاسل و دورة مياه (رجال)

مجلس و صاله و مطبخ كبير و دورة مياه و مغاسل (نساء)

- الدور الثاني:
٤ غرف نوم ٣ منها ماستر
صاله كبيره...",144.0,New
الخبر,حي الكورنيش,جنوب,350,10,5,5,5,1,1,1,1,0,1,0,0,1,0,1,1,0,0,150000,"فيلا فاخرة بكورنيش الخبر. يوجد فيديو واتساب. مكيفات مركزية  و مطابخ و دواليب لوفر راكبة.



الدور الأرضي: مجلس بدورة مياه و صالة معيشة  بدورة مياه و غرفة نوم ضيف بدورة مياه و غرفة خادمة بدورة مياه.

الدور الثاني: ٥ غرف نوم (٣ ماستر و ٢ بدورة مياه مشت...",428.57,Medium
الخبر,حي التحلية,شرق,330,0,4,5,4,1,1,1,1,0,1,1,0,1,0,0,0,0,0,80000,"فلة في الخبر  حي التحلية مقابل البحر الدور الارضي= مجلس+مقلط+صالة+مطبخ+غرفة مختصرة+مطبخ ضيوف+مستودع+غرفة سائق خاص+٣ حمامات اعزكم الله+
الدور الاول= ثلاث اجنحة منها جناح مطل على الشاطئ+غزفتين نوم+صالة+الدور الثاني=غرفتين للخدم +غرفة غسيل+مستودع+حمام ا...",242.42,New
الخبر,حي اللؤلؤ,غرب,437,0,7,5,2,1,1,0,1,0,0,1,0,1,0,1,1,0,1,60000,"للإيجار فيلا دورين وملحق في حي الأصداف

المساحة : ٤٣٧ متر 

الدور الأرضي : 
ديوانية خارجية - دورة مياة - مجلس - غرفة طعام رجال - مجلس نساء - مطبخ 

الدور الأول : 
عدد ٥ غرف نوم ( ٣ غرف منها ماستر )

الدور الثاني :
 غرفتين - غرفة غسيل - دورة مياة

للت...",137.3,New
الخبر,حي الصواري,جنوب,400,0,5,5,3,0,1,0,1,0,1,1,0,1,0,1,1,0,0,55000,"دبلكس للأيجار حي الصواري ج ٤٣

مجلس خارجي (ديوانية) مؤثثه

الدور الأرضي :
مجلس رجال
مقلط
صاله كبيره
مجلس حريم
مطبخ
2 دورة مياه

الدور الاول :
اربع غرفه نوم ثنتين ماستر
صاله كبيره
4 دوره مياه 

الملحق :
 غرفه نوم
صاله
غرفه شغاله
غرفه غسيل
دوره مياه

ح...",137.5,New
الخبر,حي الكورنيش,جنوب,300,13,6,5,2,1,1,1,1,0,1,0,0,1,0,1,1,0,0,90000,"فيلا فاخرة في حي كورنيش الخبر. أفضل حي بالخبر.

مكونات الفيلا:
الدور الأرض: صالة بدورة مياه و مجلس بدوره مياه و غرفة طعام و مطبخين و غرفة خادمة بدورة مياه.
الدور الثاني: ٥ غرف نوم و صالة و مطبخ.
الدور الثالث: جناح بدورة مياه و بلكونة.


الايجار السكن...",300.0,Medium
الخبر,حي الامواج,غرب,437,0,7,5,2,0,1,0,1,0,0,1,0,1,0,1,1,0,1,60000,"للأيجار ڤيلا دورين و ملحق في حي الأصداف

المساحة:437 متر 

الدور الأرضي :
ديوانية خارجية - دورة مياة - مجلس - غرفة طعام رجال - مجلس نساء - مطبخ 

الدور الأول :
عدد 5 غرف نوم (3 غرف ماستر)

الدور الثاني:
غرفتين - غرفة غسيل - دورة مياة

للتواصل : 

050...",137.3,New
الخبر,حي العليا,شمال,325,14,4,5,2,1,0,1,1,0,1,0,0,1,0,1,1,0,0,65000,"للإيجار دبلوكس متصل مرتب جداً باركيه ومكيفات راكبة ومطابخ موقع مميز بتوفر المواقف وقربة من الخدمات الحيوية والمحال التجارية ومجمعات المطاعم نظافة المبنى كلياً خارجياً وداخلياً

0562222677
0554308667‬ ‬‬
‏‭ 0598935000",200.0,Medium
الخبر,حي الحزام الاخضر,جنوب,400,4,4,5,2,1,1,1,1,0,1,1,0,0,0,1,1,0,0,140000,"٤غرف نوم منهم غرفتين ماستر 
مجلس وصاله ومطبخ ٥ دوراه مياه 
غرفه شغاله وغرفه سواق 
البيت  مكيف بالكامل مركزي",350.0,Modern
الخبر,حي الصواري,شرق,450,0,5,5,2,1,1,0,1,0,1,0,0,0,0,1,1,0,0,80000,"دبلكس جديد مكيف للايجار
الدور الارضي كراج سيارة مجالس مطبخ صالة 
الدور الثاني اربع غرف نوم غرفتين ماستر 
الدور الثاني  غرفة خادمة وغرفة غسيل 
يوجد ضمانات على السباكة والكهرباء ١٠ سنوات",177.78,New
الخبر,حي الراكة الجنوبية,شمال,200,4,6,5,2,1,1,0,1,0,1,0,1,1,0,1,1,0,0,85000,"فيلا في الراكة الجنوبية على شارع ٤٠ مكونة من صالة ومجلس ومقلط ومطبخ نظام امريكي مع غرفة خادمة وغرفة غسيل وحوش وقراج ومسبح والدور الاول فيه ٤ غرف نوم مع صاله كبيرة للايجارعلى ٨٥ الف ريال 
الموقع قريب من الخدمات


أخي الكريم الباحث عن العقار/ في حالة ع...",425.0,Modern
الخبر,حي التحلية,جنوب,300,0,5,5,3,1,1,0,1,0,0,0,0,1,0,1,0,0,0,75000,"للايجار دوبلكس متصل بناء شخصي بحي التحلية بالخبر 

الدور الارضي مجلس رجال وغرفة طعام وصاله ومجلس نساء ودورتين مياه والمطبخ تفصيل ان شاء الله خلال أيام يكون جاهز 

الدور الاول ٤ غرف نوم ٢ منهم ماستر وغرفتين يخدمهم دورة مياه مع الصاله 

الملحق غرفة ودو...",250.0,New
الخبر,حي البحيرة,غرب,375,0,4,4,2,1,1,0,0,0,1,0,1,1,0,1,1,0,0,80000,"*عرض*
*دبلكس للإيجار*

الموقع / العزيزية حي البحيرة
المساحة / ٣٧٥م٢

*المواصفات*

٤ غرف نوم ٢منهم ماستر
مجلس 
صاله تطل على بركه 
مطبخ راكب الدواليب من مطابخ أبيات
جميع الستائر راكبه من القماش الجيد
المكيفات راكبة
ملحق لشغاله ومخزن كبير وسطح

*سعر الإ...",213.33,New
الخبر,حي الحزام الاخضر,جنوب شرقي,574,30,4,4,1,1,1,1,1,0,0,0,0,1,0,0,1,0,1,180000,"فيلا للايجار او الاستثمار

موقع مميز بالقرب من مستشفى سعد وفندق بودل والموفنبيك وغيرهم . 

الايجار السنوي المطلوب : 180,000 الف 

للاستفسار : 0502505555",313.59,Old
الخبر,حي مدينة العمال,جنوب شرقي,348,30,5,5,3,1,0,0,1,0,0,0,0,1,0,0,1,0,0,65000,"فيلا زواية على شارعين ومرممه بالكامل 
قريبة من نادي القادسية 

مقاسات الغرف والصالات :- 

الدور الارضي
الصالة 5.2 * 6 
مقلط النساء  4.3 * 5.9
المطبخ 4* 4.3
المخزن 3.2 * 2.3 

الدور الاول 
الصالة 6 * 6.5 
غرفة ماستر 1 5.4 * 5.6 غرفة دولاب 2.15 * 4.3
غ...",186.78,Old
الخبر,حي التحلية,شمال شرقي,625,0,7,5,2,0,1,1,1,0,0,0,0,1,0,0,1,0,0,90000,"فلة بحي الثنيانيه- الخبر
حوش و مدخلين و كراج على الزاويه والحوش يتسع لـثلاث سيارات تقريباً

- الدور الاول: 
مجلس و مقلط مع مغاسل و دورة مياه (رجال)

مجلس و صاله و مطبخ كبير و دورة مياه و مغاسل (نساء)

- الدور الثاني:
٤ غرف نوم ٣ منها ماستر
صاله كبيره...",144.0,New
الخبر,حي الكورنيش,جنوب,350,10,5,5,5,1,1,1,1,0,1,0,0,1,0,1,1,0,0,150000,"فيلا فاخرة بكورنيش الخبر. يوجد فيديو واتساب. مكيفات مركزية  و مطابخ و دواليب لوفر راكبة.



الدور الأرضي: مجلس بدورة مياه و صالة معيشة  بدورة مياه و غرفة نوم ضيف بدورة مياه و غرفة خادمة بدورة مياه.

الدور الثاني: ٥ غرف نوم (٣ ماستر و ٢ بدورة مياه مشت...",428.57,Medium
الخبر,حي التحلية,شرق,330,0,4,5,4,1,1,1,1,0,1,1,0,1,0,0,0,0,0,80000,"فلة في الخبر  حي التحلية مقابل البحر الدور الارضي= مجلس+مقلط+صالة+مطبخ+غرفة مختصرة+مطبخ ضيوف+مستودع+غرفة سائق خاص+٣ حمامات اعزكم الله+
الدور الاول= ثلاث اجنحة منها جناح مطل على الشاطئ+غزفتين نوم+صالة+الدور الثاني=غرفتين للخدم +غرفة غسيل+مستودع+حمام ا...",242.42,New
الخبر,حي اللؤلؤ,غرب,437,0,7,5,2,1,1,0,1,0,0,1,0,1,0,1,1,0,1,60000,"للإيجار فيلا دورين وملحق في حي الأصداف

المساحة : ٤٣٧ متر 

الدور الأرضي : 
ديوانية خارجية - دورة مياة - مجلس - غرفة طعام رجال - مجلس نساء - مطبخ 

الدور الأول : 
عدد ٥ غرف نوم ( ٣ غرف منها ماستر )

الدور الثاني :
 غرفتين - غرفة غسيل - دورة مياة

للت...",137.3,New
الخبر,حي الصواري,جنوب,400,0,5,5,3,0,1,0,1,0,1,1,0,1,0,1,1,0,0,55000,"دبلكس للأيجار حي الصواري ج ٤٣

مجلس خارجي (ديوانية) مؤثثه

الدور الأرضي :
مجلس رجال
مقلط
صاله كبيره
مجلس حريم
مطبخ
2 دورة مياه

الدور الاول :
اربع غرفه نوم ثنتين ماستر
صاله كبيره
4 دوره مياه 

الملحق :
 غرفه نوم
صاله
غرفه شغاله
غرفه غسيل
دوره مياه

ح...",137.5,New
الخبر,حي الكورنيش,جنوب,300,13,6,5,2,1,1,1,1,0,1,0,0,1,0,1,1,0,0,90000,"فيلا فاخرة في حي كورنيش الخبر. أفضل حي بالخبر.

مكونات الفيلا:
الدور الأرض: صالة بدورة مياه و مجلس بدوره مياه و غرفة طعام و مطبخين و غرفة خادمة بدورة مياه.
الدور الثاني: ٥ غرف نوم و صالة و مطبخ.
الدور الثالث: جناح بدورة مياه و بلكونة.


الايجار السكن...",300.0,Medium
الخبر,حي الامواج,غرب,437,0,7,5,2,0,1,0,1,0,0,1,0,1,0,1,1,0,1,60000,"للأيجار ڤيلا دورين و ملحق في حي الأصداف

المساحة:437 متر 

الدور الأرضي :
ديوانية خارجية - دورة مياة - مجلس - غرفة طعام رجال - مجلس نساء - مطبخ 

الدور الأول :
عدد 5 غرف نوم (3 غرف ماستر)

الدور الثاني:
غرفتين - غرفة غسيل - دورة مياة

للتواصل : 

050...",137.3,New
الخبر,حي العليا,شمال,325,14,4,5,2,1,0,1,1,0,1,0,0,1,0,1,1,0,0,65000,"للإيجار دبلوكس متصل مرتب جداً باركيه ومكيفات راكبة ومطابخ موقع مميز بتوفر المواقف وقربة من الخدمات الحيوية والمحال التجارية ومجمعات المطاعم نظافة المبنى كلياً خارجياً وداخلياً

0562222677
0554308667‬ ‬‬
‏‭ 0598935000",200.0,Medium
الخبر,حي الحزام الاخضر,جنوب,400,4,4,5,2,1,1,1,1,0,1,1,0,0,0,1,1,0,0,140000,"٤غرف نوم منهم غرفتين ماستر 
مجلس وصاله ومطبخ ٥ دوراه مياه 
غرفه شغاله وغرفه سواق 
البيت  مكيف بالكامل مركزي",350.0,Modern
الخبر,حي الصواري,شرق,450,0,5,5,2,1,1,0,1,0,1,0,0,0,0,1,1,0,0,80000,"دبلكس جديد مكيف للايجار
الدور الارضي كراج سيارة مجالس مطبخ صالة 
الدور الثاني اربع غرف نوم غرفتين ماستر 
الدور الثاني  غرفة خادمة وغرفة غسيل 
يوجد ضمانات على السباكة والكهرباء ١٠ سنوات",177.78,New
الخبر,حي الراكة الجنوبية,شمال,200,4,6,5,2,1,1,0,1,0,1,0,1,1,0,1,1,0,0,85000,"فيلا في الراكة الجنوبية على شارع ٤٠ مكونة من صالة ومجلس ومقلط ومطبخ نظام امريكي مع غرفة خادمة وغرفة غسيل وحوش وقراج ومسبح والدور الاول فيه ٤ غرف نوم مع صاله كبيرة للايجارعلى ٨٥ الف ريال 
الموقع قريب من الخدمات


أخي الكريم الباحث عن العقار/ في حالة ع...",425.0,Modern
الخبر,حي التحلية,جنوب,300,0,5,5,3,1,1,0,1,0,0,0,0,1,0,1,0,0,0,75000,"للايجار دوبلكس متصل بناء شخصي بحي التحلية بالخبر 

الدور الارضي مجلس رجال وغرفة طعام وصاله ومجلس نساء ودورتين مياه والمطبخ تفصيل ان شاء الله خلال أيام يكون جاهز 

الدور الاول ٤ غرف نوم ٢ منهم ماستر وغرفتين يخدمهم دورة مياه مع الصاله 

الملحق غرفة ودو...",250.0,New
الخبر,حي البحيرة,غرب,375,0,4,4,2,1,1,0,0,0,1,0,1,1,0,1,1,0,0,80000,"*عرض*
*دبلكس للإيجار*

الموقع / العزيزية حي البحيرة
المساحة / ٣٧٥م٢

*المواصفات*

٤ غرف نوم ٢منهم ماستر
مجلس 
صاله تطل على بركه 
مطبخ راكب الدواليب من مطابخ أبيات
جميع الستائر راكبه من القماش الجيد
المكيفات راكبة
ملحق لشغاله ومخزن كبير وسطح

*سعر الإ...",213.33,New
الخبر,حي الحزام الاخضر,جنوب شرقي,574,30,4,4,1,1,1,1,1,0,0,0,0,1,0,0,1,0,1,180000,"فيلا للايجار او الاستثمار

موقع مميز بالقرب من مستشفى سعد وفندق بودل والموفنبيك وغيرهم . 

الايجار السنوي المطلوب : 180,000 الف 

للاستفسار : 0502505555",313.59,Old
الخبر,حي مدينة العمال,جنوب شرقي,348,30,5,5,3,1,0,0,1,0,0,0,0,1,0,0,1,0,0,65000,"فيلا زواية على شارعين ومرممه بالكامل 
قريبة من نادي القادسية 

مقاسات الغرف والصالات :- 

الدور الارضي
الصالة 5.2 * 6 
مقلط النساء  4.3 * 5.9
المطبخ 4* 4.3
المخزن 3.2 * 2.3 

الدور الاول 
الصالة 6 * 6.5 
غرفة ماستر 1 5.4 * 5.6 غرفة دولاب 2.15 * 4.3
غ...",186.78,Old
الخبر,حي التحلية,شمال شرقي,625,0,7,5,2,0,1,1,1,0,0,0,0,1,0,0,1,0,0,90000,"فلة بحي الثنيانيه- الخبر
حوش و مدخلين و كراج على الزاويه والحوش يتسع لـثلاث سيارات تقريباً

- الدور الاول: 
مجلس و مقلط مع مغاسل و دورة مياه (رجال)

مجلس و صاله و مطبخ كبير و دورة مياه و مغاسل (نساء)

- الدور الثاني:
٤ غرف نوم ٣ منها ماستر
صاله كبيره...",144.0,New
الخبر,حي الكورنيش,جنوب,350,10,5,5,5,1,1,1,1,0,1,0,0,1,0,1,1,0,0,150000,"فيلا فاخرة بكورنيش الخبر. يوجد فيديو واتساب. مكيفات مركزية  و مطابخ و دواليب لوفر راكبة.



الدور الأرضي: مجلس بدورة مياه و صالة معيشة  بدورة مياه و غرفة نوم ضيف بدورة مياه و غرفة خادمة بدورة مياه.

الدور الثاني: ٥ غرف نوم (٣ ماستر و ٢ بدورة مياه مشت...",428.57,Medium
الخبر,حي التحلية,شرق,330,0,4,5,4,1,1,1,1,0,1,1,0,1,0,0,0,0,0,80000,"فلة في الخبر  حي التحلية مقابل البحر الدور الارضي= مجلس+مقلط+صالة+مطبخ+غرفة مختصرة+مطبخ ضيوف+مستودع+غرفة سائق خاص+٣ حمامات اعزكم الله+
الدور الاول= ثلاث اجنحة منها جناح مطل على الشاطئ+غزفتين نوم+صالة+الدور الثاني=غرفتين للخدم +غرفة غسيل+مستودع+حمام ا...",242.42,New
الخبر,حي اللؤلؤ,غرب,437,0,7,5,2,1,1,0,1,0,0,1,0,1,0,1,1,0,1,60000,"للإيجار فيلا دورين وملحق في حي الأصداف

المساحة : ٤٣٧ متر 

الدور الأرضي : 
ديوانية خارجية - دورة مياة - مجلس - غرفة طعام رجال - مجلس نساء - مطبخ 

الدور الأول : 
عدد ٥ غرف نوم ( ٣ غرف منها ماستر )

الدور الثاني :
 غرفتين - غرفة غسيل - دورة مياة

للت...",137.3,New
الخبر,حي الصواري,جنوب,400,0,5,5,3,0,1,0,1,0,1,1,0,1,0,1,1,0,0,55000,"دبلكس للأيجار حي الصواري ج ٤٣

مجلس خارجي (ديوانية) مؤثثه

الدور الأرضي :
مجلس رجال
مقلط
صاله كبيره
مجلس حريم
مطبخ
2 دورة مياه

الدور الاول :
اربع غرفه نوم ثنتين ماستر
صاله كبيره
4 دوره مياه 

الملحق :
 غرفه نوم
صاله
غرفه شغاله
غرفه غسيل
دوره مياه

ح...",137.5,New
الخبر,حي الكورنيش,جنوب,300,13,6,5,2,1,1,1,1,0,1,0,0,1,0,1,1,0,0,90000,"فيلا فاخرة في حي كورنيش الخبر. أفضل حي بالخبر.

مكونات الفيلا:
الدور الأرض: صالة بدورة مياه و مجلس بدوره مياه و غرفة طعام و مطبخين و غرفة خادمة بدورة مياه.
الدور الثاني: ٥ غرف نوم و صالة و مطبخ.
الدور الثالث: جناح بدورة مياه و بلكونة.


الايجار السكن...",300.0,Medium
الخبر,حي الامواج,غرب,437,0,7,5,2,0,1,0,1,0,0,1,0,1,0,1,1,0,1,60000,"للأيجار ڤيلا دورين و ملحق في حي الأصداف

المساحة:437 متر 

الدور الأرضي :
ديوانية خارجية - دورة مياة - مجلس - غرفة طعام رجال - مجلس نساء - مطبخ 

الدور الأول :
عدد 5 غرف نوم (3 غرف ماستر)

الدور الثاني:
غرفتين - غرفة غسيل - دورة مياة

للتواصل : 

050...",137.3,New
الخبر,حي العليا,شمال,325,14,4,5,2,1,0,1,1,0,1,0,0,1,0,1,1,0,0,65000,"للإيجار دبلوكس متصل مرتب جداً باركيه ومكيفات راكبة ومطابخ موقع مميز بتوفر المواقف وقربة من الخدمات الحيوية والمحال التجارية ومجمعات المطاعم نظافة المبنى كلياً خارجياً وداخلياً

0562222677
0554308667‬ ‬‬
‏‭ 0598935000",200.0,Medium
الخبر,حي الحزام الاخضر,جنوب,400,4,4,5,2,1,1,1,1,0,1,1,0,0,0,1,1,0,0,140000,"٤غرف نوم منهم غرفتين ماستر 
مجلس وصاله ومطبخ ٥ دوراه مياه 
غرفه شغاله وغرفه سواق 
البيت  مكيف بالكامل مركزي",350.0,Modern
الخبر,حي الصواري,شرق,450,0,5,5,2,1,1,0,1,0,1,0,0,0,0,1,1,0,0,80000,"دبلكس جديد مكيف للايجار
الدور الارضي كراج سيارة مجالس مطبخ صالة 
الدور الثاني اربع غرف نوم غرفتين ماستر 
الدور الثاني  غرفة خادمة وغرفة غسيل 
يوجد ضمانات على السباكة والكهرباء ١٠ سنوات",177.78,New
الخبر,حي الراكة الجنوبية,شمال,200,4,6,5,2,1,1,0,1,0,1,0,1,1,0,1,1,0,0,85000,"فيلا في الراكة الجنوبية على شارع ٤٠ مكونة من صالة ومجلس ومقلط ومطبخ نظام امريكي مع غرفة خادمة وغرفة غسيل وحوش وقراج ومسبح والدور الاول فيه ٤ غرف نوم مع صاله كبيرة للايجارعلى ٨٥ الف ريال 
الموقع قريب من الخدمات


أخي الكريم الباحث عن العقار/ في حالة ع...",425.0,Modern
الخبر,حي التحلية,جنوب,300,0,5,5,3,1,1,0,1,0,0,0,0,1,0,1,0,0,0,75000,"للايجار دوبلكس متصل بناء شخصي بحي التحلية بالخبر 

الدور الارضي مجلس رجال وغرفة طعام وصاله ومجلس نساء ودورتين مياه والمطبخ تفصيل ان شاء الله خلال أيام يكون جاهز 

الدور الاول ٤ غرف نوم ٢ منهم ماستر وغرفتين يخدمهم دورة مياه مع الصاله 

الملحق غرفة ودو...",250.0,New
الخبر,حي البحيرة,غرب,375,0,4,4,2,1,1,0,0,0,1,0,1,1,0,1,1,0,0,80000,"*عرض*
*دبلكس للإيجار*

الموقع / العزيزية حي البحيرة
المساحة / ٣٧٥م٢

*المواصفات*

٤ غرف نوم ٢منهم ماستر
مجلس 
صاله تطل على بركه 
مطبخ راكب الدواليب من مطابخ أبيات
جميع الستائر راكبه من القماش الجيد
المكيفات راكبة
ملحق لشغاله ومخزن كبير وسطح

*سعر الإ...",213.33,New
الخبر,حي الحزام الاخضر,جنوب شرقي,574,30,4,4,1,1,1,1,1,0,0,0,0,1,0,0,1,0,1,180000,"فيلا للايجار او الاستثمار

موقع مميز بالقرب من مستشفى سعد وفندق بودل والموفنبيك وغيرهم . 

الايجار السنوي المطلوب : 180,000 الف 

للاستفسار : 0502505555",313.59,Old
الخبر,حي مدينة العمال,جنوب شرقي,348,30,5,5,3,1,0,0,1,0,0,0,0,1,0,0,1,0,0,65000,"فيلا زواية على شارعين ومرممه بالكامل 
قريبة من نادي القادسية 

مقاسات الغرف والصالات :- 

الدور الارضي
الصالة 5.2 * 6 
مقلط النساء  4.3 * 5.9
المطبخ 4* 4.3
المخزن 3.2 * 2.3 

الدور الاول 
الصالة 6 * 6.5 
غرفة ماستر 1 5.4 * 5.6 غرفة دولاب 2.15 * 4.3
غ...",186.78,Old
الخبر,حي التحلية,شمال شرقي,625,0,7,5,2,0,1,1,1,0,0,0,0,1,0,0,1,0,0,90000,"فلة بحي الثنيانيه- الخبر
حوش و مدخلين و كراج على الزاويه والحوش يتسع لـثلاث سيارات تقريباً

- الدور الاول: 
مجلس و مقلط مع مغاسل و دورة مياه (رجال)

مجلس و صاله و مطبخ كبير و دورة مياه و مغاسل (نساء)

- الدور الثاني:
٤ غرف نوم ٣ منها ماستر
صاله كبيره...",144.0,New
الخبر,حي الكورنيش,جنوب,350,10,5,5,5,1,1,1,1,0,1,0,0,1,0,1,1,0,0,150000,"فيلا فاخرة بكورنيش الخبر. يوجد فيديو واتساب. مكيفات مركزية  و مطابخ و دواليب لوفر راكبة.



الدور الأرضي: مجلس بدورة مياه و صالة معيشة  بدورة مياه و غرفة نوم ضيف بدورة مياه و غرفة خادمة بدورة مياه.

الدور الثاني: ٥ غرف نوم (٣ ماستر و ٢ بدورة مياه مشت...",428.57,Medium
الخبر,حي التحلية,شرق,330,0,4,5,4,1,1,1,1,0,1,1,0,1,0,0,0,0,0,80000,"فلة في الخبر  حي التحلية مقابل البحر الدور الارضي= مجلس+مقلط+صالة+مطبخ+غرفة مختصرة+مطبخ ضيوف+مستودع+غرفة سائق خاص+٣ حمامات اعزكم الله+
الدور الاول= ثلاث اجنحة منها جناح مطل على الشاطئ+غزفتين نوم+صالة+الدور الثاني=غرفتين للخدم +غرفة غسيل+مستودع+حمام ا...",242.42,New
الخبر,حي اللؤلؤ,غرب,437,0,7,5,2,1,1,0,1,0,0,1,0,1,0,1,1,0,1,60000,"للإيجار فيلا دورين وملحق في حي الأصداف

المساحة : ٤٣٧ متر 

الدور الأرضي : 
ديوانية خارجية - دورة مياة - مجلس - غرفة طعام رجال - مجلس نساء - مطبخ 

الدور الأول : 
عدد ٥ غرف نوم ( ٣ غرف منها ماستر )

الدور الثاني :
 غرفتين - غرفة غسيل - دورة مياة

للت...",137.3,New
الخبر,حي الصواري,جنوب,400,0,5,5,3,0,1,0,1,0,1,1,0,1,0,1,1,0,0,55000,"دبلكس للأيجار حي الصواري ج ٤٣

مجلس خارجي (ديوانية) مؤثثه

الدور الأرضي :
مجلس رجال
مقلط
صاله كبيره
مجلس حريم
مطبخ
2 دورة مياه

الدور الاول :
اربع غرفه نوم ثنتين ماستر
صاله كبيره
4 دوره مياه 

الملحق :
 غرفه نوم
صاله
غرفه شغاله
غرفه غسيل
دوره مياه

ح...",137.5,New
الخبر,حي الكورنيش,جنوب,300,13,6,5,2,1,1,1,1,0,1,0,0,1,0,1,1,0,0,90000,"فيلا فاخرة في حي كورنيش الخبر. أفضل حي بالخبر.

مكونات الفيلا:
الدور الأرض: صالة بدورة مياه و مجلس بدوره مياه و غرفة طعام و مطبخين و غرفة خادمة بدورة مياه.
الدور الثاني: ٥ غرف نوم و صالة و مطبخ.
الدور الثالث: جناح بدورة مياه و بلكونة.


الايجار السكن...",300.0,Medium
الخبر,حي الامواج,غرب,437,0,7,5,2,0,1,0,1,0,0,1,0,1,0,1,1,0,1,60000,"للأيجار ڤيلا دورين و ملحق في حي الأصداف

المساحة:437 متر 

الدور الأرضي :
ديوانية خارجية - دورة مياة - مجلس - غرفة طعام رجال - مجلس نساء - مطبخ 

الدور الأول :
عدد 5 غرف نوم (3 غرف ماستر)

الدور الثاني:
غرفتين - غرفة غسيل - دورة مياة

للتواصل : 

050...",137.3,New
الخبر,حي العليا,شمال,325,14,4,5,2,1,0,1,1,0,1,0,0,1,0,1,1,0,0,65000,"للإيجار دبلوكس متصل مرتب جداً باركيه ومكيفات راكبة ومطابخ موقع مميز بتوفر المواقف وقربة من الخدمات الحيوية والمحال التجارية ومجمعات المطاعم نظافة المبنى كلياً خارجياً وداخلياً

0562222677
0554308667‬ ‬‬
‏‭ 0598935000",200.0,Medium
الخبر,حي الحزام الاخضر,جنوب,400,4,4,5,2,1,1,1,1,0,1,1,0,0,0,1,1,0,0,140000,"٤غرف نوم منهم غرفتين ماستر 
مجلس وصاله ومطبخ ٥ دوراه مياه 
غرفه شغاله وغرفه سواق 
البيت  مكيف بالكامل مركزي",350.0,Modern
الخبر,حي الصواري,شرق,450,0,5,5,2,1,1,0,1,0,1,0,0,0,0,1,1,0,0,80000,"دبلكس جديد مكيف للايجار
الدور الارضي كراج سيارة مجالس مطبخ صالة 
الدور الثاني اربع غرف نوم غرفتين ماستر 
الدور الثاني  غرفة خادمة وغرفة غسيل 
يوجد ضمانات على السباكة والكهرباء ١٠ سنوات",177.78,New
الخبر,حي الراكة الجنوبية,شمال,200,4,6,5,2,1,1,0,1,0,1,0,1,1,0,1,1,0,0,85000,"فيلا في الراكة الجنوبية على شارع ٤٠ مكونة من صالة ومجلس ومقلط ومطبخ نظام امريكي مع غرفة خادمة وغرفة غسيل وحوش وقراج ومسبح والدور الاول فيه ٤ غرف نوم مع صاله كبيرة للايجارعلى ٨٥ الف ريال 
الموقع قريب من الخدمات


أخي الكريم الباحث عن العقار/ في حالة ع...",425.0,Modern
الخبر,حي التحلية,جنوب,300,0,5,5,3,1,1,0,1,0,0,0,0,1,0,1,0,0,0,75000,"للايجار دوبلكس متصل بناء شخصي بحي التحلية بالخبر 

الدور الارضي مجلس رجال وغرفة طعام وصاله ومجلس نساء ودورتين مياه والمطبخ تفصيل ان شاء الله خلال أيام يكون جاهز 

الدور الاول ٤ غرف نوم ٢ منهم ماستر وغرفتين يخدمهم دورة مياه مع الصاله 

الملحق غرفة ودو...",250.0,New
الخبر,حي البحيرة,غرب,375,0,4,4,2,1,1,0,0,0,1,0,1,1,0,1,1,0,0,80000,"*عرض*
*دبلكس للإيجار*

الموقع / العزيزية حي البحيرة
المساحة / ٣٧٥م٢

*المواصفات*

٤ غرف نوم ٢منهم ماستر
مجلس 
صاله تطل على بركه 
مطبخ راكب الدواليب من مطابخ أبيات
جميع الستائر راكبه من القماش الجيد
المكيفات راكبة
ملحق لشغاله ومخزن كبير وسطح

*سعر الإ...",213.33,New
الخبر,حي الحزام الاخضر,جنوب شرقي,574,30,4,4,1,1,1,1,1,0,0,0,0,1,0,0,1,0,1,180000,"فيلا للايجار او الاستثمار

موقع مميز بالقرب من مستشفى سعد وفندق بودل والموفنبيك وغيرهم . 

الايجار السنوي المطلوب : 180,000 الف 

للاستفسار : 0502505555",313.59,Old
الخبر,حي مدينة العمال,جنوب شرقي,348,30,5,5,3,1,0,0,1,0,0,0,0,1,0,0,1,0,0,65000,"فيلا زواية على شارعين ومرممه بالكامل 
قريبة من نادي القادسية 

مقاسات الغرف والصالات :- 

الدور الارضي
الصالة 5.2 * 6 
مقلط النساء  4.3 * 5.9
المطبخ 4* 4.3
المخزن 3.2 * 2.3 

الدور الاول 
الصالة 6 * 6.5 
غرفة ماستر 1 5.4 * 5.6 غرفة دولاب 2.15 * 4.3
غ...",186.78,Old
الخبر,حي التحلية,شمال شرقي,625,0,7,5,2,0,1,1,1,0,0,0,0,1,0,0,1,0,0,90000,"فلة بحي الثنيانيه- الخبر
حوش و مدخلين و كراج على الزاويه والحوش يتسع لـثلاث سيارات تقريباً

- الدور الاول: 
مجلس و مقلط مع مغاسل و دورة مياه (رجال)

مجلس و صاله و مطبخ كبير و دورة مياه و مغاسل (نساء)

- الدور الثاني:
٤ غرف نوم ٣ منها ماستر
صاله كبيره...",144.0,New
الخبر,حي الكورنيش,جنوب,350,10,5,5,5,1,1,1,1,0,1,0,0,1,0,1,1,0,0,150000,"فيلا فاخرة بكورنيش الخبر. يوجد فيديو واتساب. مكيفات مركزية  و مطابخ و دواليب لوفر راكبة.



الدور الأرضي: مجلس بدورة مياه و صالة معيشة  بدورة مياه و غرفة نوم ضيف بدورة مياه و غرفة خادمة بدورة مياه.

الدور الثاني: ٥ غرف نوم (٣ ماستر و ٢ بدورة مياه مشت...",428.57,Medium
الخبر,حي التحلية,شرق,330,0,4,5,4,1,1,1,1,0,1,1,0,1,0,0,0,0,0,80000,"فلة في الخبر  حي التحلية مقابل البحر الدور الارضي= مجلس+مقلط+صالة+مطبخ+غرفة مختصرة+مطبخ ضيوف+مستودع+غرفة سائق خاص+٣ حمامات اعزكم الله+
الدور الاول= ثلاث اجنحة منها جناح مطل على الشاطئ+غزفتين نوم+صالة+الدور الثاني=غرفتين للخدم +غرفة غسيل+مستودع+حمام ا...",242.42,New
الخبر,حي اللؤلؤ,غرب,437,0,7,5,2,1,1,0,1,0,0,1,0,1,0,1,1,0,1,60000,"للإيجار فيلا دورين وملحق في حي الأصداف

المساحة : ٤٣٧ متر 

الدور الأرضي : 
ديوانية خارجية - دورة مياة - مجلس - غرفة طعام رجال - مجلس نساء - مطبخ 

الدور الأول : 
عدد ٥ غرف نوم ( ٣ غرف منها ماستر )

الدور الثاني :
 غرفتين - غرفة غسيل - دورة مياة

للت...",137.3,New
الخبر,حي الصواري,جنوب,400,0,5,5,3,0,1,0,1,0,1,1,0,1,0,1,1,0,0,55000,"دبلكس للأيجار حي الصواري ج ٤٣

مجلس خارجي (ديوانية) مؤثثه

الدور الأرضي :
مجلس رجال
مقلط
صاله كبيره
مجلس حريم
مطبخ
2 دورة مياه

الدور الاول :
اربع غرفه نوم ثنتين ماستر
صاله كبيره
4 دوره مياه 

الملحق :
 غرفه نوم
صاله
غرفه شغاله
غرفه غسيل
دوره مياه

ح...",137.5,New
الخبر,حي الكورنيش,جنوب,300,13,6,5,2,1,1,1,1,0,1,0,0,1,0,1,1,0,0,90000,"فيلا فاخرة في حي كورنيش الخبر. أفضل حي بالخبر.

مكونات الفيلا:
الدور الأرض: صالة بدورة مياه و مجلس بدوره مياه و غرفة طعام و مطبخين و غرفة خادمة بدورة مياه.
الدور الثاني: ٥ غرف نوم و صالة و مطبخ.
الدور الثالث: جناح بدورة مياه و بلكونة.


الايجار السكن...",300.0,Medium
الخبر,حي الامواج,غرب,437,0,7,5,2,0,1,0,1,0,0,1,0,1,0,1,1,0,1,60000,"للأيجار ڤيلا دورين و ملحق في حي الأصداف

المساحة:437 متر 

الدور الأرضي :
ديوانية خارجية - دورة مياة - مجلس - غرفة طعام رجال - مجلس نساء - مطبخ 

الدور الأول :
عدد 5 غرف نوم (3 غرف ماستر)

الدور الثاني:
غرفتين - غرفة غسيل - دورة مياة

للتواصل : 

050...",137.3,New
الخبر,حي العليا,شمال,325,14,4,5,2,1,0,1,1,0,1,0,0,1,0,1,1,0,0,65000,"للإيجار دبلوكس متصل مرتب جداً باركيه ومكيفات راكبة ومطابخ موقع مميز بتوفر المواقف وقربة من الخدمات الحيوية والمحال التجارية ومجمعات المطاعم نظافة المبنى كلياً خارجياً وداخلياً

0562222677
0554308667‬ ‬‬
‏‭ 0598935000",200.0,Medium
الخبر,حي الحزام الاخضر,جنوب,400,4,4,5,2,1,1,1,1,0,1,1,0,0,0,1,1,0,0,140000,"٤غرف نوم منهم غرفتين ماستر 
مجلس وصاله ومطبخ ٥ دوراه مياه 
غرفه شغاله وغرفه سواق 
البيت  مكيف بالكامل مركزي",350.0,Modern
الخبر,حي الصواري,شرق,450,0,5,5,2,1,1,0,1,0,1,0,0,0,0,1,1,0,0,80000,"دبلكس جديد مكيف للايجار
الدور الارضي كراج سيارة مجالس مطبخ صالة 
الدور الثاني اربع غرف نوم غرفتين ماستر 
الدور الثاني  غرفة خادمة وغرفة غسيل 
يوجد ضمانات على السباكة والكهرباء ١٠ سنوات",177.78,New
الخبر,حي الراكة الجنوبية,شمال,200,4,6,5,2,1,1,0,1,0,1,0,1,1,0,1,1,0,0,85000,"فيلا في الراكة الجنوبية على شارع ٤٠ مكونة من صالة ومجلس ومقلط ومطبخ نظام امريكي مع غرفة خادمة وغرفة غسيل وحوش وقراج ومسبح والدور الاول فيه ٤ غرف نوم مع صاله كبيرة للايجارعلى ٨٥ الف ريال 
الموقع قريب من الخدمات


أخي الكريم الباحث عن العقار/ في حالة ع...",425.0,Modern
الخبر,حي التحلية,جنوب,300,0,5,5,3,1,1,0,1,0,0,0,0,1,0,1,0,0,0,75000,"للايجار دوبلكس متصل بناء شخصي بحي التحلية بالخبر 

الدور الارضي مجلس رجال وغرفة طعام وصاله ومجلس نساء ودورتين مياه والمطبخ تفصيل ان شاء الله خلال أيام يكون جاهز 

الدور الاول ٤ غرف نوم ٢ منهم ماستر وغرفتين يخدمهم دورة مياه مع الصاله 

الملحق غرفة ودو...",250.0,New
الخبر,حي البحيرة,غرب,375,0,4,4,2,1,1,0,0,0,1,0,1,1,0,1,1,0,0,80000,"*عرض*
*دبلكس للإيجار*

الموقع / العزيزية حي البحيرة
المساحة / ٣٧٥م٢

*المواصفات*

٤ غرف نوم ٢منهم ماستر
مجلس 
صاله تطل على بركه 
مطبخ راكب الدواليب من مطابخ أبيات
جميع الستائر راكبه من القماش الجيد
المكيفات راكبة
ملحق لشغاله ومخزن كبير وسطح

*سعر الإ...",213.33,New
الخبر,حي الحزام الاخضر,جنوب شرقي,574,30,4,4,1,1,1,1,1,0,0,0,0,1,0,0,1,0,1,180000,"فيلا للايجار او الاستثمار

موقع مميز بالقرب من مستشفى سعد وفندق بودل والموفنبيك وغيرهم . 

الايجار السنوي المطلوب : 180,000 الف 

للاستفسار : 0502505555",313.59,Old
الخبر,حي مدينة العمال,جنوب شرقي,348,30,5,5,3,1,0,0,1,0,0,0,0,1,0,0,1,0,0,65000,"فيلا زواية على شارعين ومرممه بالكامل 
قريبة من نادي القادسية 

مقاسات الغرف والصالات :- 

الدور الارضي
الصالة 5.2 * 6 
مقلط النساء  4.3 * 5.9
المطبخ 4* 4.3
المخزن 3.2 * 2.3 

الدور الاول 
الصالة 6 * 6.5 
غرفة ماستر 1 5.4 * 5.6 غرفة دولاب 2.15 * 4.3
غ...",186.78,Old
الخبر,حي التحلية,شمال شرقي,625,0,7,5,2,0,1,1,1,0,0,0,0,1,0,0,1,0,0,90000,"فلة بحي الثنيانيه- الخبر
حوش و مدخلين و كراج على الزاويه والحوش يتسع لـثلاث سيارات تقريباً

- الدور الاول: 
مجلس و مقلط مع مغاسل و دورة مياه (رجال)

مجلس و صاله و مطبخ كبير و دورة مياه و مغاسل (نساء)

- الدور الثاني:
٤ غرف نوم ٣ منها ماستر
صاله كبيره...",144.0,New
الخبر,حي الكورنيش,جنوب,350,10,5,5,5,1,1,1,1,0,1,0,0,1,0,1,1,0,0,150000,"فيلا فاخرة بكورنيش الخبر. يوجد فيديو واتساب. مكيفات مركزية  و مطابخ و دواليب لوفر راكبة.



الدور الأرضي: مجلس بدورة مياه و صالة معيشة  بدورة مياه و غرفة نوم ضيف بدورة مياه و غرفة خادمة بدورة مياه.

الدور الثاني: ٥ غرف نوم (٣ ماستر و ٢ بدورة مياه مشت...",428.57,Medium
الخبر,حي التحلية,شرق,330,0,4,5,4,1,1,1,1,0,1,1,0,1,0,0,0,0,0,80000,"فلة في الخبر  حي التحلية مقابل البحر الدور الارضي= مجلس+مقلط+صالة+مطبخ+غرفة مختصرة+مطبخ ضيوف+مستودع+غرفة سائق خاص+٣ حمامات اعزكم الله+
الدور الاول= ثلاث اجنحة منها جناح مطل على الشاطئ+غزفتين نوم+صالة+الدور الثاني=غرفتين للخدم +غرفة غسيل+مستودع+حمام ا...",242.42,New
الخبر,حي اللؤلؤ,غرب,437,0,7,5,2,1,1,0,1,0,0,1,0,1,0,1,1,0,1,60000,"للإيجار فيلا دورين وملحق في حي الأصداف

المساحة : ٤٣٧ متر 

الدور الأرضي : 
ديوانية خارجية - دورة مياة - مجلس - غرفة طعام رجال - مجلس نساء - مطبخ 

الدور الأول : 
عدد ٥ غرف نوم ( ٣ غرف منها ماستر )

الدور الثاني :
 غرفتين - غرفة غسيل - دورة مياة

للت...",137.3,New
الخبر,حي الصواري,جنوب,400,0,5,5,3,0,1,0,1,0,1,1,0,1,0,1,1,0,0,55000,"دبلكس للأيجار حي الصواري ج ٤٣

مجلس خارجي (ديوانية) مؤثثه

الدور الأرضي :
مجلس رجال
مقلط
صاله كبيره
مجلس حريم
مطبخ
2 دورة مياه

الدور الاول :
اربع غرفه نوم ثنتين ماستر
صاله كبيره
4 دوره مياه 

الملحق :
 غرفه نوم
صاله
غرفه شغاله
غرفه غسيل
دوره مياه

ح...",137.5,New
الخبر,حي الكورنيش,جنوب,300,13,6,5,2,1,1,1,1,0,1,0,0,1,0,1,1,0,0,90000,"فيلا فاخرة في حي كورنيش الخبر. أفضل حي بالخبر.

مكونات الفيلا:
الدور الأرض: صالة بدورة مياه و مجلس بدوره مياه و غرفة طعام و مطبخين و غرفة خادمة بدورة مياه.
الدور الثاني: ٥ غرف نوم و صالة و مطبخ.
الدور الثالث: جناح بدورة مياه و بلكونة.


الايجار السكن...",300.0,Medium
الخبر,حي الامواج,غرب,437,0,7,5,2,0,1,0,1,0,0,1,0,1,0,1,1,0,1,60000,"للأيجار ڤيلا دورين و ملحق في حي الأصداف

المساحة:437 متر 

الدور الأرضي :
ديوانية خارجية - دورة مياة - مجلس - غرفة طعام رجال - مجلس نساء - مطبخ 

الدور الأول :
عدد 5 غرف نوم (3 غرف ماستر)

الدور الثاني:
غرفتين - غرفة غسيل - دورة مياة

للتواصل : 

050...",137.3,New
الخبر,حي العليا,شمال,325,14,4,5,2,1,0,1,1,0,1,0,0,1,0,1,1,0,0,65000,"للإيجار دبلوكس متصل مرتب جداً باركيه ومكيفات راكبة ومطابخ موقع مميز بتوفر المواقف وقربة من الخدمات الحيوية والمحال التجارية ومجمعات المطاعم نظافة المبنى كلياً خارجياً وداخلياً

0562222677
0554308667‬ ‬‬
‏‭ 0598935000",200.0,Medium
الخبر,حي الحزام الاخضر,جنوب,400,4,4,5,2,1,1,1,1,0,1,1,0,0,0,1,1,0,0,140000,"٤غرف نوم منهم غرفتين ماستر 
مجلس وصاله ومطبخ ٥ دوراه مياه 
غرفه شغاله وغرفه سواق 
البيت  مكيف بالكامل مركزي",350.0,Modern
الخبر,حي الصواري,شرق,450,0,5,5,2,1,1,0,1,0,1,0,0,0,0,1,1,0,0,80000,"دبلكس جديد مكيف للايجار
الدور الارضي كراج سيارة مجالس مطبخ صالة 
الدور الثاني اربع غرف نوم غرفتين ماستر 
الدور الثاني  غرفة خادمة وغرفة غسيل 
يوجد ضمانات على السباكة والكهرباء ١٠ سنوات",177.78,New
الخبر,حي الراكة الجنوبية,شمال,200,4,6,5,2,1,1,0,1,0,1,0,1,1,0,1,1,0,0,85000,"فيلا في الراكة الجنوبية على شارع ٤٠ مكونة من صالة ومجلس ومقلط ومطبخ نظام امريكي مع غرفة خادمة وغرفة غسيل وحوش وقراج ومسبح والدور الاول فيه ٤ غرف نوم مع صاله كبيرة للايجارعلى ٨٥ الف ريال 
الموقع قريب من الخدمات


أخي الكريم الباحث عن العقار/ في حالة ع...",425.0,Modern
الخبر,حي التحلية,جنوب,300,0,5,5,3,1,1,0,1,0,0,0,0,1,0,1,0,0,0,75000,"للايجار دوبلكس متصل بناء شخصي بحي التحلية بالخبر 

الدور الارضي مجلس رجال وغرفة طعام وصاله ومجلس نساء ودورتين مياه والمطبخ تفصيل ان شاء الله خلال أيام يكون جاهز 

الدور الاول ٤ غرف نوم ٢ منهم ماستر وغرفتين يخدمهم دورة مياه مع الصاله 

الملحق غرفة ودو...",250.0,New
الخبر,حي البحيرة,غرب,375,0,4,4,2,1,1,0,0,0,1,0,1,1,0,1,1,0,0,80000,"*عرض*
*دبلكس للإيجار*

الموقع / العزيزية حي البحيرة
المساحة / ٣٧٥م٢

*المواصفات*

٤ غرف نوم ٢منهم ماستر
مجلس 
صاله تطل على بركه 
مطبخ راكب الدواليب من مطابخ أبيات
جميع الستائر راكبه من القماش الجيد
المكيفات راكبة
ملحق لشغاله ومخزن كبير وسطح

*سعر الإ...",213.33,New
الخبر,حي الحزام الاخضر,جنوب شرقي,574,30,4,4,1,1,1,1,1,0,0,0,0,1,0,0,1,0,1,180000,"فيلا للايجار او الاستثمار

موقع مميز بالقرب من مستشفى سعد وفندق بودل والموفنبيك وغيرهم . 

الايجار السنوي المطلوب : 180,000 الف 

للاستفسار : 0502505555",313.59,Old
الخبر,حي مدينة العمال,جنوب شرقي,348,30,5,5,3,1,0,0,1,0,0,0,0,1,0,0,1,0,0,65000,"فيلا زواية على شارعين ومرممه بالكامل 
قريبة من نادي القادسية 

مقاسات الغرف والصالات :- 

الدور الارضي
الصالة 5.2 * 6 
مقلط النساء  4.3 * 5.9
المطبخ 4* 4.3
المخزن 3.2 * 2.3 

الدور الاول 
الصالة 6 * 6.5 
غرفة ماستر 1 5.4 * 5.6 غرفة دولاب 2.15 * 4.3
غ...",186.78,Old
الخبر,حي التحلية,شمال شرقي,625,0,7,5,2,0,1,1,1,0,0,0,0,1,0,0,1,0,0,90000,"فلة بحي الثنيانيه- الخبر
حوش و مدخلين و كراج على الزاويه والحوش يتسع لـثلاث سيارات تقريباً

- الدور الاول: 
مجلس و مقلط مع مغاسل و دورة مياه (رجال)

مجلس و صاله و مطبخ كبير و دورة مياه و مغاسل (نساء)

- الدور الثاني:
٤ غرف نوم ٣ منها ماستر
صاله كبيره...",144.0,New
الخبر,حي الكورنيش,جنوب,350,10,5,5,5,1,1,1,1,0,1,0,0,1,0,1,1,0,0,150000,"فيلا فاخرة بكورنيش الخبر. يوجد فيديو واتساب. مكيفات مركزية  و مطابخ و دواليب لوفر راكبة.



الدور الأرضي: مجلس بدورة مياه و صالة معيشة  بدورة مياه و غرفة نوم ضيف بدورة مياه و غرفة خادمة بدورة مياه.

الدور الثاني: ٥ غرف نوم (٣ ماستر و ٢ بدورة مياه مشت...",428.57,Medium
الخبر,حي التحلية,شرق,330,0,4,5,4,1,1,1,1,0,1,1,0,1,0,0,0,0,0,80000,"فلة في الخبر  حي التحلية مقابل البحر الدور الارضي= مجلس+مقلط+صالة+مطبخ+غرفة مختصرة+مطبخ ضيوف+مستودع+غرفة سائق خاص+٣ حمامات اعزكم الله+
الدور الاول= ثلاث اجنحة منها جناح مطل على الشاطئ+غزفتين نوم+صالة+الدور الثاني=غرفتين للخدم +غرفة غسيل+مستودع+حمام ا...",242.42,New
الخبر,حي اللؤلؤ,غرب,437,0,7,5,2,1,1,0,1,0,0,1,0,1,0,1,1,0,1,60000,"للإيجار فيلا دورين وملحق في حي الأصداف

المساحة : ٤٣٧ متر 

الدور الأرضي : 
ديوانية خارجية - دورة مياة - مجلس - غرفة طعام رجال - مجلس نساء - مطبخ 

الدور الأول : 
عدد ٥ غرف نوم ( ٣ غرف منها ماستر )

الدور الثاني :
 غرفتين - غرفة غسيل - دورة مياة

للت...",137.3,New
الخبر,حي الصواري,جنوب,400,0,5,5,3,0,1,0,1,0,1,1,0,1,0,1,1,0,0,55000,"دبلكس للأيجار حي الصواري ج ٤٣

مجلس خارجي (ديوانية) مؤثثه

الدور الأرضي :
مجلس رجال
مقلط
صاله كبيره
مجلس حريم
مطبخ
2 دورة مياه

الدور الاول :
اربع غرفه نوم ثنتين ماستر
صاله كبيره
4 دوره مياه 

الملحق :
 غرفه نوم
صاله
غرفه شغاله
غرفه غسيل
دوره مياه

ح...",137.5,New
الخبر,حي الكورنيش,جنوب,300,13,6,5,2,1,1,1,1,0,1,0,0,1,0,1,1,0,0,90000,"فيلا فاخرة في حي كورنيش الخبر. أفضل حي بالخبر.

مكونات الفيلا:
الدور الأرض: صالة بدورة مياه و مجلس بدوره مياه و غرفة طعام و مطبخين و غرفة خادمة بدورة مياه.
الدور الثاني: ٥ غرف نوم و صالة و مطبخ.
الدور الثالث: جناح بدورة مياه و بلكونة.


الايجار السكن...",300.0,Medium
الخبر,حي الامواج,غرب,437,0,7,5,2,0,1,0,1,0,0,1,0,1,0,1,1,0,1,60000,"للأيجار ڤيلا دورين و ملحق في حي الأصداف

المساحة:437 متر 

الدور الأرضي :
ديوانية خارجية - دورة مياة - مجلس - غرفة طعام رجال - مجلس نساء - مطبخ 

الدور الأول :
عدد 5 غرف نوم (3 غرف ماستر)

الدور الثاني:
غرفتين - غرفة غسيل - دورة مياة

للتواصل : 

050...",137.3,New
الخبر,حي العليا,شمال,325,14,4,5,2,1,0,1,1,0,1,0,0,1,0,1,1,0,0,65000,"للإيجار دبلوكس متصل مرتب جداً باركيه ومكيفات راكبة ومطابخ موقع مميز بتوفر المواقف وقربة من الخدمات الحيوية والمحال التجارية ومجمعات المطاعم نظافة المبنى كلياً خارجياً وداخلياً

0562222677
0554308667‬ ‬‬
‏‭ 0598935000",200.0,Medium
الخبر,حي الحزام الاخضر,جنوب,400,4,4,5,2,1,1,1,1,0,1,1,0,0,0,1,1,0,0,140000,"٤غرف نوم منهم غرفتين ماستر 
مجلس وصاله ومطبخ ٥ دوراه مياه 
غرفه شغاله وغرفه سواق 
البيت  مكيف بالكامل مركزي",350.0,Modern
الخبر,حي الصواري,شرق,450,0,5,5,2,1,1,0,1,0,1,0,0,0,0,1,1,0,0,80000,"دبلكس جديد مكيف للايجار
الدور الارضي كراج سيارة مجالس مطبخ صالة 
الدور الثاني اربع غرف نوم غرفتين ماستر 
الدور الثاني  غرفة خادمة وغرفة غسيل 
يوجد ضمانات على السباكة والكهرباء ١٠ سنوات",177.78,New
الخبر,حي الراكة الجنوبية,شمال,200,4,6,5,2,1,1,0,1,0,1,0,1,1,0,1,1,0,0,85000,"فيلا في الراكة الجنوبية على شارع ٤٠ مكونة من صالة ومجلس ومقلط ومطبخ نظام امريكي مع غرفة خادمة وغرفة غسيل وحوش وقراج ومسبح والدور الاول فيه ٤ غرف نوم مع صاله كبيرة للايجارعلى ٨٥ الف ريال 
الموقع قريب من الخدمات


أخي الكريم الباحث عن العقار/ في حالة ع...",425.0,Modern
الخبر,حي التحلية,جنوب,300,0,5,5,3,1,1,0,1,0,0,0,0,1,0,1,0,0,0,75000,"للايجار دوبلكس متصل بناء شخصي بحي التحلية بالخبر 

الدور الارضي مجلس رجال وغرفة طعام وصاله ومجلس نساء ودورتين مياه والمطبخ تفصيل ان شاء الله خلال أيام يكون جاهز 

الدور الاول ٤ غرف نوم ٢ منهم ماستر وغرفتين يخدمهم دورة مياه مع الصاله 

الملحق غرفة ودو...",250.0,New
الخبر,حي البحيرة,غرب,375,0,4,4,2,1,1,0,0,0,1,0,1,1,0,1,1,0,0,80000,"*عرض*
*دبلكس للإيجار*

الموقع / العزيزية حي البحيرة
المساحة / ٣٧٥م٢

*المواصفات*

٤ غرف نوم ٢منهم ماستر
مجلس 
صاله تطل على بركه 
مطبخ راكب الدواليب من مطابخ أبيات
جميع الستائر راكبه من القماش الجيد
المكيفات راكبة
ملحق لشغاله ومخزن كبير وسطح

*سعر الإ...",213.33,New
الخبر,حي الحزام الاخضر,جنوب شرقي,574,30,4,4,1,1,1,1,1,0,0,0,0,1,0,0,1,0,1,180000,"فيلا للايجار او الاستثمار

موقع مميز بالقرب من مستشفى سعد وفندق بودل والموفنبيك وغيرهم . 

الايجار السنوي المطلوب : 180,000 الف 

للاستفسار : 0502505555",313.59,Old
الخبر,حي مدينة العمال,جنوب شرقي,348,30,5,5,3,1,0,0,1,0,0,0,0,1,0,0,1,0,0,65000,"فيلا زواية على شارعين ومرممه بالكامل 
قريبة من نادي القادسية 

مقاسات الغرف والصالات :- 

الدور الارضي
الصالة 5.2 * 6 
مقلط النساء  4.3 * 5.9
المطبخ 4* 4.3
المخزن 3.2 * 2.3 

الدور الاول 
الصالة 6 * 6.5 
غرفة ماستر 1 5.4 * 5.6 غرفة دولاب 2.15 * 4.3
غ...",186.78,Old
الخبر,حي التحلية,شمال شرقي,625,0,7,5,2,0,1,1,1,0,0,0,0,1,0,0,1,0,0,90000,"فلة بحي الثنيانيه- الخبر
حوش و مدخلين و كراج على الزاويه والحوش يتسع لـثلاث سيارات تقريباً

- الدور الاول: 
مجلس و مقلط مع مغاسل و دورة مياه (رجال)

مجلس و صاله و مطبخ كبير و دورة مياه و مغاسل (نساء)

- الدور الثاني:
٤ غرف نوم ٣ منها ماستر
صاله كبيره...",144.0,New
الخبر,حي الكورنيش,جنوب,350,10,5,5,5,1,1,1,1,0,1,0,0,1,0,1,1,0,0,150000,"فيلا فاخرة بكورنيش الخبر. يوجد فيديو واتساب. مكيفات مركزية  و مطابخ و دواليب لوفر راكبة.



الدور الأرضي: مجلس بدورة مياه و صالة معيشة  بدورة مياه و غرفة نوم ضيف بدورة مياه و غرفة خادمة بدورة مياه.

الدور الثاني: ٥ غرف نوم (٣ ماستر و ٢ بدورة مياه مشت...",428.57,Medium
الخبر,حي التحلية,شرق,330,0,4,5,4,1,1,1,1,0,1,1,0,1,0,0,0,0,0,80000,"فلة في الخبر  حي التحلية مقابل البحر الدور الارضي= مجلس+مقلط+صالة+مطبخ+غرفة مختصرة+مطبخ ضيوف+مستودع+غرفة سائق خاص+٣ حمامات اعزكم الله+
الدور الاول= ثلاث اجنحة منها جناح مطل على الشاطئ+غزفتين نوم+صالة+الدور الثاني=غرفتين للخدم +غرفة غسيل+مستودع+حمام ا...",242.42,New
الخبر,حي اللؤلؤ,غرب,437,0,7,5,2,1,1,0,1,0,0,1,0,1,0,1,1,0,1,60000,"للإيجار فيلا دورين وملحق في حي الأصداف

المساحة : ٤٣٧ متر 

الدور الأرضي : 
ديوانية خارجية - دورة مياة - مجلس - غرفة طعام رجال - مجلس نساء - مطبخ 

الدور الأول : 
عدد ٥ غرف نوم ( ٣ غرف منها ماستر )

الدور الثاني :
 غرفتين - غرفة غسيل - دورة مياة

للت...",137.3,New
الخبر,حي الصواري,جنوب,400,0,5,5,3,0,1,0,1,0,1,1,0,1,0,1,1,0,0,55000,"دبلكس للأيجار حي الصواري ج ٤٣

مجلس خارجي (ديوانية) مؤثثه

الدور الأرضي :
مجلس رجال
مقلط
صاله كبيره
مجلس حريم
مطبخ
2 دورة مياه

الدور الاول :
اربع غرفه نوم ثنتين ماستر
صاله كبيره
4 دوره مياه 

الملحق :
 غرفه نوم
صاله
غرفه شغاله
غرفه غسيل
دوره مياه

ح...",137.5,New
الخبر,حي الكورنيش,جنوب,300,13,6,5,2,1,1,1,1,0,1,0,0,1,0,1,1,0,0,90000,"فيلا فاخرة في حي كورنيش الخبر. أفضل حي بالخبر.

مكونات الفيلا:
الدور الأرض: صالة بدورة مياه و مجلس بدوره مياه و غرفة طعام و مطبخين و غرفة خادمة بدورة مياه.
الدور الثاني: ٥ غرف نوم و صالة و مطبخ.
الدور الثالث: جناح بدورة مياه و بلكونة.


الايجار السكن...",300.0,Medium
الخبر,حي الامواج,غرب,437,0,7,5,2,0,1,0,1,0,0,1,0,1,0,1,1,0,1,60000,"للأيجار ڤيلا دورين و ملحق في حي الأصداف

المساحة:437 متر 

الدور الأرضي :
ديوانية خارجية - دورة مياة - مجلس - غرفة طعام رجال - مجلس نساء - مطبخ 

الدور الأول :
عدد 5 غرف نوم (3 غرف ماستر)

الدور الثاني:
غرفتين - غرفة غسيل - دورة مياة

للتواصل : 

050...",137.3,New
الخبر,حي العليا,شمال,325,14,4,5,2,1,0,1,1,0,1,0,0,1,0,1,1,0,0,65000,"للإيجار دبلوكس متصل مرتب جداً باركيه ومكيفات راكبة ومطابخ موقع مميز بتوفر المواقف وقربة من الخدمات الحيوية والمحال التجارية ومجمعات المطاعم نظافة المبنى كلياً خارجياً وداخلياً

0562222677
0554308667‬ ‬‬
‏‭ 0598935000",200.0,Medium
الخبر,حي الحزام الاخضر,جنوب,400,4,4,5,2,1,1,1,1,0,1,1,0,0,0,1,1,0,0,140000,"٤غرف نوم منهم غرفتين ماستر 
مجلس وصاله ومطبخ ٥ دوراه مياه 
غرفه شغاله وغرفه سواق 
البيت  مكيف بالكامل مركزي",350.0,Modern
الخبر,حي الصواري,شرق,450,0,5,5,2,1,1,0,1,0,1,0,0,0,0,1,1,0,0,80000,"دبلكس جديد مكيف للايجار
الدور الارضي كراج سيارة مجالس مطبخ صالة 
الدور الثاني اربع غرف نوم غرفتين ماستر 
الدور الثاني  غرفة خادمة وغرفة غسيل 
يوجد ضمانات على السباكة والكهرباء ١٠ سنوات",177.78,New
الخبر,حي الراكة الجنوبية,شمال,200,4,6,5,2,1,1,0,1,0,1,0,1,1,0,1,1,0,0,85000,"فيلا في الراكة الجنوبية على شارع ٤٠ مكونة من صالة ومجلس ومقلط ومطبخ نظام امريكي مع غرفة خادمة وغرفة غسيل وحوش وقراج ومسبح والدور الاول فيه ٤ غرف نوم مع صاله كبيرة للايجارعلى ٨٥ الف ريال 
الموقع قريب من الخدمات


أخي الكريم الباحث عن العقار/ في حالة ع...",425.0,Modern
الخبر,حي التحلية,جنوب,300,0,5,5,3,1,1,0,1,0,0,0,0,1,0,1,0,0,0,75000,"للايجار دوبلكس متصل بناء شخصي بحي التحلية بالخبر 

الدور الارضي مجلس رجال وغرفة طعام وصاله ومجلس نساء ودورتين مياه والمطبخ تفصيل ان شاء الله خلال أيام يكون جاهز 

الدور الاول ٤ غرف نوم ٢ منهم ماستر وغرفتين يخدمهم دورة مياه مع الصاله 

الملحق غرفة ودو...",250.0,New
الخبر,حي البحيرة,غرب,375,0,4,4,2,1,1,0,0,0,1,0,1,1,0,1,1,0,0,80000,"*عرض*
*دبلكس للإيجار*

الموقع / العزيزية حي البحيرة
المساحة / ٣٧٥م٢

*المواصفات*

٤ غرف نوم ٢منهم ماستر
مجلس 
صاله تطل على بركه 
مطبخ راكب الدواليب من مطابخ أبيات
جميع الستائر راكبه من القماش الجيد
المكيفات راكبة
ملحق لشغاله ومخزن كبير وسطح

*سعر الإ...",213.33,New
الخبر,حي الحزام الاخضر,جنوب شرقي,574,30,4,4,1,1,1,1,1,0,0,0,0,1,0,0,1,0,1,180000,"فيلا للايجار او الاستثمار

موقع مميز بالقرب من مستشفى سعد وفندق بودل والموفنبيك وغيرهم . 

الايجار السنوي المطلوب : 180,000 الف 

للاستفسار : 0502505555",313.59,Old
الخبر,حي مدينة العمال,جنوب شرقي,348,30,5,5,3,1,0,0,1,0,0,0,0,1,0,0,1,0,0,65000,"فيلا زواية على شارعين ومرممه بالكامل 
قريبة من نادي القادسية 

مقاسات الغرف والصالات :- 

الدور الارضي
الصالة 5.2 * 6 
مقلط النساء  4.3 * 5.9
المطبخ 4* 4.3
المخزن 3.2 * 2.3 

الدور الاول 
الصالة 6 * 6.5 
غرفة ماستر 1 5.4 * 5.6 غرفة دولاب 2.15 * 4.3
غ...",186.78,Old
الخبر,حي التحلية,شمال شرقي,625,0,7,5,2,0,1,1,1,0,0,0,0,1,0,0,1,0,0,90000,"فلة بحي الثنيانيه- الخبر
حوش و مدخلين و كراج على الزاويه والحوش يتسع لـثلاث سيارات تقريباً

- الدور الاول: 
مجلس و مقلط مع مغاسل و دورة مياه (رجال)

مجلس و صاله و مطبخ كبير و دورة مياه و مغاسل (نساء)

- الدور الثاني:
٤ غرف نوم ٣ منها ماستر
صاله كبيره...",144.0,New
الخبر,حي الكورنيش,جنوب,350,10,5,5,5,1,1,1,1,0,1,0,0,1,0,1,1,0,0,150000,"فيلا فاخرة بكورنيش الخبر. يوجد فيديو واتساب. مكيفات مركزية  و مطابخ و دواليب لوفر راكبة.



الدور الأرضي: مجلس بدورة مياه و صالة معيشة  بدورة مياه و غرفة نوم ضيف بدورة مياه و غرفة خادمة بدورة مياه.

الدور الثاني: ٥ غرف نوم (٣ ماستر و ٢ بدورة مياه مشت...",428.57,Medium
الخبر,حي التحلية,شرق,330,0,4,5,4,1,1,1,1,0,1,1,0,1,0,0,0,0,0,80000,"فلة في الخبر  حي التحلية مقابل البحر الدور الارضي= مجلس+مقلط+صالة+مطبخ+غرفة مختصرة+مطبخ ضيوف+مستودع+غرفة سائق خاص+٣ حمامات اعزكم الله+
الدور الاول= ثلاث اجنحة منها جناح مطل على الشاطئ+غزفتين نوم+صالة+الدور الثاني=غرفتين للخدم +غرفة غسيل+مستودع+حمام ا...",242.42,New
الخبر,حي اللؤلؤ,غرب,437,0,7,5,2,1,1,0,1,0,0,1,0,1,0,1,1,0,1,60000,"للإيجار فيلا دورين وملحق في حي الأصداف

المساحة : ٤٣٧ متر 

الدور الأرضي : 
ديوانية خارجية - دورة مياة - مجلس - غرفة طعام رجال - مجلس نساء - مطبخ 

الدور الأول : 
عدد ٥ غرف نوم ( ٣ غرف منها ماستر )

الدور الثاني :
 غرفتين - غرفة غسيل - دورة مياة

للت...",137.3,New
الخبر,حي الصواري,جنوب,400,0,5,5,3,0,1,0,1,0,1,1,0,1,0,1,1,0,0,55000,"دبلكس للأيجار حي الصواري ج ٤٣

مجلس خارجي (ديوانية) مؤثثه

الدور الأرضي :
مجلس رجال
مقلط
صاله كبيره
مجلس حريم
مطبخ
2 دورة مياه

الدور الاول :
اربع غرفه نوم ثنتين ماستر
صاله كبيره
4 دوره مياه 

الملحق :
 غرفه نوم
صاله
غرفه شغاله
غرفه غسيل
دوره مياه

ح...",137.5,New
الخبر,حي الكورنيش,جنوب,300,13,6,5,2,1,1,1,1,0,1,0,0,1,0,1,1,0,0,90000,"فيلا فاخرة في حي كورنيش الخبر. أفضل حي بالخبر.

مكونات الفيلا:
الدور الأرض: صالة بدورة مياه و مجلس بدوره مياه و غرفة طعام و مطبخين و غرفة خادمة بدورة مياه.
الدور الثاني: ٥ غرف نوم و صالة و مطبخ.
الدور الثالث: جناح بدورة مياه و بلكونة.


الايجار السكن...",300.0,Medium
الخبر,حي الامواج,غرب,437,0,7,5,2,0,1,0,1,0,0,1,0,1,0,1,1,0,1,60000,"للأيجار ڤيلا دورين و ملحق في حي الأصداف

المساحة:437 متر 

الدور الأرضي :
ديوانية خارجية - دورة مياة - مجلس - غرفة طعام رجال - مجلس نساء - مطبخ 

الدور الأول :
عدد 5 غرف نوم (3 غرف ماستر)

الدور الثاني:
غرفتين - غرفة غسيل - دورة مياة

للتواصل : 

050...",137.3,New
الخبر,حي العليا,شمال,325,14,4,5,2,1,0,1,1,0,1,0,0,1,0,1,1,0,0,65000,"للإيجار دبلوكس متصل مرتب جداً باركيه ومكيفات راكبة ومطابخ موقع مميز بتوفر المواقف وقربة من الخدمات الحيوية والمحال التجارية ومجمعات المطاعم نظافة المبنى كلياً خارجياً وداخلياً

0562222677
0554308667‬ ‬‬
‏‭ 0598935000",200.0,Medium
الخبر,حي الحزام الاخضر,جنوب,400,4,4,5,2,1,1,1,1,0,1,1,0,0,0,1,1,0,0,140000,"٤غرف نوم منهم غرفتين ماستر 
مجلس وصاله ومطبخ ٥ دوراه مياه 
غرفه شغاله وغرفه سواق 
البيت  مكيف بالكامل مركزي",350.0,Modern
الخبر,حي الصواري,شرق,450,0,5,5,2,1,1,0,1,0,1,0,0,0,0,1,1,0,0,80000,"دبلكس جديد مكيف للايجار
الدور الارضي كراج سيارة مجالس مطبخ صالة 
الدور الثاني اربع غرف نوم غرفتين ماستر 
الدور الثاني  غرفة خادمة وغرفة غسيل 
يوجد ضمانات على السباكة والكهرباء ١٠ سنوات",177.78,New
الخبر,حي الراكة الجنوبية,شمال,200,4,6,5,2,1,1,0,1,0,1,0,1,1,0,1,1,0,0,85000,"فيلا في الراكة الجنوبية على شارع ٤٠ مكونة من صالة ومجلس ومقلط ومطبخ نظام امريكي مع غرفة خادمة وغرفة غسيل وحوش وقراج ومسبح والدور الاول فيه ٤ غرف نوم مع صاله كبيرة للايجارعلى ٨٥ الف ريال 
الموقع قريب من الخدمات


أخي الكريم الباحث عن العقار/ في حالة ع...",425.0,Modern
الخبر,حي التحلية,جنوب,300,0,5,5,3,1,1,0,1,0,0,0,0,1,0,1,0,0,0,75000,"للايجار دوبلكس متصل بناء شخصي بحي التحلية بالخبر 

الدور الارضي مجلس رجال وغرفة طعام وصاله ومجلس نساء ودورتين مياه والمطبخ تفصيل ان شاء الله خلال أيام يكون جاهز 

الدور الاول ٤ غرف نوم ٢ منهم ماستر وغرفتين يخدمهم دورة مياه مع الصاله 

الملحق غرفة ودو...",250.0,New
الخبر,حي البحيرة,غرب,375,0,4,4,2,1,1,0,0,0,1,0,1,1,0,1,1,0,0,80000,"*عرض*
*دبلكس للإيجار*

الموقع / العزيزية حي البحيرة
المساحة / ٣٧٥م٢

*المواصفات*

٤ غرف نوم ٢منهم ماستر
مجلس 
صاله تطل على بركه 
مطبخ راكب الدواليب من مطابخ أبيات
جميع الستائر راكبه من القماش الجيد
المكيفات راكبة
ملحق لشغاله ومخزن كبير وسطح

*سعر الإ...",213.33,New
الخبر,حي الحزام الاخضر,جنوب شرقي,574,30,4,4,1,1,1,1,1,0,0,0,0,1,0,0,1,0,1,180000,"فيلا للايجار او الاستثمار

موقع مميز بالقرب من مستشفى سعد وفندق بودل والموفنبيك وغيرهم . 

الايجار السنوي المطلوب : 180,000 الف 

للاستفسار : 0502505555",313.59,Old
الخبر,حي مدينة العمال,جنوب شرقي,348,30,5,5,3,1,0,0,1,0,0,0,0,1,0,0,1,0,0,65000,"فيلا زواية على شارعين ومرممه بالكامل 
قريبة من نادي القادسية 

مقاسات الغرف والصالات :- 

الدور الارضي
الصالة 5.2 * 6 
مقلط النساء  4.3 * 5.9
المطبخ 4* 4.3
المخزن 3.2 * 2.3 

الدور الاول 
الصالة 6 * 6.5 
غرفة ماستر 1 5.4 * 5.6 غرفة دولاب 2.15 * 4.3
غ...",186.78,Old
الخبر,حي التحلية,شمال شرقي,625,0,7,5,2,0,1,1,1,0,0,0,0,1,0,0,1,0,0,90000,"فلة بحي الثنيانيه- الخبر
حوش و مدخلين و كراج على الزاويه والحوش يتسع لـثلاث سيارات تقريباً

- الدور الاول: 
مجلس و مقلط مع مغاسل و دورة مياه (رجال)

مجلس و صاله و مطبخ كبير و دورة مياه و مغاسل (نساء)

- الدور الثاني:
٤ غرف نوم ٣ منها ماستر
صاله كبيره...",144.0,New
الخبر,حي الكورنيش,جنوب,350,10,5,5,5,1,1,1,1,0,1,0,0,1,0,1,1,0,0,150000,"فيلا فاخرة بكورنيش الخبر. يوجد فيديو واتساب. مكيفات مركزية  و مطابخ و دواليب لوفر راكبة.



الدور الأرضي: مجلس بدورة مياه و صالة معيشة  بدورة مياه و غرفة نوم ضيف بدورة مياه و غرفة خادمة بدورة مياه.

الدور الثاني: ٥ غرف نوم (٣ ماستر و ٢ بدورة مياه مشت...",428.57,Medium
الخبر,حي التحلية,شرق,330,0,4,5,4,1,1,1,1,0,1,1,0,1,0,0,0,0,0,80000,"فلة في الخبر  حي التحلية مقابل البحر الدور الارضي= مجلس+مقلط+صالة+مطبخ+غرفة مختصرة+مطبخ ضيوف+مستودع+غرفة سائق خاص+٣ حمامات اعزكم الله+
الدور الاول= ثلاث اجنحة منها جناح مطل على الشاطئ+غزفتين نوم+صالة+الدور الثاني=غرفتين للخدم +غرفة غسيل+مستودع+حمام ا...",242.42,New
الخبر,حي اللؤلؤ,غرب,437,0,7,5,2,1,1,0,1,0,0,1,0,1,0,1,1,0,1,60000,"للإيجار فيلا دورين وملحق في حي الأصداف

المساحة : ٤٣٧ متر 

الدور الأرضي : 
ديوانية خارجية - دورة مياة - مجلس - غرفة طعام رجال - مجلس نساء - مطبخ 

الدور الأول : 
عدد ٥ غرف نوم ( ٣ غرف منها ماستر )

الدور الثاني :
 غرفتين - غرفة غسيل - دورة مياة

للت...",137.3,New
الخبر,حي الصواري,جنوب,400,0,5,5,3,0,1,0,1,0,1,1,0,1,0,1,1,0,0,55000,"دبلكس للأيجار حي الصواري ج ٤٣

مجلس خارجي (ديوانية) مؤثثه

الدور الأرضي :
مجلس رجال
مقلط
صاله كبيره
مجلس حريم
مطبخ
2 دورة مياه

الدور الاول :
اربع غرفه نوم ثنتين ماستر
صاله كبيره
4 دوره مياه 

الملحق :
 غرفه نوم
صاله
غرفه شغاله
غرفه غسيل
دوره مياه

ح...",137.5,New
الخبر,حي الكورنيش,جنوب,300,13,6,5,2,1,1,1,1,0,1,0,0,1,0,1,1,0,0,90000,"فيلا فاخرة في حي كورنيش الخبر. أفضل حي بالخبر.

مكونات الفيلا:
الدور الأرض: صالة بدورة مياه و مجلس بدوره مياه و غرفة طعام و مطبخين و غرفة خادمة بدورة مياه.
الدور الثاني: ٥ غرف نوم و صالة و مطبخ.
الدور الثالث: جناح بدورة مياه و بلكونة.


الايجار السكن...",300.0,Medium
الخبر,حي الامواج,غرب,437,0,7,5,2,0,1,0,1,0,0,1,0,1,0,1,1,0,1,60000,"للأيجار ڤيلا دورين و ملحق في حي الأصداف

المساحة:437 متر 

الدور الأرضي :
ديوانية خارجية - دورة مياة - مجلس - غرفة طعام رجال - مجلس نساء - مطبخ 

الدور الأول :
عدد 5 غرف نوم (3 غرف ماستر)

الدور الثاني:
غرفتين - غرفة غسيل - دورة مياة

للتواصل : 

050...",137.3,New
الخبر,حي العليا,شمال,325,14,4,5,2,1,0,1,1,0,1,0,0,1,0,1,1,0,0,65000,"للإيجار دبلوكس متصل مرتب جداً باركيه ومكيفات راكبة ومطابخ موقع مميز بتوفر المواقف وقربة من الخدمات الحيوية والمحال التجارية ومجمعات المطاعم نظافة المبنى كلياً خارجياً وداخلياً

0562222677
0554308667‬ ‬‬
‏‭ 0598935000",200.0,Medium
الخبر,حي الحزام الاخضر,جنوب,400,4,4,5,2,1,1,1,1,0,1,1,0,0,0,1,1,0,0,140000,"٤غرف نوم منهم غرفتين ماستر 
مجلس وصاله ومطبخ ٥ دوراه مياه 
غرفه شغاله وغرفه سواق 
البيت  مكيف بالكامل مركزي",350.0,Modern
الخبر,حي الصواري,شرق,450,0,5,5,2,1,1,0,1,0,1,0,0,0,0,1,1,0,0,80000,"دبلكس جديد مكيف للايجار
الدور الارضي كراج سيارة مجالس مطبخ صالة 
الدور الثاني اربع غرف نوم غرفتين ماستر 
الدور الثاني  غرفة خادمة وغرفة غسيل 
يوجد ضمانات على السباكة والكهرباء ١٠ سنوات",177.78,New
الخبر,حي الراكة الجنوبية,شمال,200,4,6,5,2,1,1,0,1,0,1,0,1,1,0,1,1,0,0,85000,"فيلا في الراكة الجنوبية على شارع ٤٠ مكونة من صالة ومجلس ومقلط ومطبخ نظام امريكي مع غرفة خادمة وغرفة غسيل وحوش وقراج ومسبح والدور الاول فيه ٤ غرف نوم مع صاله كبيرة للايجارعلى ٨٥ الف ريال 
الموقع قريب من الخدمات


أخي الكريم الباحث عن العقار/ في حالة ع...",425.0,Modern
الخبر,حي التحلية,جنوب,300,0,5,5,3,1,1,0,1,0,0,0,0,1,0,1,0,0,0,75000,"للايجار دوبلكس متصل بناء شخصي بحي التحلية بالخبر 

الدور الارضي مجلس رجال وغرفة طعام وصاله ومجلس نساء ودورتين مياه والمطبخ تفصيل ان شاء الله خلال أيام يكون جاهز 

الدور الاول ٤ غرف نوم ٢ منهم ماستر وغرفتين يخدمهم دورة مياه مع الصاله 

الملحق غرفة ودو...",250.0,New
الخبر,حي البحيرة,غرب,375,0,4,4,2,1,1,0,0,0,1,0,1,1,0,1,1,0,0,80000,"*عرض*
*دبلكس للإيجار*

الموقع / العزيزية حي البحيرة
المساحة / ٣٧٥م٢

*المواصفات*

٤ غرف نوم ٢منهم ماستر
مجلس 
صاله تطل على بركه 
مطبخ راكب الدواليب من مطابخ أبيات
جميع الستائر راكبه من القماش الجيد
المكيفات راكبة
ملحق لشغاله ومخزن كبير وسطح

*سعر الإ...",213.33,New
الخبر,حي الحزام الاخضر,جنوب شرقي,574,30,4,4,1,1,1,1,1,0,0,0,0,1,0,0,1,0,1,180000,"فيلا للايجار او الاستثمار

موقع مميز بالقرب من مستشفى سعد وفندق بودل والموفنبيك وغيرهم . 

الايجار السنوي المطلوب : 180,000 الف 

للاستفسار : 0502505555",313.59,Old
الخبر,حي مدينة العمال,جنوب شرقي,348,30,5,5,3,1,0,0,1,0,0,0,0,1,0,0,1,0,0,65000,"فيلا زواية على شارعين ومرممه بالكامل 
قريبة من نادي القادسية 

مقاسات الغرف والصالات :- 

الدور الارضي
الصالة 5.2 * 6 
مقلط النساء  4.3 * 5.9
المطبخ 4* 4.3
المخزن 3.2 * 2.3 

الدور الاول 
الصالة 6 * 6.5 
غرفة ماستر 1 5.4 * 5.6 غرفة دولاب 2.15 * 4.3
غ...",186.78,Old
الخبر,حي التحلية,شمال شرقي,625,0,7,5,2,0,1,1,1,0,0,0,0,1,0,0,1,0,0,90000,"فلة بحي الثنيانيه- الخبر
حوش و مدخلين و كراج على الزاويه والحوش يتسع لـثلاث سيارات تقريباً

- الدور الاول: 
مجلس و مقلط مع مغاسل و دورة مياه (رجال)

مجلس و صاله و مطبخ كبير و دورة مياه و مغاسل (نساء)

- الدور الثاني:
٤ غرف نوم ٣ منها ماستر
صاله كبيره...",144.0,New
الخبر,حي الكورنيش,جنوب,350,10,5,5,5,1,1,1,1,0,1,0,0,1,0,1,1,0,0,150000,"فيلا فاخرة بكورنيش الخبر. يوجد فيديو واتساب. مكيفات مركزية  و مطابخ و دواليب لوفر راكبة.



الدور الأرضي: مجلس بدورة مياه و صالة معيشة  بدورة مياه و غرفة نوم ضيف بدورة مياه و غرفة خادمة بدورة مياه.

الدور الثاني: ٥ غرف نوم (٣ ماستر و ٢ بدورة مياه مشت...",428.57,Medium
الخبر,حي التحلية,شرق,330,0,4,5,4,1,1,1,1,0,1,1,0,1,0,0,0,0,0,80000,"فلة في الخبر  حي التحلية مقابل البحر الدور الارضي= مجلس+مقلط+صالة+مطبخ+غرفة مختصرة+مطبخ ضيوف+مستودع+غرفة سائق خاص+٣ حمامات اعزكم الله+
الدور الاول= ثلاث اجنحة منها جناح مطل على الشاطئ+غزفتين نوم+صالة+الدور الثاني=غرفتين للخدم +غرفة غسيل+مستودع+حمام ا...",242.42,New
الخبر,حي اللؤلؤ,غرب,437,0,7,5,2,1,1,0,1,0,0,1,0,1,0,1,1,0,1,60000,"للإيجار فيلا دورين وملحق في حي الأصداف

المساحة : ٤٣٧ متر 

الدور الأرضي : 
ديوانية خارجية - دورة مياة - مجلس - غرفة طعام رجال - مجلس نساء - مطبخ 

الدور الأول : 
عدد ٥ غرف نوم ( ٣ غرف منها ماستر )

الدور الثاني :
 غرفتين - غرفة غسيل - دورة مياة

للت...",137.3,New
الخبر,حي الصواري,جنوب,400,0,5,5,3,0,1,0,1,0,1,1,0,1,0,1,1,0,0,55000,"دبلكس للأيجار حي الصواري ج ٤٣

مجلس خارجي (ديوانية) مؤثثه

الدور الأرضي :
مجلس رجال
مقلط
صاله كبيره
مجلس حريم
مطبخ
2 دورة مياه

الدور الاول :
اربع غرفه نوم ثنتين ماستر
صاله كبيره
4 دوره مياه 

الملحق :
 غرفه نوم
صاله
غرفه شغاله
غرفه غسيل
دوره مياه

ح...",137.5,New
الخبر,حي الكورنيش,جنوب,300,13,6,5,2,1,1,1,1,0,1,0,0,1,0,1,1,0,0,90000,"فيلا فاخرة في حي كورنيش الخبر. أفضل حي بالخبر.

مكونات الفيلا:
الدور الأرض: صالة بدورة مياه و مجلس بدوره مياه و غرفة طعام و مطبخين و غرفة خادمة بدورة مياه.
الدور الثاني: ٥ غرف نوم و صالة و مطبخ.
الدور الثالث: جناح بدورة مياه و بلكونة.


الايجار السكن...",300.0,Medium
الخبر,حي الامواج,غرب,437,0,7,5,2,0,1,0,1,0,0,1,0,1,0,1,1,0,1,60000,"للأيجار ڤيلا دورين و ملحق في حي الأصداف

المساحة:437 متر 

الدور الأرضي :
ديوانية خارجية - دورة مياة - مجلس - غرفة طعام رجال - مجلس نساء - مطبخ 

الدور الأول :
عدد 5 غرف نوم (3 غرف ماستر)

الدور الثاني:
غرفتين - غرفة غسيل - دورة مياة

للتواصل : 

050...",137.3,New
الخبر,حي العليا,شمال,325,14,4,5,2,1,0,1,1,0,1,0,0,1,0,1,1,0,0,65000,"للإيجار دبلوكس متصل مرتب جداً باركيه ومكيفات راكبة ومطابخ موقع مميز بتوفر المواقف وقربة من الخدمات الحيوية والمحال التجارية ومجمعات المطاعم نظافة المبنى كلياً خارجياً وداخلياً

0562222677
0554308667‬ ‬‬
‏‭ 0598935000",200.0,Medium
الخبر,حي الحزام الاخضر,جنوب,400,4,4,5,2,1,1,1,1,0,1,1,0,0,0,1,1,0,0,140000,"٤غرف نوم منهم غرفتين ماستر 
مجلس وصاله ومطبخ ٥ دوراه مياه 
غرفه شغاله وغرفه سواق 
البيت  مكيف بالكامل مركزي",350.0,Modern
الخبر,حي الصواري,شرق,450,0,5,5,2,1,1,0,1,0,1,0,0,0,0,1,1,0,0,80000,"دبلكس جديد مكيف للايجار
الدور الارضي كراج سيارة مجالس مطبخ صالة 
الدور الثاني اربع غرف نوم غرفتين ماستر 
الدور الثاني  غرفة خادمة وغرفة غسيل 
يوجد ضمانات على السباكة والكهرباء ١٠ سنوات",177.78,New
الخبر,حي الراكة الجنوبية,شمال,200,4,6,5,2,1,1,0,1,0,1,0,1,1,0,1,1,0,0,85000,"فيلا في الراكة الجنوبية على شارع ٤٠ مكونة من صالة ومجلس ومقلط ومطبخ نظام امريكي مع غرفة خادمة وغرفة غسيل وحوش وقراج ومسبح والدور الاول فيه ٤ غرف نوم مع صاله كبيرة للايجارعلى ٨٥ الف ريال 
الموقع قريب من الخدمات


أخي الكريم الباحث عن العقار/ في حالة ع...",425.0,Modern
الخبر,حي التحلية,جنوب,300,0,5,5,3,1,1,0,1,0,0,0,0,1,0,1,0,0,0,75000,"للايجار دوبلكس متصل بناء شخصي بحي التحلية بالخبر 

الدور الارضي مجلس رجال وغرفة طعام وصاله ومجلس نساء ودورتين مياه والمطبخ تفصيل ان شاء الله خلال أيام يكون جاهز 

الدور الاول ٤ غرف نوم ٢ منهم ماستر وغرفتين يخدمهم دورة مياه مع الصاله 

الملحق غرفة ودو...",250.0,New
الخبر,حي البحيرة,غرب,375,0,4,4,2,1,1,0,0,0,1,0,1,1,0,1,1,0,0,80000,"*عرض*
*دبلكس للإيجار*

الموقع / العزيزية حي البحيرة
المساحة / ٣٧٥م٢

*المواصفات*

٤ غرف نوم ٢منهم ماستر
مجلس 
صاله تطل على بركه 
مطبخ راكب الدواليب من مطابخ أبيات
جميع الستائر راكبه من القماش الجيد
المكيفات راكبة
ملحق لشغاله ومخزن كبير وسطح

*سعر الإ...",213.33,New
الخبر,حي الحزام الاخضر,جنوب شرقي,574,30,4,4,1,1,1,1,1,0,0,0,0,1,0,0,1,0,1,180000,"فيلا للايجار او الاستثمار

موقع مميز بالقرب من مستشفى سعد وفندق بودل والموفنبيك وغيرهم . 

الايجار السنوي المطلوب : 180,000 الف 

للاستفسار : 0502505555",313.59,Old
الخبر,حي مدينة العمال,جنوب شرقي,348,30,5,5,3,1,0,0,1,0,0,0,0,1,0,0,1,0,0,65000,"فيلا زواية على شارعين ومرممه بالكامل 
قريبة من نادي القادسية 

مقاسات الغرف والصالات :- 

الدور الارضي
الصالة 5.2 * 6 
مقلط النساء  4.3 * 5.9
المطبخ 4* 4.3
المخزن 3.2 * 2.3 

الدور الاول 
الصالة 6 * 6.5 
غرفة ماستر 1 5.4 * 5.6 غرفة دولاب 2.15 * 4.3
غ...",186.78,Old
الخبر,حي التحلية,شمال شرقي,625,0,7,5,2,0,1,1,1,0,0,0,0,1,0,0,1,0,0,90000,"فلة بحي الثنيانيه- الخبر
حوش و مدخلين و كراج على الزاويه والحوش يتسع لـثلاث سيارات تقريباً

- الدور الاول: 
مجلس و مقلط مع مغاسل و دورة مياه (رجال)

مجلس و صاله و مطبخ كبير و دورة مياه و مغاسل (نساء)

- الدور الثاني:
٤ غرف نوم ٣ منها ماستر
صاله كبيره...",144.0,New
الخبر,حي الكورنيش,جنوب,350,10,5,5,5,1,1,1,1,0,1,0,0,1,0,1,1,0,0,150000,"فيلا فاخرة بكورنيش الخبر. يوجد فيديو واتساب. مكيفات مركزية  و مطابخ و دواليب لوفر راكبة.



الدور الأرضي: مجلس بدورة مياه و صالة معيشة  بدورة مياه و غرفة نوم ضيف بدورة مياه و غرفة خادمة بدورة مياه.

الدور الثاني: ٥ غرف نوم (٣ ماستر و ٢ بدورة مياه مشت...",428.57,Medium
الخبر,حي التحلية,شرق,330,0,4,5,4,1,1,1,1,0,1,1,0,1,0,0,0,0,0,80000,"فلة في الخبر  حي التحلية مقابل البحر الدور الارضي= مجلس+مقلط+صالة+مطبخ+غرفة مختصرة+مطبخ ضيوف+مستودع+غرفة سائق خاص+٣ حمامات اعزكم الله+
الدور الاول= ثلاث اجنحة منها جناح مطل على الشاطئ+غزفتين نوم+صالة+الدور الثاني=غرفتين للخدم +غرفة غسيل+مستودع+حمام ا...",242.42,New
الخبر,حي اللؤلؤ,غرب,437,0,7,5,2,1,1,0,1,0,0,1,0,1,0,1,1,0,1,60000,"للإيجار فيلا دورين وملحق في حي الأصداف

المساحة : ٤٣٧ متر 

الدور الأرضي : 
ديوانية خارجية - دورة مياة - مجلس - غرفة طعام رجال - مجلس نساء - مطبخ 

الدور الأول : 
عدد ٥ غرف نوم ( ٣ غرف منها ماستر )

الدور الثاني :
 غرفتين - غرفة غسيل - دورة مياة

للت...",137.3,New
الخبر,حي الصواري,جنوب,400,0,5,5,3,0,1,0,1,0,1,1,0,1,0,1,1,0,0,55000,"دبلكس للأيجار حي الصواري ج ٤٣

مجلس خارجي (ديوانية) مؤثثه

الدور الأرضي :
مجلس رجال
مقلط
صاله كبيره
مجلس حريم
مطبخ
2 دورة مياه

الدور الاول :
اربع غرفه نوم ثنتين ماستر
صاله كبيره
4 دوره مياه 

الملحق :
 غرفه نوم
صاله
غرفه شغاله
غرفه غسيل
دوره مياه

ح...",137.5,New
الخبر,حي الكورنيش,جنوب,300,13,6,5,2,1,1,1,1,0,1,0,0,1,0,1,1,0,0,90000,"فيلا فاخرة في حي كورنيش الخبر. أفضل حي بالخبر.

مكونات الفيلا:
الدور الأرض: صالة بدورة مياه و مجلس بدوره مياه و غرفة طعام و مطبخين و غرفة خادمة بدورة مياه.
الدور الثاني: ٥ غرف نوم و صالة و مطبخ.
الدور الثالث: جناح بدورة مياه و بلكونة.


الايجار السكن...",300.0,Medium
الخبر,حي الامواج,غرب,437,0,7,5,2,0,1,0,1,0,0,1,0,1,0,1,1,0,1,60000,"للأيجار ڤيلا دورين و ملحق في حي الأصداف

المساحة:437 متر 

الدور الأرضي :
ديوانية خارجية - دورة مياة - مجلس - غرفة طعام رجال - مجلس نساء - مطبخ 

الدور الأول :
عدد 5 غرف نوم (3 غرف ماستر)

الدور الثاني:
غرفتين - غرفة غسيل - دورة مياة

للتواصل : 

050...",137.3,New
الخبر,حي العليا,شمال,325,14,4,5,2,1,0,1,1,0,1,0,0,1,0,1,1,0,0,65000,"للإيجار دبلوكس متصل مرتب جداً باركيه ومكيفات راكبة ومطابخ موقع مميز بتوفر المواقف وقربة من الخدمات الحيوية والمحال التجارية ومجمعات المطاعم نظافة المبنى كلياً خارجياً وداخلياً

0562222677
0554308667‬ ‬‬
‏‭ 0598935000",200.0,Medium
الخبر,حي الحزام الاخضر,جنوب,400,4,4,5,2,1,1,1,1,0,1,1,0,0,0,1,1,0,0,140000,"٤غرف نوم منهم غرفتين ماستر 
مجلس وصاله ومطبخ ٥ دوراه مياه 
غرفه شغاله وغرفه سواق 
البيت  مكيف بالكامل مركزي",350.0,Modern
الخبر,حي الصواري,شرق,450,0,5,5,2,1,1,0,1,0,1,0,0,0,0,1,1,0,0,80000,"دبلكس جديد مكيف للايجار
الدور الارضي كراج سيارة مجالس مطبخ صالة 
الدور الثاني اربع غرف نوم غرفتين ماستر 
الدور الثاني  غرفة خادمة وغرفة غسيل 
يوجد ضمانات على السباكة والكهرباء ١٠ سنوات",177.78,New
الخبر,حي الراكة الجنوبية,شمال,200,4,6,5,2,1,1,0,1,0,1,0,1,1,0,1,1,0,0,85000,"فيلا في الراكة الجنوبية على شارع ٤٠ مكونة من صالة ومجلس ومقلط ومطبخ نظام امريكي مع غرفة خادمة وغرفة غسيل وحوش وقراج ومسبح والدور الاول فيه ٤ غرف نوم مع صاله كبيرة للايجارعلى ٨٥ الف ريال 
الموقع قريب من الخدمات


أخي الكريم الباحث عن العقار/ في حالة ع...",425.0,Modern
الخبر,حي التحلية,جنوب,300,0,5,5,3,1,1,0,1,0,0,0,0,1,0,1,0,0,0,75000,"للايجار دوبلكس متصل بناء شخصي بحي التحلية بالخبر 

الدور الارضي مجلس رجال وغرفة طعام وصاله ومجلس نساء ودورتين مياه والمطبخ تفصيل ان شاء الله خلال أيام يكون جاهز 

الدور الاول ٤ غرف نوم ٢ منهم ماستر وغرفتين يخدمهم دورة مياه مع الصاله 

الملحق غرفة ودو...",250.0,New
الخبر,حي البحيرة,غرب,375,0,4,4,2,1,1,0,0,0,1,0,1,1,0,1,1,0,0,80000,"*عرض*
*دبلكس للإيجار*

الموقع / العزيزية حي البحيرة
المساحة / ٣٧٥م٢

*المواصفات*

٤ غرف نوم ٢منهم ماستر
مجلس 
صاله تطل على بركه 
مطبخ راكب الدواليب من مطابخ أبيات
جميع الستائر راكبه من القماش الجيد
المكيفات راكبة
ملحق لشغاله ومخزن كبير وسطح

*سعر الإ...",213.33,New
الخبر,حي الحزام الاخضر,جنوب شرقي,574,30,4,4,1,1,1,1,1,0,0,0,0,1,0,0,1,0,1,180000,"فيلا للايجار او الاستثمار

موقع مميز بالقرب من مستشفى سعد وفندق بودل والموفنبيك وغيرهم . 

الايجار السنوي المطلوب : 180,000 الف 

للاستفسار : 0502505555",313.59,Old
الخبر,حي مدينة العمال,جنوب شرقي,348,30,5,5,3,1,0,0,1,0,0,0,0,1,0,0,1,0,0,65000,"فيلا زواية على شارعين ومرممه بالكامل 
قريبة من نادي القادسية 

مقاسات الغرف والصالات :- 

الدور الارضي
الصالة 5.2 * 6 
مقلط النساء  4.3 * 5.9
المطبخ 4* 4.3
المخزن 3.2 * 2.3 

الدور الاول 
الصالة 6 * 6.5 
غرفة ماستر 1 5.4 * 5.6 غرفة دولاب 2.15 * 4.3
غ...",186.78,Old
الخبر,حي التحلية,شمال شرقي,625,0,7,5,2,0,1,1,1,0,0,0,0,1,0,0,1,0,0,90000,"فلة بحي الثنيانيه- الخبر
حوش و مدخلين و كراج على الزاويه والحوش يتسع لـثلاث سيارات تقريباً

- الدور الاول: 
مجلس و مقلط مع مغاسل و دورة مياه (رجال)

مجلس و صاله و مطبخ كبير و دورة مياه و مغاسل (نساء)

- الدور الثاني:
٤ غرف نوم ٣ منها ماستر
صاله كبيره...",144.0,New
الخبر,حي الكورنيش,جنوب,350,10,5,5,5,1,1,1,1,0,1,0,0,1,0,1,1,0,0,150000,"فيلا فاخرة بكورنيش الخبر. يوجد فيديو واتساب. مكيفات مركزية  و مطابخ و دواليب لوفر راكبة.



الدور الأرضي: مجلس بدورة مياه و صالة معيشة  بدورة مياه و غرفة نوم ضيف بدورة مياه و غرفة خادمة بدورة مياه.

الدور الثاني: ٥ غرف نوم (٣ ماستر و ٢ بدورة مياه مشت...",428.57,Medium
الخبر,حي التحلية,شرق,330,0,4,5,4,1,1,1,1,0,1,1,0,1,0,0,0,0,0,80000,"فلة في الخبر  حي التحلية مقابل البحر الدور الارضي= مجلس+مقلط+صالة+مطبخ+غرفة مختصرة+مطبخ ضيوف+مستودع+غرفة سائق خاص+٣ حمامات اعزكم الله+
الدور الاول= ثلاث اجنحة منها جناح مطل على الشاطئ+غزفتين نوم+صالة+الدور الثاني=غرفتين للخدم +غرفة غسيل+مستودع+حمام ا...",242.42,New
الخبر,حي اللؤلؤ,غرب,437,0,7,5,2,1,1,0,1,0,0,1,0,1,0,1,1,0,1,60000,"للإيجار فيلا دورين وملحق في حي الأصداف

المساحة : ٤٣٧ متر 

الدور الأرضي : 
ديوانية خارجية - دورة مياة - مجلس - غرفة طعام رجال - مجلس نساء - مطبخ 

الدور الأول : 
عدد ٥ غرف نوم ( ٣ غرف منها ماستر )

الدور الثاني :
 غرفتين - غرفة غسيل - دورة مياة

للت...",137.3,New
الخبر,حي الصواري,جنوب,400,0,5,5,3,0,1,0,1,0,1,1,0,1,0,1,1,0,0,55000,"دبلكس للأيجار حي الصواري ج ٤٣

مجلس خارجي (ديوانية) مؤثثه

الدور الأرضي :
مجلس رجال
مقلط
صاله كبيره
مجلس حريم
مطبخ
2 دورة مياه

الدور الاول :
اربع غرفه نوم ثنتين ماستر
صاله كبيره
4 دوره مياه 

الملحق :
 غرفه نوم
صاله
غرفه شغاله
غرفه غسيل
دوره مياه

ح...",137.5,New
الخبر,حي الكورنيش,جنوب,300,13,6,5,2,1,1,1,1,0,1,0,0,1,0,1,1,0,0,90000,"فيلا فاخرة في حي كورنيش الخبر. أفضل حي بالخبر.

مكونات الفيلا:
الدور الأرض: صالة بدورة مياه و مجلس بدوره مياه و غرفة طعام و مطبخين و غرفة خادمة بدورة مياه.
الدور الثاني: ٥ غرف نوم و صالة و مطبخ.
الدور الثالث: جناح بدورة مياه و بلكونة.


الايجار السكن...",300.0,Medium
الخبر,حي الامواج,غرب,437,0,7,5,2,0,1,0,1,0,0,1,0,1,0,1,1,0,1,60000,"للأيجار ڤيلا دورين و ملحق في حي الأصداف

المساحة:437 متر 

الدور الأرضي :
ديوانية خارجية - دورة مياة - مجلس - غرفة طعام رجال - مجلس نساء - مطبخ 

الدور الأول :
عدد 5 غرف نوم (3 غرف ماستر)

الدور الثاني:
غرفتين - غرفة غسيل - دورة مياة

للتواصل : 

050...",137.3,New
الخبر,حي العليا,شمال,325,14,4,5,2,1,0,1,1,0,1,0,0,1,0,1,1,0,0,65000,"للإيجار دبلوكس متصل مرتب جداً باركيه ومكيفات راكبة ومطابخ موقع مميز بتوفر المواقف وقربة من الخدمات الحيوية والمحال التجارية ومجمعات المطاعم نظافة المبنى كلياً خارجياً وداخلياً

0562222677
0554308667‬ ‬‬
‏‭ 0598935000",200.0,Medium
الخبر,حي الحزام الاخضر,جنوب,400,4,4,5,2,1,1,1,1,0,1,1,0,0,0,1,1,0,0,140000,"٤غرف نوم منهم غرفتين ماستر 
مجلس وصاله ومطبخ ٥ دوراه مياه 
غرفه شغاله وغرفه سواق 
البيت  مكيف بالكامل مركزي",350.0,Modern
الخبر,حي الصواري,شرق,450,0,5,5,2,1,1,0,1,0,1,0,0,0,0,1,1,0,0,80000,"دبلكس جديد مكيف للايجار
الدور الارضي كراج سيارة مجالس مطبخ صالة 
الدور الثاني اربع غرف نوم غرفتين ماستر 
الدور الثاني  غرفة خادمة وغرفة غسيل 
يوجد ضمانات على السباكة والكهرباء ١٠ سنوات",177.78,New
الخبر,حي الراكة الجنوبية,شمال,200,4,6,5,2,1,1,0,1,0,1,0,1,1,0,1,1,0,0,85000,"فيلا في الراكة الجنوبية على شارع ٤٠ مكونة من صالة ومجلس ومقلط ومطبخ نظام امريكي مع غرفة خادمة وغرفة غسيل وحوش وقراج ومسبح والدور الاول فيه ٤ غرف نوم مع صاله كبيرة للايجارعلى ٨٥ الف ريال 
الموقع قريب من الخدمات


أخي الكريم الباحث عن العقار/ في حالة ع...",425.0,Modern
الخبر,حي التحلية,جنوب,300,0,5,5,3,1,1,0,1,0,0,0,0,1,0,1,0,0,0,75000,"للايجار دوبلكس متصل بناء شخصي بحي التحلية بالخبر 

الدور الارضي مجلس رجال وغرفة طعام وصاله ومجلس نساء ودورتين مياه والمطبخ تفصيل ان شاء الله خلال أيام يكون جاهز 

الدور الاول ٤ غرف نوم ٢ منهم ماستر وغرفتين يخدمهم دورة مياه مع الصاله 

الملحق غرفة ودو...",250.0,New
الخبر,حي البحيرة,غرب,375,0,4,4,2,1,1,0,0,0,1,0,1,1,0,1,1,0,0,80000,"*عرض*
*دبلكس للإيجار*

الموقع / العزيزية حي البحيرة
المساحة / ٣٧٥م٢

*المواصفات*

٤ غرف نوم ٢منهم ماستر
مجلس 
صاله تطل على بركه 
مطبخ راكب الدواليب من مطابخ أبيات
جميع الستائر راكبه من القماش الجيد
المكيفات راكبة
ملحق لشغاله ومخزن كبير وسطح

*سعر الإ...",213.33,New
الخبر,حي الحزام الاخضر,جنوب شرقي,574,30,4,4,1,1,1,1,1,0,0,0,0,1,0,0,1,0,1,180000,"فيلا للايجار او الاستثمار

موقع مميز بالقرب من مستشفى سعد وفندق بودل والموفنبيك وغيرهم . 

الايجار السنوي المطلوب : 180,000 الف 

للاستفسار : 0502505555",313.59,Old
الخبر,حي مدينة العمال,جنوب شرقي,348,30,5,5,3,1,0,0,1,0,0,0,0,1,0,0,1,0,0,65000,"فيلا زواية على شارعين ومرممه بالكامل 
قريبة من نادي القادسية 

مقاسات الغرف والصالات :- 

الدور الارضي
الصالة 5.2 * 6 
مقلط النساء  4.3 * 5.9
المطبخ 4* 4.3
المخزن 3.2 * 2.3 

الدور الاول 
الصالة 6 * 6.5 
غرفة ماستر 1 5.4 * 5.6 غرفة دولاب 2.15 * 4.3
غ...",186.78,Old
الخبر,حي التحلية,شمال شرقي,625,0,7,5,2,0,1,1,1,0,0,0,0,1,0,0,1,0,0,90000,"فلة بحي الثنيانيه- الخبر
حوش و مدخلين و كراج على الزاويه والحوش يتسع لـثلاث سيارات تقريباً

- الدور الاول: 
مجلس و مقلط مع مغاسل و دورة مياه (رجال)

مجلس و صاله و مطبخ كبير و دورة مياه و مغاسل (نساء)

- الدور الثاني:
٤ غرف نوم ٣ منها ماستر
صاله كبيره...",144.0,New
الخبر,حي الكورنيش,جنوب,350,10,5,5,5,1,1,1,1,0,1,0,0,1,0,1,1,0,0,150000,"فيلا فاخرة بكورنيش الخبر. يوجد فيديو واتساب. مكيفات مركزية  و مطابخ و دواليب لوفر راكبة.



الدور الأرضي: مجلس بدورة مياه و صالة معيشة  بدورة مياه و غرفة نوم ضيف بدورة مياه و غرفة خادمة بدورة مياه.

الدور الثاني: ٥ غرف نوم (٣ ماستر و ٢ بدورة مياه مشت...",428.57,Medium
الخبر,حي التحلية,شرق,330,0,4,5,4,1,1,1,1,0,1,1,0,1,0,0,0,0,0,80000,"فلة في الخبر  حي التحلية مقابل البحر الدور الارضي= مجلس+مقلط+صالة+مطبخ+غرفة مختصرة+مطبخ ضيوف+مستودع+غرفة سائق خاص+٣ حمامات اعزكم الله+
الدور الاول= ثلاث اجنحة منها جناح مطل على الشاطئ+غزفتين نوم+صالة+الدور الثاني=غرفتين للخدم +غرفة غسيل+مستودع+حمام ا...",242.42,New
الخبر,حي اللؤلؤ,غرب,437,0,7,5,2,1,1,0,1,0,0,1,0,1,0,1,1,0,1,60000,"للإيجار فيلا دورين وملحق في حي الأصداف

المساحة : ٤٣٧ متر 

الدور الأرضي : 
ديوانية خارجية - دورة مياة - مجلس - غرفة طعام رجال - مجلس نساء - مطبخ 

الدور الأول : 
عدد ٥ غرف نوم ( ٣ غرف منها ماستر )

الدور الثاني :
 غرفتين - غرفة غسيل - دورة مياة

للت...",137.3,New
الخبر,حي الصواري,جنوب,400,0,5,5,3,0,1,0,1,0,1,1,0,1,0,1,1,0,0,55000,"دبلكس للأيجار حي الصواري ج ٤٣

مجلس خارجي (ديوانية) مؤثثه

الدور الأرضي :
مجلس رجال
مقلط
صاله كبيره
مجلس حريم
مطبخ
2 دورة مياه

الدور الاول :
اربع غرفه نوم ثنتين ماستر
صاله كبيره
4 دوره مياه 

الملحق :
 غرفه نوم
صاله
غرفه شغاله
غرفه غسيل
دوره مياه

ح...",137.5,New
الخبر,حي الكورنيش,جنوب,300,13,6,5,2,1,1,1,1,0,1,0,0,1,0,1,1,0,0,90000,"فيلا فاخرة في حي كورنيش الخبر. أفضل حي بالخبر.

مكونات الفيلا:
الدور الأرض: صالة بدورة مياه و مجلس بدوره مياه و غرفة طعام و مطبخين و غرفة خادمة بدورة مياه.
الدور الثاني: ٥ غرف نوم و صالة و مطبخ.
الدور الثالث: جناح بدورة مياه و بلكونة.


الايجار السكن...",300.0,Medium
الخبر,حي الامواج,غرب,437,0,7,5,2,0,1,0,1,0,0,1,0,1,0,1,1,0,1,60000,"للأيجار ڤيلا دورين و ملحق في حي الأصداف

المساحة:437 متر 

الدور الأرضي :
ديوانية خارجية - دورة مياة - مجلس - غرفة طعام رجال - مجلس نساء - مطبخ 

الدور الأول :
عدد 5 غرف نوم (3 غرف ماستر)

الدور الثاني:
غرفتين - غرفة غسيل - دورة مياة

للتواصل : 

050...",137.3,New
الخبر,حي العليا,شمال,325,14,4,5,2,1,0,1,1,0,1,0,0,1,0,1,1,0,0,65000,"للإيجار دبلوكس متصل مرتب جداً باركيه ومكيفات راكبة ومطابخ موقع مميز بتوفر المواقف وقربة من الخدمات الحيوية والمحال التجارية ومجمعات المطاعم نظافة المبنى كلياً خارجياً وداخلياً

0562222677
0554308667‬ ‬‬
‏‭ 0598935000",200.0,Medium
الخبر,حي الحزام الاخضر,جنوب,400,4,4,5,2,1,1,1,1,0,1,1,0,0,0,1,1,0,0,140000,"٤غرف نوم منهم غرفتين ماستر 
مجلس وصاله ومطبخ ٥ دوراه مياه 
غرفه شغاله وغرفه سواق 
البيت  مكيف بالكامل مركزي",350.0,Modern
الخبر,حي الصواري,شرق,450,0,5,5,2,1,1,0,1,0,1,0,0,0,0,1,1,0,0,80000,"دبلكس جديد مكيف للايجار
الدور الارضي كراج سيارة مجالس مطبخ صالة 
الدور الثاني اربع غرف نوم غرفتين ماستر 
الدور الثاني  غرفة خادمة وغرفة غسيل 
يوجد ضمانات على السباكة والكهرباء ١٠ سنوات",177.78,New
الخبر,حي الراكة الجنوبية,شمال,200,4,6,5,2,1,1,0,1,0,1,0,1,1,0,1,1,0,0,85000,"فيلا في الراكة الجنوبية على شارع ٤٠ مكونة من صالة ومجلس ومقلط ومطبخ نظام امريكي مع غرفة خادمة وغرفة غسيل وحوش وقراج ومسبح والدور الاول فيه ٤ غرف نوم مع صاله كبيرة للايجارعلى ٨٥ الف ريال 
الموقع قريب من الخدمات


أخي الكريم الباحث عن العقار/ في حالة ع...",425.0,Modern
الخبر,حي التحلية,جنوب,300,0,5,5,3,1,1,0,1,0,0,0,0,1,0,1,0,0,0,75000,"للايجار دوبلكس متصل بناء شخصي بحي التحلية بالخبر 

الدور الارضي مجلس رجال وغرفة طعام وصاله ومجلس نساء ودورتين مياه والمطبخ تفصيل ان شاء الله خلال أيام يكون جاهز 

الدور الاول ٤ غرف نوم ٢ منهم ماستر وغرفتين يخدمهم دورة مياه مع الصاله 

الملحق غرفة ودو...",250.0,New
الخبر,حي البحيرة,غرب,375,0,4,4,2,1,1,0,0,0,1,0,1,1,0,1,1,0,0,80000,"*عرض*
*دبلكس للإيجار*

الموقع / العزيزية حي البحيرة
المساحة / ٣٧٥م٢

*المواصفات*

٤ غرف نوم ٢منهم ماستر
مجلس 
صاله تطل على بركه 
مطبخ راكب الدواليب من مطابخ أبيات
جميع الستائر راكبه من القماش الجيد
المكيفات راكبة
ملحق لشغاله ومخزن كبير وسطح

*سعر الإ...",213.33,New
الخبر,حي الحزام الاخضر,جنوب شرقي,574,30,4,4,1,1,1,1,1,0,0,0,0,1,0,0,1,0,1,180000,"فيلا للايجار او الاستثمار

موقع مميز بالقرب من مستشفى سعد وفندق بودل والموفنبيك وغيرهم . 

الايجار السنوي المطلوب : 180,000 الف 

للاستفسار : 0502505555",313.59,Old
الخبر,حي مدينة العمال,جنوب شرقي,348,30,5,5,3,1,0,0,1,0,0,0,0,1,0,0,1,0,0,65000,"فيلا زواية على شارعين ومرممه بالكامل 
قريبة من نادي القادسية 

مقاسات الغرف والصالات :- 

الدور الارضي
الصالة 5.2 * 6 
مقلط النساء  4.3 * 5.9
المطبخ 4* 4.3
المخزن 3.2 * 2.3 

الدور الاول 
الصالة 6 * 6.5 
غرفة ماستر 1 5.4 * 5.6 غرفة دولاب 2.15 * 4.3
غ...",186.78,Old
الخبر,حي التحلية,شمال شرقي,625,0,7,5,2,0,1,1,1,0,0,0,0,1,0,0,1,0,0,90000,"فلة بحي الثنيانيه- الخبر
حوش و مدخلين و كراج على الزاويه والحوش يتسع لـثلاث سيارات تقريباً

- الدور الاول: 
مجلس و مقلط مع مغاسل و دورة مياه (رجال)

مجلس و صاله و مطبخ كبير و دورة مياه و مغاسل (نساء)

- الدور الثاني:
٤ غرف نوم ٣ منها ماستر
صاله كبيره...",144.0,New
الخبر,حي الكورنيش,جنوب,350,10,5,5,5,1,1,1,1,0,1,0,0,1,0,1,1,0,0,150000,"فيلا فاخرة بكورنيش الخبر. يوجد فيديو واتساب. مكيفات مركزية  و مطابخ و دواليب لوفر راكبة.



الدور الأرضي: مجلس بدورة مياه و صالة معيشة  بدورة مياه و غرفة نوم ضيف بدورة مياه و غرفة خادمة بدورة مياه.

الدور الثاني: ٥ غرف نوم (٣ ماستر و ٢ بدورة مياه مشت...",428.57,Medium
الخبر,حي التحلية,شرق,330,0,4,5,4,1,1,1,1,0,1,1,0,1,0,0,0,0,0,80000,"فلة في الخبر  حي التحلية مقابل البحر الدور الارضي= مجلس+مقلط+صالة+مطبخ+غرفة مختصرة+مطبخ ضيوف+مستودع+غرفة سائق خاص+٣ حمامات اعزكم الله+
الدور الاول= ثلاث اجنحة منها جناح مطل على الشاطئ+غزفتين نوم+صالة+الدور الثاني=غرفتين للخدم +غرفة غسيل+مستودع+حمام ا...",242.42,New
الخبر,حي اللؤلؤ,غرب,437,0,7,5,2,1,1,0,1,0,0,1,0,1,0,1,1,0,1,60000,"للإيجار فيلا دورين وملحق في حي الأصداف

المساحة : ٤٣٧ متر 

الدور الأرضي : 
ديوانية خارجية - دورة مياة - مجلس - غرفة طعام رجال - مجلس نساء - مطبخ 

الدور الأول : 
عدد ٥ غرف نوم ( ٣ غرف منها ماستر )

الدور الثاني :
 غرفتين - غرفة غسيل - دورة مياة

للت...",137.3,New
الخبر,حي الصواري,جنوب,400,0,5,5,3,0,1,0,1,0,1,1,0,1,0,1,1,0,0,55000,"دبلكس للأيجار حي الصواري ج ٤٣

مجلس خارجي (ديوانية) مؤثثه

الدور الأرضي :
مجلس رجال
مقلط
صاله كبيره
مجلس حريم
مطبخ
2 دورة مياه

الدور الاول :
اربع غرفه نوم ثنتين ماستر
صاله كبيره
4 دوره مياه 

الملحق :
 غرفه نوم
صاله
غرفه شغاله
غرفه غسيل
دوره مياه

ح...",137.5,New
الخبر,حي الكورنيش,جنوب,300,13,6,5,2,1,1,1,1,0,1,0,0,1,0,1,1,0,0,90000,"فيلا فاخرة في حي كورنيش الخبر. أفضل حي بالخبر.

مكونات الفيلا:
الدور الأرض: صالة بدورة مياه و مجلس بدوره مياه و غرفة طعام و مطبخين و غرفة خادمة بدورة مياه.
الدور الثاني: ٥ غرف نوم و صالة و مطبخ.
الدور الثالث: جناح بدورة مياه و بلكونة.


الايجار السكن...",300.0,Medium
الخبر,حي الامواج,غرب,437,0,7,5,2,0,1,0,1,0,0,1,0,1,0,1,1,0,1,60000,"للأيجار ڤيلا دورين و ملحق في حي الأصداف

المساحة:437 متر 

الدور الأرضي :
ديوانية خارجية - دورة مياة - مجلس - غرفة طعام رجال - مجلس نساء - مطبخ 

الدور الأول :
عدد 5 غرف نوم (3 غرف ماستر)

الدور الثاني:
غرفتين - غرفة غسيل - دورة مياة

للتواصل : 

050...",137.3,New
الخبر,حي العليا,شمال,325,14,4,5,2,1,0,1,1,0,1,0,0,1,0,1,1,0,0,65000,"للإيجار دبلوكس متصل مرتب جداً باركيه ومكيفات راكبة ومطابخ موقع مميز بتوفر المواقف وقربة من الخدمات الحيوية والمحال التجارية ومجمعات المطاعم نظافة المبنى كلياً خارجياً وداخلياً

0562222677
0554308667‬ ‬‬
‏‭ 0598935000",200.0,Medium
الخبر,حي الحزام الاخضر,جنوب,400,4,4,5,2,1,1,1,1,0,1,1,0,0,0,1,1,0,0,140000,"٤غرف نوم منهم غرفتين ماستر 
مجلس وصاله ومطبخ ٥ دوراه مياه 
غرفه شغاله وغرفه سواق 
البيت  مكيف بالكامل مركزي",350.0,Modern
الخبر,حي الصواري,شرق,450,0,5,5,2,1,1,0,1,0,1,0,0,0,0,1,1,0,0,80000,"دبلكس جديد مكيف للايجار
الدور الارضي كراج سيارة مجالس مطبخ صالة 
الدور الثاني اربع غرف نوم غرفتين ماستر 
الدور الثاني  غرفة خادمة وغرفة غسيل 
يوجد ضمانات على السباكة والكهرباء ١٠ سنوات",177.78,New
الخبر,حي الراكة الجنوبية,شمال,200,4,6,5,2,1,1,0,1,0,1,0,1,1,0,1,1,0,0,85000,"فيلا في الراكة الجنوبية على شارع ٤٠ مكونة من صالة ومجلس ومقلط ومطبخ نظام امريكي مع غرفة خادمة وغرفة غسيل وحوش وقراج ومسبح والدور الاول فيه ٤ غرف نوم مع صاله كبيرة للايجارعلى ٨٥ الف ريال 
الموقع قريب من الخدمات


أخي الكريم الباحث عن العقار/ في حالة ع...",425.0,Modern
الخبر,حي التحلية,جنوب,300,0,5,5,3,1,1,0,1,0,0,0,0,1,0,1,0,0,0,75000,"للايجار دوبلكس متصل بناء شخصي بحي التحلية بالخبر 

الدور الارضي مجلس رجال وغرفة طعام وصاله ومجلس نساء ودورتين مياه والمطبخ تفصيل ان شاء الله خلال أيام يكون جاهز 

الدور الاول ٤ غرف نوم ٢ منهم ماستر وغرفتين يخدمهم دورة مياه مع الصاله 

الملحق غرفة ودو...",250.0,New
الخبر,حي البحيرة,غرب,375,0,4,4,2,1,1,0,0,0,1,0,1,1,0,1,1,0,0,80000,"*عرض*
*دبلكس للإيجار*

الموقع / العزيزية حي البحيرة
المساحة / ٣٧٥م٢

*المواصفات*

٤ غرف نوم ٢منهم ماستر
مجلس 
صاله تطل على بركه 
مطبخ راكب الدواليب من مطابخ أبيات
جميع الستائر راكبه من القماش الجيد
المكيفات راكبة
ملحق لشغاله ومخزن كبير وسطح

*سعر الإ...",213.33,New
الخبر,حي الحزام الاخضر,جنوب شرقي,574,30,4,4,1,1,1,1,1,0,0,0,0,1,0,0,1,0,1,180000,"فيلا للايجار او الاستثمار

موقع مميز بالقرب من مستشفى سعد وفندق بودل والموفنبيك وغيرهم . 

الايجار السنوي المطلوب : 180,000 الف 

للاستفسار : 0502505555",313.59,Old
الخبر,حي مدينة العمال,جنوب شرقي,348,30,5,5,3,1,0,0,1,0,0,0,0,1,0,0,1,0,0,65000,"فيلا زواية على شارعين ومرممه بالكامل 
قريبة من نادي القادسية 

مقاسات الغرف والصالات :- 

الدور الارضي
الصالة 5.2 * 6 
مقلط النساء  4.3 * 5.9
المطبخ 4* 4.3
المخزن 3.2 * 2.3 

الدور الاول 
الصالة 6 * 6.5 
غرفة ماستر 1 5.4 * 5.6 غرفة دولاب 2.15 * 4.3
غ...",186.78,Old
الخبر,حي التحلية,شمال شرقي,625,0,7,5,2,0,1,1,1,0,0,0,0,1,0,0,1,0,0,90000,"فلة بحي الثنيانيه- الخبر
حوش و مدخلين و كراج على الزاويه والحوش يتسع لـثلاث سيارات تقريباً

- الدور الاول: 
مجلس و مقلط مع مغاسل و دورة مياه (رجال)

مجلس و صاله و مطبخ كبير و دورة مياه و مغاسل (نساء)

- الدور الثاني:
٤ غرف نوم ٣ منها ماستر
صاله كبيره...",144.0,New
الخبر,حي الكورنيش,جنوب,350,10,5,5,5,1,1,1,1,0,1,0,0,1,0,1,1,0,0,150000,"فيلا فاخرة بكورنيش الخبر. يوجد فيديو واتساب. مكيفات مركزية  و مطابخ و دواليب لوفر راكبة.



الدور الأرضي: مجلس بدورة مياه و صالة معيشة  بدورة مياه و غرفة نوم ضيف بدورة مياه و غرفة خادمة بدورة مياه.

الدور الثاني: ٥ غرف نوم (٣ ماستر و ٢ بدورة مياه مشت...",428.57,Medium
الخبر,حي التحلية,شرق,330,0,4,5,4,1,1,1,1,0,1,1,0,1,0,0,0,0,0,80000,"فلة في الخبر  حي التحلية مقابل البحر الدور الارضي= مجلس+مقلط+صالة+مطبخ+غرفة مختصرة+مطبخ ضيوف+مستودع+غرفة سائق خاص+٣ حمامات اعزكم الله+
الدور الاول= ثلاث اجنحة منها جناح مطل على الشاطئ+غزفتين نوم+صالة+الدور الثاني=غرفتين للخدم +غرفة غسيل+مستودع+حمام ا...",242.42,New
الخبر,حي اللؤلؤ,غرب,437,0,7,5,2,1,1,0,1,0,0,1,0,1,0,1,1,0,1,60000,"للإيجار فيلا دورين وملحق في حي الأصداف

المساحة : ٤٣٧ متر 

الدور الأرضي : 
ديوانية خارجية - دورة مياة - مجلس - غرفة طعام رجال - مجلس نساء - مطبخ 

الدور الأول : 
عدد ٥ غرف نوم ( ٣ غرف منها ماستر )

الدور الثاني :
 غرفتين - غرفة غسيل - دورة مياة

للت...",137.3,New
الخبر,حي الصواري,جنوب,400,0,5,5,3,0,1,0,1,0,1,1,0,1,0,1,1,0,0,55000,"دبلكس للأيجار حي الصواري ج ٤٣

مجلس خارجي (ديوانية) مؤثثه

الدور الأرضي :
مجلس رجال
مقلط
صاله كبيره
مجلس حريم
مطبخ
2 دورة مياه

الدور الاول :
اربع غرفه نوم ثنتين ماستر
صاله كبيره
4 دوره مياه 

الملحق :
 غرفه نوم
صاله
غرفه شغاله
غرفه غسيل
دوره مياه

ح...",137.5,New
الخبر,حي الكورنيش,جنوب,300,13,6,5,2,1,1,1,1,0,1,0,0,1,0,1,1,0,0,90000,"فيلا فاخرة في حي كورنيش الخبر. أفضل حي بالخبر.

مكونات الفيلا:
الدور الأرض: صالة بدورة مياه و مجلس بدوره مياه و غرفة طعام و مطبخين و غرفة خادمة بدورة مياه.
الدور الثاني: ٥ غرف نوم و صالة و مطبخ.
الدور الثالث: جناح بدورة مياه و بلكونة.


الايجار السكن...",300.0,Medium
الخبر,حي الامواج,غرب,437,0,7,5,2,0,1,0,1,0,0,1,0,1,0,1,1,0,1,60000,"للأيجار ڤيلا دورين و ملحق في حي الأصداف

المساحة:437 متر 

الدور الأرضي :
ديوانية خارجية - دورة مياة - مجلس - غرفة طعام رجال - مجلس نساء - مطبخ 

الدور الأول :
عدد 5 غرف نوم (3 غرف ماستر)

الدور الثاني:
غرفتين - غرفة غسيل - دورة مياة

للتواصل : 

050...",137.3,New
الخبر,حي العليا,شمال,325,14,4,5,2,1,0,1,1,0,1,0,0,1,0,1,1,0,0,65000,"للإيجار دبلوكس متصل مرتب جداً باركيه ومكيفات راكبة ومطابخ موقع مميز بتوفر المواقف وقربة من الخدمات الحيوية والمحال التجارية ومجمعات المطاعم نظافة المبنى كلياً خارجياً وداخلياً

0562222677
0554308667‬ ‬‬
‏‭ 0598935000",200.0,Medium
الخبر,حي الحزام الاخضر,جنوب,400,4,4,5,2,1,1,1,1,0,1,1,0,0,0,1,1,0,0,140000,"٤غرف نوم منهم غرفتين ماستر 
مجلس وصاله ومطبخ ٥ دوراه مياه 
غرفه شغاله وغرفه سواق 
البيت  مكيف بالكامل مركزي",350.0,Modern
الخبر,حي الصواري,شرق,450,0,5,5,2,1,1,0,1,0,1,0,0,0,0,1,1,0,0,80000,"دبلكس جديد مكيف للايجار
الدور الارضي كراج سيارة مجالس مطبخ صالة 
الدور الثاني اربع غرف نوم غرفتين ماستر 
الدور الثاني  غرفة خادمة وغرفة غسيل 
يوجد ضمانات على السباكة والكهرباء ١٠ سنوات",177.78,New
الخبر,حي الراكة الجنوبية,شمال,200,4,6,5,2,1,1,0,1,0,1,0,1,1,0,1,1,0,0,85000,"فيلا في الراكة الجنوبية على شارع ٤٠ مكونة من صالة ومجلس ومقلط ومطبخ نظام امريكي مع غرفة خادمة وغرفة غسيل وحوش وقراج ومسبح والدور الاول فيه ٤ غرف نوم مع صاله كبيرة للايجارعلى ٨٥ الف ريال 
الموقع قريب من الخدمات


أخي الكريم الباحث عن العقار/ في حالة ع...",425.0,Modern
الخبر,حي التحلية,جنوب,300,0,5,5,3,1,1,0,1,0,0,0,0,1,0,1,0,0,0,75000,"للايجار دوبلكس متصل بناء شخصي بحي التحلية بالخبر 

الدور الارضي مجلس رجال وغرفة طعام وصاله ومجلس نساء ودورتين مياه والمطبخ تفصيل ان شاء الله خلال أيام يكون جاهز 

الدور الاول ٤ غرف نوم ٢ منهم ماستر وغرفتين يخدمهم دورة مياه مع الصاله 

الملحق غرفة ودو...",250.0,New
الخبر,حي البحيرة,غرب,375,0,4,4,2,1,1,0,0,0,1,0,1,1,0,1,1,0,0,80000,"*عرض*
*دبلكس للإيجار*

الموقع / العزيزية حي البحيرة
المساحة / ٣٧٥م٢

*المواصفات*

٤ غرف نوم ٢منهم ماستر
مجلس 
صاله تطل على بركه 
مطبخ راكب الدواليب من مطابخ أبيات
جميع الستائر راكبه من القماش الجيد
المكيفات راكبة
ملحق لشغاله ومخزن كبير وسطح

*سعر الإ...",213.33,New
الخبر,حي الحزام الاخضر,جنوب شرقي,574,30,4,4,1,1,1,1,1,0,0,0,0,1,0,0,1,0,1,180000,"فيلا للايجار او الاستثمار

موقع مميز بالقرب من مستشفى سعد وفندق بودل والموفنبيك وغيرهم . 

الايجار السنوي المطلوب : 180,000 الف 

للاستفسار : 0502505555",313.59,Old
الخبر,حي مدينة العمال,جنوب شرقي,348,30,5,5,3,1,0,0,1,0,0,0,0,1,0,0,1,0,0,65000,"فيلا زواية على شارعين ومرممه بالكامل 
قريبة من نادي القادسية 

مقاسات الغرف والصالات :- 

الدور الارضي
الصالة 5.2 * 6 
مقلط النساء  4.3 * 5.9
المطبخ 4* 4.3
المخزن 3.2 * 2.3 

الدور الاول 
الصالة 6 * 6.5 
غرفة ماستر 1 5.4 * 5.6 غرفة دولاب 2.15 * 4.3
غ...",186.78,Old
الخبر,حي التحلية,شمال شرقي,625,0,7,5,2,0,1,1,1,0,0,0,0,1,0,0,1,0,0,90000,"فلة بحي الثنيانيه- الخبر
حوش و مدخلين و كراج على الزاويه والحوش يتسع لـثلاث سيارات تقريباً

- الدور الاول: 
مجلس و مقلط مع مغاسل و دورة مياه (رجال)

مجلس و صاله و مطبخ كبير و دورة مياه و مغاسل (نساء)

- الدور الثاني:
٤ غرف نوم ٣ منها ماستر
صاله كبيره...",144.0,New
الخبر,حي الكورنيش,جنوب,350,10,5,5,5,1,1,1,1,0,1,0,0,1,0,1,1,0,0,150000,"فيلا فاخرة بكورنيش الخبر. يوجد فيديو واتساب. مكيفات مركزية  و مطابخ و دواليب لوفر راكبة.



الدور الأرضي: مجلس بدورة مياه و صالة معيشة  بدورة مياه و غرفة نوم ضيف بدورة مياه و غرفة خادمة بدورة مياه.

الدور الثاني: ٥ غرف نوم (٣ ماستر و ٢ بدورة مياه مشت...",428.57,Medium
الخبر,حي التحلية,شرق,330,0,4,5,4,1,1,1,1,0,1,1,0,1,0,0,0,0,0,80000,"فلة في الخبر  حي التحلية مقابل البحر الدور الارضي= مجلس+مقلط+صالة+مطبخ+غرفة مختصرة+مطبخ ضيوف+مستودع+غرفة سائق خاص+٣ حمامات اعزكم الله+
الدور الاول= ثلاث اجنحة منها جناح مطل على الشاطئ+غزفتين نوم+صالة+الدور الثاني=غرفتين للخدم +غرفة غسيل+مستودع+حمام ا...",242.42,New
الخبر,حي اللؤلؤ,غرب,437,0,7,5,2,1,1,0,1,0,0,1,0,1,0,1,1,0,1,60000,"للإيجار فيلا دورين وملحق في حي الأصداف

المساحة : ٤٣٧ متر 

الدور الأرضي : 
ديوانية خارجية - دورة مياة - مجلس - غرفة طعام رجال - مجلس نساء - مطبخ 

الدور الأول : 
عدد ٥ غرف نوم ( ٣ غرف منها ماستر )

الدور الثاني :
 غرفتين - غرفة غسيل - دورة مياة

للت...",137.3,New
الخبر,حي الصواري,جنوب,400,0,5,5,3,0,1,0,1,0,1,1,0,1,0,1,1,0,0,55000,"دبلكس للأيجار حي الصواري ج ٤٣

مجلس خارجي (ديوانية) مؤثثه

الدور الأرضي :
مجلس رجال
مقلط
صاله كبيره
مجلس حريم
مطبخ
2 دورة مياه

الدور الاول :
اربع غرفه نوم ثنتين ماستر
صاله كبيره
4 دوره مياه 

الملحق :
 غرفه نوم
صاله
غرفه شغاله
غرفه غسيل
دوره مياه

ح...",137.5,New
الخبر,حي الكورنيش,جنوب,300,13,6,5,2,1,1,1,1,0,1,0,0,1,0,1,1,0,0,90000,"فيلا فاخرة في حي كورنيش الخبر. أفضل حي بالخبر.

مكونات الفيلا:
الدور الأرض: صالة بدورة مياه و مجلس بدوره مياه و غرفة طعام و مطبخين و غرفة خادمة بدورة مياه.
الدور الثاني: ٥ غرف نوم و صالة و مطبخ.
الدور الثالث: جناح بدورة مياه و بلكونة.


الايجار السكن...",300.0,Medium
الخبر,حي الامواج,غرب,437,0,7,5,2,0,1,0,1,0,0,1,0,1,0,1,1,0,1,60000,"للأيجار ڤيلا دورين و ملحق في حي الأصداف

المساحة:437 متر 

الدور الأرضي :
ديوانية خارجية - دورة مياة - مجلس - غرفة طعام رجال - مجلس نساء - مطبخ 

الدور الأول :
عدد 5 غرف نوم (3 غرف ماستر)

الدور الثاني:
غرفتين - غرفة غسيل - دورة مياة

للتواصل : 

050...",137.3,New
الخبر,حي العليا,شمال,325,14,4,5,2,1,0,1,1,0,1,0,0,1,0,1,1,0,0,65000,"للإيجار دبلوكس متصل مرتب جداً باركيه ومكيفات راكبة ومطابخ موقع مميز بتوفر المواقف وقربة من الخدمات الحيوية والمحال التجارية ومجمعات المطاعم نظافة المبنى كلياً خارجياً وداخلياً

0562222677
0554308667‬ ‬‬
‏‭ 0598935000",200.0,Medium
الخبر,حي الحزام الاخضر,جنوب,400,4,4,5,2,1,1,1,1,0,1,1,0,0,0,1,1,0,0,140000,"٤غرف نوم منهم غرفتين ماستر 
مجلس وصاله ومطبخ ٥ دوراه مياه 
غرفه شغاله وغرفه سواق 
البيت  مكيف بالكامل مركزي",350.0,Modern
الخبر,حي الصواري,شرق,450,0,5,5,2,1,1,0,1,0,1,0,0,0,0,1,1,0,0,80000,"دبلكس جديد مكيف للايجار
الدور الارضي كراج سيارة مجالس مطبخ صالة 
الدور الثاني اربع غرف نوم غرفتين ماستر 
الدور الثاني  غرفة خادمة وغرفة غسيل 
يوجد ضمانات على السباكة والكهرباء ١٠ سنوات",177.78,New
الخبر,حي الراكة الجنوبية,شمال,200,4,6,5,2,1,1,0,1,0,1,0,1,1,0,1,1,0,0,85000,"فيلا في الراكة الجنوبية على شارع ٤٠ مكونة من صالة ومجلس ومقلط ومطبخ نظام امريكي مع غرفة خادمة وغرفة غسيل وحوش وقراج ومسبح والدور الاول فيه ٤ غرف نوم مع صاله كبيرة للايجارعلى ٨٥ الف ريال 
الموقع قريب من الخدمات


أخي الكريم الباحث عن العقار/ في حالة ع...",425.0,Modern
الخبر,حي التحلية,جنوب,300,0,5,5,3,1,1,0,1,0,0,0,0,1,0,1,0,0,0,75000,"للايجار دوبلكس متصل بناء شخصي بحي التحلية بالخبر 

الدور الارضي مجلس رجال وغرفة طعام وصاله ومجلس نساء ودورتين مياه والمطبخ تفصيل ان شاء الله خلال أيام يكون جاهز 

الدور الاول ٤ غرف نوم ٢ منهم ماستر وغرفتين يخدمهم دورة مياه مع الصاله 

الملحق غرفة ودو...",250.0,New
الخبر,حي البحيرة,غرب,375,0,4,4,2,1,1,0,0,0,1,0,1,1,0,1,1,0,0,80000,"*عرض*
*دبلكس للإيجار*

الموقع / العزيزية حي البحيرة
المساحة / ٣٧٥م٢

*المواصفات*

٤ غرف نوم ٢منهم ماستر
مجلس 
صاله تطل على بركه 
مطبخ راكب الدواليب من مطابخ أبيات
جميع الستائر راكبه من القماش الجيد
المكيفات راكبة
ملحق لشغاله ومخزن كبير وسطح

*سعر الإ...",213.33,New
الخبر,حي الحزام الاخضر,جنوب شرقي,574,30,4,4,1,1,1,1,1,0,0,0,0,1,0,0,1,0,1,180000,"فيلا للايجار او الاستثمار

موقع مميز بالقرب من مستشفى سعد وفندق بودل والموفنبيك وغيرهم . 

الايجار السنوي المطلوب : 180,000 الف 

للاستفسار : 0502505555",313.59,Old
الخبر,حي مدينة العمال,جنوب شرقي,348,30,5,5,3,1,0,0,1,0,0,0,0,1,0,0,1,0,0,65000,"فيلا زواية على شارعين ومرممه بالكامل 
قريبة من نادي القادسية 

مقاسات الغرف والصالات :- 

الدور الارضي
الصالة 5.2 * 6 
مقلط النساء  4.3 * 5.9
المطبخ 4* 4.3
المخزن 3.2 * 2.3 

الدور الاول 
الصالة 6 * 6.5 
غرفة ماستر 1 5.4 * 5.6 غرفة دولاب 2.15 * 4.3
غ...",186.78,Old
الخبر,حي التحلية,شمال شرقي,625,0,7,5,2,0,1,1,1,0,0,0,0,1,0,0,1,0,0,90000,"فلة بحي الثنيانيه- الخبر
حوش و مدخلين و كراج على الزاويه والحوش يتسع لـثلاث سيارات تقريباً

- الدور الاول: 
مجلس و مقلط مع مغاسل و دورة مياه (رجال)

مجلس و صاله و مطبخ كبير و دورة مياه و مغاسل (نساء)

- الدور الثاني:
٤ غرف نوم ٣ منها ماستر
صاله كبيره...",144.0,New
الخبر,حي الكورنيش,جنوب,350,10,5,5,5,1,1,1,1,0,1,0,0,1,0,1,1,0,0,150000,"فيلا فاخرة بكورنيش الخبر. يوجد فيديو واتساب. مكيفات مركزية  و مطابخ و دواليب لوفر راكبة.



الدور الأرضي: مجلس بدورة مياه و صالة معيشة  بدورة مياه و غرفة نوم ضيف بدورة مياه و غرفة خادمة بدورة مياه.

الدور الثاني: ٥ غرف نوم (٣ ماستر و ٢ بدورة مياه مشت...",428.57,Medium
الخبر,حي التحلية,شرق,330,0,4,5,4,1,1,1,1,0,1,1,0,1,0,0,0,0,0,80000,"فلة في الخبر  حي التحلية مقابل البحر الدور الارضي= مجلس+مقلط+صالة+مطبخ+غرفة مختصرة+مطبخ ضيوف+مستودع+غرفة سائق خاص+٣ حمامات اعزكم الله+
الدور الاول= ثلاث اجنحة منها جناح مطل على الشاطئ+غزفتين نوم+صالة+الدور الثاني=غرفتين للخدم +غرفة غسيل+مستودع+حمام ا...",242.42,New
الخبر,حي اللؤلؤ,غرب,437,0,7,5,2,1,1,0,1,0,0,1,0,1,0,1,1,0,1,60000,"للإيجار فيلا دورين وملحق في حي الأصداف

المساحة : ٤٣٧ متر 

الدور الأرضي : 
ديوانية خارجية - دورة مياة - مجلس - غرفة طعام رجال - مجلس نساء - مطبخ 

الدور الأول : 
عدد ٥ غرف نوم ( ٣ غرف منها ماستر )

الدور الثاني :
 غرفتين - غرفة غسيل - دورة مياة

للت...",137.3,New
الخبر,حي الصواري,جنوب,400,0,5,5,3,0,1,0,1,0,1,1,0,1,0,1,1,0,0,55000,"دبلكس للأيجار حي الصواري ج ٤٣

مجلس خارجي (ديوانية) مؤثثه

الدور الأرضي :
مجلس رجال
مقلط
صاله كبيره
مجلس حريم
مطبخ
2 دورة مياه

الدور الاول :
اربع غرفه نوم ثنتين ماستر
صاله كبيره
4 دوره مياه 

الملحق :
 غرفه نوم
صاله
غرفه شغاله
غرفه غسيل
دوره مياه

ح...",137.5,New
الخبر,حي الكورنيش,جنوب,300,13,6,5,2,1,1,1,1,0,1,0,0,1,0,1,1,0,0,90000,"فيلا فاخرة في حي كورنيش الخبر. أفضل حي بالخبر.

مكونات الفيلا:
الدور الأرض: صالة بدورة مياه و مجلس بدوره مياه و غرفة طعام و مطبخين و غرفة خادمة بدورة مياه.
الدور الثاني: ٥ غرف نوم و صالة و مطبخ.
الدور الثالث: جناح بدورة مياه و بلكونة.


الايجار السكن...",300.0,Medium
الخبر,حي الامواج,غرب,437,0,7,5,2,0,1,0,1,0,0,1,0,1,0,1,1,0,1,60000,"للأيجار ڤيلا دورين و ملحق في حي الأصداف

المساحة:437 متر 

الدور الأرضي :
ديوانية خارجية - دورة مياة - مجلس - غرفة طعام رجال - مجلس نساء - مطبخ 

الدور الأول :
عدد 5 غرف نوم (3 غرف ماستر)

الدور الثاني:
غرفتين - غرفة غسيل - دورة مياة

للتواصل : 

050...",137.3,New
الخبر,حي العليا,شمال,325,14,4,5,2,1,0,1,1,0,1,0,0,1,0,1,1,0,0,65000,"للإيجار دبلوكس متصل مرتب جداً باركيه ومكيفات راكبة ومطابخ موقع مميز بتوفر المواقف وقربة من الخدمات الحيوية والمحال التجارية ومجمعات المطاعم نظافة المبنى كلياً خارجياً وداخلياً

0562222677
0554308667‬ ‬‬
‏‭ 0598935000",200.0,Medium
الخبر,حي الحزام الاخضر,جنوب,400,4,4,5,2,1,1,1,1,0,1,1,0,0,0,1,1,0,0,140000,"٤غرف نوم منهم غرفتين ماستر 
مجلس وصاله ومطبخ ٥ دوراه مياه 
غرفه شغاله وغرفه سواق 
البيت  مكيف بالكامل مركزي",350.0,Modern
الخبر,حي الصواري,شرق,450,0,5,5,2,1,1,0,1,0,1,0,0,0,0,1,1,0,0,80000,"دبلكس جديد مكيف للايجار
الدور الارضي كراج سيارة مجالس مطبخ صالة 
الدور الثاني اربع غرف نوم غرفتين ماستر 
الدور الثاني  غرفة خادمة وغرفة غسيل 
يوجد ضمانات على السباكة والكهرباء ١٠ سنوات",177.78,New
الخبر,حي الراكة الجنوبية,شمال,200,4,6,5,2,1,1,0,1,0,1,0,1,1,0,1,1,0,0,85000,"فيلا في الراكة الجنوبية على شارع ٤٠ مكونة من صالة ومجلس ومقلط ومطبخ نظام امريكي مع غرفة خادمة وغرفة غسيل وحوش وقراج ومسبح والدور الاول فيه ٤ غرف نوم مع صاله كبيرة للايجارعلى ٨٥ الف ريال 
الموقع قريب من الخدمات


أخي الكريم الباحث عن العقار/ في حالة ع...",425.0,Modern
الخبر,حي التحلية,جنوب,300,0,5,5,3,1,1,0,1,0,0,0,0,1,0,1,0,0,0,75000,"للايجار دوبلكس متصل بناء شخصي بحي التحلية بالخبر 

الدور الارضي مجلس رجال وغرفة طعام وصاله ومجلس نساء ودورتين مياه والمطبخ تفصيل ان شاء الله خلال أيام يكون جاهز 

الدور الاول ٤ غرف نوم ٢ منهم ماستر وغرفتين يخدمهم دورة مياه مع الصاله 

الملحق غرفة ودو...",250.0,New
الخبر,حي البحيرة,غرب,375,0,4,4,2,1,1,0,0,0,1,0,1,1,0,1,1,0,0,80000,"*عرض*
*دبلكس للإيجار*

الموقع / العزيزية حي البحيرة
المساحة / ٣٧٥م٢

*المواصفات*

٤ غرف نوم ٢منهم ماستر
مجلس 
صاله تطل على بركه 
مطبخ راكب الدواليب من مطابخ أبيات
جميع الستائر راكبه من القماش الجيد
المكيفات راكبة
ملحق لشغاله ومخزن كبير وسطح

*سعر الإ...",213.33,New
الخبر,حي الحزام الاخضر,جنوب شرقي,574,30,4,4,1,1,1,1,1,0,0,0,0,1,0,0,1,0,1,180000,"فيلا للايجار او الاستثمار

موقع مميز بالقرب من مستشفى سعد وفندق بودل والموفنبيك وغيرهم . 

الايجار السنوي المطلوب : 180,000 الف 

للاستفسار : 0502505555",313.59,Old
الخبر,حي مدينة العمال,جنوب شرقي,348,30,5,5,3,1,0,0,1,0,0,0,0,1,0,0,1,0,0,65000,"فيلا زواية على شارعين ومرممه بالكامل 
قريبة من نادي القادسية 

مقاسات الغرف والصالات :- 

الدور الارضي
الصالة 5.2 * 6 
مقلط النساء  4.3 * 5.9
المطبخ 4* 4.3
المخزن 3.2 * 2.3 

الدور الاول 
الصالة 6 * 6.5 
غرفة ماستر 1 5.4 * 5.6 غرفة دولاب 2.15 * 4.3
غ...",186.78,Old
الخبر,حي التحلية,شمال شرقي,625,0,7,5,2,0,1,1,1,0,0,0,0,1,0,0,1,0,0,90000,"فلة بحي الثنيانيه- الخبر
حوش و مدخلين و كراج على الزاويه والحوش يتسع لـثلاث سيارات تقريباً

- الدور الاول: 
مجلس و مقلط مع مغاسل و دورة مياه (رجال)

مجلس و صاله و مطبخ كبير و دورة مياه و مغاسل (نساء)

- الدور الثاني:
٤ غرف نوم ٣ منها ماستر
صاله كبيره...",144.0,New
الخبر,حي الكورنيش,جنوب,350,10,5,5,5,1,1,1,1,0,1,0,0,1,0,1,1,0,0,150000,"فيلا فاخرة بكورنيش الخبر. يوجد فيديو واتساب. مكيفات مركزية  و مطابخ و دواليب لوفر راكبة.



الدور الأرضي: مجلس بدورة مياه و صالة معيشة  بدورة مياه و غرفة نوم ضيف بدورة مياه و غرفة خادمة بدورة مياه.

الدور الثاني: ٥ غرف نوم (٣ ماستر و ٢ بدورة مياه مشت...",428.57,Medium
الخبر,حي التحلية,شرق,330,0,4,5,4,1,1,1,1,0,1,1,0,1,0,0,0,0,0,80000,"فلة في الخبر  حي التحلية مقابل البحر الدور الارضي= مجلس+مقلط+صالة+مطبخ+غرفة مختصرة+مطبخ ضيوف+مستودع+غرفة سائق خاص+٣ حمامات اعزكم الله+
الدور الاول= ثلاث اجنحة منها جناح مطل على الشاطئ+غزفتين نوم+صالة+الدور الثاني=غرفتين للخدم +غرفة غسيل+مستودع+حمام ا...",242.42,New
الخبر,حي اللؤلؤ,غرب,437,0,7,5,2,1,1,0,1,0,0,1,0,1,0,1,1,0,1,60000,"للإيجار فيلا دورين وملحق في حي الأصداف

المساحة : ٤٣٧ متر 

الدور الأرضي : 
ديوانية خارجية - دورة مياة - مجلس - غرفة طعام رجال - مجلس نساء - مطبخ 

الدور الأول : 
عدد ٥ غرف نوم ( ٣ غرف منها ماستر )

الدور الثاني :
 غرفتين - غرفة غسيل - دورة مياة

للت...",137.3,New
الخبر,حي الصواري,جنوب,400,0,5,5,3,0,1,0,1,0,1,1,0,1,0,1,1,0,0,55000,"دبلكس للأيجار حي الصواري ج ٤٣

مجلس خارجي (ديوانية) مؤثثه

الدور الأرضي :
مجلس رجال
مقلط
صاله كبيره
مجلس حريم
مطبخ
2 دورة مياه

الدور الاول :
اربع غرفه نوم ثنتين ماستر
صاله كبيره
4 دوره مياه 

الملحق :
 غرفه نوم
صاله
غرفه شغاله
غرفه غسيل
دوره مياه

ح...",137.5,New
الخبر,حي الكورنيش,جنوب,300,13,6,5,2,1,1,1,1,0,1,0,0,1,0,1,1,0,0,90000,"فيلا فاخرة في حي كورنيش الخبر. أفضل حي بالخبر.

مكونات الفيلا:
الدور الأرض: صالة بدورة مياه و مجلس بدوره مياه و غرفة طعام و مطبخين و غرفة خادمة بدورة مياه.
الدور الثاني: ٥ غرف نوم و صالة و مطبخ.
الدور الثالث: جناح بدورة مياه و بلكونة.


الايجار السكن...",300.0,Medium
الخبر,حي الامواج,غرب,437,0,7,5,2,0,1,0,1,0,0,1,0,1,0,1,1,0,1,60000,"للأيجار ڤيلا دورين و ملحق في حي الأصداف

المساحة:437 متر 

الدور الأرضي :
ديوانية خارجية - دورة مياة - مجلس - غرفة طعام رجال - مجلس نساء - مطبخ 

الدور الأول :
عدد 5 غرف نوم (3 غرف ماستر)

الدور الثاني:
غرفتين - غرفة غسيل - دورة مياة

للتواصل : 

050...",137.3,New
الخبر,حي العليا,شمال,325,14,4,5,2,1,0,1,1,0,1,0,0,1,0,1,1,0,0,65000,"للإيجار دبلوكس متصل مرتب جداً باركيه ومكيفات راكبة ومطابخ موقع مميز بتوفر المواقف وقربة من الخدمات الحيوية والمحال التجارية ومجمعات المطاعم نظافة المبنى كلياً خارجياً وداخلياً

0562222677
0554308667‬ ‬‬
‏‭ 0598935000",200.0,Medium
الخبر,حي الحزام الاخضر,جنوب,400,4,4,5,2,1,1,1,1,0,1,1,0,0,0,1,1,0,0,140000,"٤غرف نوم منهم غرفتين ماستر 
مجلس وصاله ومطبخ ٥ دوراه مياه 
غرفه شغاله وغرفه سواق 
البيت  مكيف بالكامل مركزي",350.0,Modern
الخبر,حي الصواري,شرق,450,0,5,5,2,1,1,0,1,0,1,0,0,0,0,1,1,0,0,80000,"دبلكس جديد مكيف للايجار
الدور الارضي كراج سيارة مجالس مطبخ صالة 
الدور الثاني اربع غرف نوم غرفتين ماستر 
الدور الثاني  غرفة خادمة وغرفة غسيل 
يوجد ضمانات على السباكة والكهرباء ١٠ سنوات",177.78,New
الخبر,حي الراكة الجنوبية,شمال,200,4,6,5,2,1,1,0,1,0,1,0,1,1,0,1,1,0,0,85000,"فيلا في الراكة الجنوبية على شارع ٤٠ مكونة من صالة ومجلس ومقلط ومطبخ نظام امريكي مع غرفة خادمة وغرفة غسيل وحوش وقراج ومسبح والدور الاول فيه ٤ غرف نوم مع صاله كبيرة للايجارعلى ٨٥ الف ريال 
الموقع قريب من الخدمات


أخي الكريم الباحث عن العقار/ في حالة ع...",425.0,Modern
الخبر,حي التحلية,جنوب,300,0,5,5,3,1,1,0,1,0,0,0,0,1,0,1,0,0,0,75000,"للايجار دوبلكس متصل بناء شخصي بحي التحلية بالخبر 

الدور الارضي مجلس رجال وغرفة طعام وصاله ومجلس نساء ودورتين مياه والمطبخ تفصيل ان شاء الله خلال أيام يكون جاهز 

الدور الاول ٤ غرف نوم ٢ منهم ماستر وغرفتين يخدمهم دورة مياه مع الصاله 

الملحق غرفة ودو...",250.0,New
الخبر,حي البحيرة,غرب,375,0,4,4,2,1,1,0,0,0,1,0,1,1,0,1,1,0,0,80000,"*عرض*
*دبلكس للإيجار*

الموقع / العزيزية حي البحيرة
المساحة / ٣٧٥م٢

*المواصفات*

٤ غرف نوم ٢منهم ماستر
مجلس 
صاله تطل على بركه 
مطبخ راكب الدواليب من مطابخ أبيات
جميع الستائر راكبه من القماش الجيد
المكيفات راكبة
ملحق لشغاله ومخزن كبير وسطح

*سعر الإ...",213.33,New
الخبر,حي الحزام الاخضر,جنوب شرقي,574,30,4,4,1,1,1,1,1,0,0,0,0,1,0,0,1,0,1,180000,"فيلا للايجار او الاستثمار

موقع مميز بالقرب من مستشفى سعد وفندق بودل والموفنبيك وغيرهم . 

الايجار السنوي المطلوب : 180,000 الف 

للاستفسار : 0502505555",313.59,Old
الخبر,حي مدينة العمال,جنوب شرقي,348,30,5,5,3,1,0,0,1,0,0,0,0,1,0,0,1,0,0,65000,"فيلا زواية على شارعين ومرممه بالكامل 
قريبة من نادي القادسية 

مقاسات الغرف والصالات :- 

الدور الارضي
الصالة 5.2 * 6 
مقلط النساء  4.3 * 5.9
المطبخ 4* 4.3
المخزن 3.2 * 2.3 

الدور الاول 
الصالة 6 * 6.5 
غرفة ماستر 1 5.4 * 5.6 غرفة دولاب 2.15 * 4.3
غ...",186.78,Old
الخبر,حي التحلية,شمال شرقي,625,0,7,5,2,0,1,1,1,0,0,0,0,1,0,0,1,0,0,90000,"فلة بحي الثنيانيه- الخبر
حوش و مدخلين و كراج على الزاويه والحوش يتسع لـثلاث سيارات تقريباً

- الدور الاول: 
مجلس و مقلط مع مغاسل و دورة مياه (رجال)

مجلس و صاله و مطبخ كبير و دورة مياه و مغاسل (نساء)

- الدور الثاني:
٤ غرف نوم ٣ منها ماستر
صاله كبيره...",144.0,New
الخبر,حي الكورنيش,جنوب,350,10,5,5,5,1,1,1,1,0,1,0,0,1,0,1,1,0,0,150000,"فيلا فاخرة بكورنيش الخبر. يوجد فيديو واتساب. مكيفات مركزية  و مطابخ و دواليب لوفر راكبة.



الدور الأرضي: مجلس بدورة مياه و صالة معيشة  بدورة مياه و غرفة نوم ضيف بدورة مياه و غرفة خادمة بدورة مياه.

الدور الثاني: ٥ غرف نوم (٣ ماستر و ٢ بدورة مياه مشت...",428.57,Medium
الخبر,حي التحلية,شرق,330,0,4,5,4,1,1,1,1,0,1,1,0,1,0,0,0,0,0,80000,"فلة في الخبر  حي التحلية مقابل البحر الدور الارضي= مجلس+مقلط+صالة+مطبخ+غرفة مختصرة+مطبخ ضيوف+مستودع+غرفة سائق خاص+٣ حمامات اعزكم الله+
الدور الاول= ثلاث اجنحة منها جناح مطل على الشاطئ+غزفتين نوم+صالة+الدور الثاني=غرفتين للخدم +غرفة غسيل+مستودع+حمام ا...",242.42,New
الخبر,حي اللؤلؤ,غرب,437,0,7,5,2,1,1,0,1,0,0,1,0,1,0,1,1,0,1,60000,"للإيجار فيلا دورين وملحق في حي الأصداف

المساحة : ٤٣٧ متر 

الدور الأرضي : 
ديوانية خارجية - دورة مياة - مجلس - غرفة طعام رجال - مجلس نساء - مطبخ 

الدور الأول : 
عدد ٥ غرف نوم ( ٣ غرف منها ماستر )

الدور الثاني :
 غرفتين - غرفة غسيل - دورة مياة

للت...",137.3,New
الخبر,حي الصواري,جنوب,400,0,5,5,3,0,1,0,1,0,1,1,0,1,0,1,1,0,0,55000,"دبلكس للأيجار حي الصواري ج ٤٣

مجلس خارجي (ديوانية) مؤثثه

الدور الأرضي :
مجلس رجال
مقلط
صاله كبيره
مجلس حريم
مطبخ
2 دورة مياه

الدور الاول :
اربع غرفه نوم ثنتين ماستر
صاله كبيره
4 دوره مياه 

الملحق :
 غرفه نوم
صاله
غرفه شغاله
غرفه غسيل
دوره مياه

ح...",137.5,New
الخبر,حي الكورنيش,جنوب,300,13,6,5,2,1,1,1,1,0,1,0,0,1,0,1,1,0,0,90000,"فيلا فاخرة في حي كورنيش الخبر. أفضل حي بالخبر.

مكونات الفيلا:
الدور الأرض: صالة بدورة مياه و مجلس بدوره مياه و غرفة طعام و مطبخين و غرفة خادمة بدورة مياه.
الدور الثاني: ٥ غرف نوم و صالة و مطبخ.
الدور الثالث: جناح بدورة مياه و بلكونة.


الايجار السكن...",300.0,Medium
الخبر,حي الامواج,غرب,437,0,7,5,2,0,1,0,1,0,0,1,0,1,0,1,1,0,1,60000,"للأيجار ڤيلا دورين و ملحق في حي الأصداف

المساحة:437 متر 

الدور الأرضي :
ديوانية خارجية - دورة مياة - مجلس - غرفة طعام رجال - مجلس نساء - مطبخ 

الدور الأول :
عدد 5 غرف نوم (3 غرف ماستر)

الدور الثاني:
غرفتين - غرفة غسيل - دورة مياة

للتواصل : 

050...",137.3,New
الخبر,حي العليا,شمال,325,14,4,5,2,1,0,1,1,0,1,0,0,1,0,1,1,0,0,65000,"للإيجار دبلوكس متصل مرتب جداً باركيه ومكيفات راكبة ومطابخ موقع مميز بتوفر المواقف وقربة من الخدمات الحيوية والمحال التجارية ومجمعات المطاعم نظافة المبنى كلياً خارجياً وداخلياً

0562222677
0554308667‬ ‬‬
‏‭ 0598935000",200.0,Medium
الخبر,حي الحزام الاخضر,جنوب,400,4,4,5,2,1,1,1,1,0,1,1,0,0,0,1,1,0,0,140000,"٤غرف نوم منهم غرفتين ماستر 
مجلس وصاله ومطبخ ٥ دوراه مياه 
غرفه شغاله وغرفه سواق 
البيت  مكيف بالكامل مركزي",350.0,Modern
الخبر,حي الصواري,شرق,450,0,5,5,2,1,1,0,1,0,1,0,0,0,0,1,1,0,0,80000,"دبلكس جديد مكيف للايجار
الدور الارضي كراج سيارة مجالس مطبخ صالة 
الدور الثاني اربع غرف نوم غرفتين ماستر 
الدور الثاني  غرفة خادمة وغرفة غسيل 
يوجد ضمانات على السباكة والكهرباء ١٠ سنوات",177.78,New
الخبر,حي الراكة الجنوبية,شمال,200,4,6,5,2,1,1,0,1,0,1,0,1,1,0,1,1,0,0,85000,"فيلا في الراكة الجنوبية على شارع ٤٠ مكونة من صالة ومجلس ومقلط ومطبخ نظام امريكي مع غرفة خادمة وغرفة غسيل وحوش وقراج ومسبح والدور الاول فيه ٤ غرف نوم مع صاله كبيرة للايجارعلى ٨٥ الف ريال 
الموقع قريب من الخدمات


أخي الكريم الباحث عن العقار/ في حالة ع...",425.0,Modern
الخبر,حي التحلية,جنوب,300,0,5,5,3,1,1,0,1,0,0,0,0,1,0,1,0,0,0,75000,"للايجار دوبلكس متصل بناء شخصي بحي التحلية بالخبر 

الدور الارضي مجلس رجال وغرفة طعام وصاله ومجلس نساء ودورتين مياه والمطبخ تفصيل ان شاء الله خلال أيام يكون جاهز 

الدور الاول ٤ غرف نوم ٢ منهم ماستر وغرفتين يخدمهم دورة مياه مع الصاله 

الملحق غرفة ودو...",250.0,New
الخبر,حي البحيرة,غرب,375,0,4,4,2,1,1,0,0,0,1,0,1,1,0,1,1,0,0,80000,"*عرض*
*دبلكس للإيجار*

الموقع / العزيزية حي البحيرة
المساحة / ٣٧٥م٢

*المواصفات*

٤ غرف نوم ٢منهم ماستر
مجلس 
صاله تطل على بركه 
مطبخ راكب الدواليب من مطابخ أبيات
جميع الستائر راكبه من القماش الجيد
المكيفات راكبة
ملحق لشغاله ومخزن كبير وسطح

*سعر الإ...",213.33,New
الخبر,حي الحزام الاخضر,جنوب شرقي,574,30,4,4,1,1,1,1,1,0,0,0,0,1,0,0,1,0,1,180000,"فيلا للايجار او الاستثمار

موقع مميز بالقرب من مستشفى سعد وفندق بودل والموفنبيك وغيرهم . 

الايجار السنوي المطلوب : 180,000 الف 

للاستفسار : 0502505555",313.59,Old
الخبر,حي مدينة العمال,جنوب شرقي,348,30,5,5,3,1,0,0,1,0,0,0,0,1,0,0,1,0,0,65000,"فيلا زواية على شارعين ومرممه بالكامل 
قريبة من نادي القادسية 

مقاسات الغرف والصالات :- 

الدور الارضي
الصالة 5.2 * 6 
مقلط النساء  4.3 * 5.9
المطبخ 4* 4.3
المخزن 3.2 * 2.3 

الدور الاول 
الصالة 6 * 6.5 
غرفة ماستر 1 5.4 * 5.6 غرفة دولاب 2.15 * 4.3
غ...",186.78,Old
الخبر,حي التحلية,شمال شرقي,625,0,7,5,2,0,1,1,1,0,0,0,0,1,0,0,1,0,0,90000,"فلة بحي الثنيانيه- الخبر
حوش و مدخلين و كراج على الزاويه والحوش يتسع لـثلاث سيارات تقريباً

- الدور الاول: 
مجلس و مقلط مع مغاسل و دورة مياه (رجال)

مجلس و صاله و مطبخ كبير و دورة مياه و مغاسل (نساء)

- الدور الثاني:
٤ غرف نوم ٣ منها ماستر
صاله كبيره...",144.0,New
الخبر,حي الكورنيش,جنوب,350,10,5,5,5,1,1,1,1,0,1,0,0,1,0,1,1,0,0,150000,"فيلا فاخرة بكورنيش الخبر. يوجد فيديو واتساب. مكيفات مركزية  و مطابخ و دواليب لوفر راكبة.



الدور الأرضي: مجلس بدورة مياه و صالة معيشة  بدورة مياه و غرفة نوم ضيف بدورة مياه و غرفة خادمة بدورة مياه.

الدور الثاني: ٥ غرف نوم (٣ ماستر و ٢ بدورة مياه مشت...",428.57,Medium
الخبر,حي التحلية,شرق,330,0,4,5,4,1,1,1,1,0,1,1,0,1,0,0,0,0,0,80000,"فلة في الخبر  حي التحلية مقابل البحر الدور الارضي= مجلس+مقلط+صالة+مطبخ+غرفة مختصرة+مطبخ ضيوف+مستودع+غرفة سائق خاص+٣ حمامات اعزكم الله+
الدور الاول= ثلاث اجنحة منها جناح مطل على الشاطئ+غزفتين نوم+صالة+الدور الثاني=غرفتين للخدم +غرفة غسيل+مستودع+حمام ا...",242.42,New
الخبر,حي اللؤلؤ,غرب,437,0,7,5,2,1,1,0,1,0,0,1,0,1,0,1,1,0,1,60000,"للإيجار فيلا دورين وملحق في حي الأصداف

المساحة : ٤٣٧ متر 

الدور الأرضي : 
ديوانية خارجية - دورة مياة - مجلس - غرفة طعام رجال - مجلس نساء - مطبخ 

الدور الأول : 
عدد ٥ غرف نوم ( ٣ غرف منها ماستر )

الدور الثاني :
 غرفتين - غرفة غسيل - دورة مياة

للت...",137.3,New
الخبر,حي الصواري,جنوب,400,0,5,5,3,0,1,0,1,0,1,1,0,1,0,1,1,0,0,55000,"دبلكس للأيجار حي الصواري ج ٤٣

مجلس خارجي (ديوانية) مؤثثه

الدور الأرضي :
مجلس رجال
مقلط
صاله كبيره
مجلس حريم
مطبخ
2 دورة مياه

الدور الاول :
اربع غرفه نوم ثنتين ماستر
صاله كبيره
4 دوره مياه 

الملحق :
 غرفه نوم
صاله
غرفه شغاله
غرفه غسيل
دوره مياه

ح...",137.5,New
الخبر,حي الكورنيش,جنوب,300,13,6,5,2,1,1,1,1,0,1,0,0,1,0,1,1,0,0,90000,"فيلا فاخرة في حي كورنيش الخبر. أفضل حي بالخبر.

مكونات الفيلا:
الدور الأرض: صالة بدورة مياه و مجلس بدوره مياه و غرفة طعام و مطبخين و غرفة خادمة بدورة مياه.
الدور الثاني: ٥ غرف نوم و صالة و مطبخ.
الدور الثالث: جناح بدورة مياه و بلكونة.


الايجار السكن...",300.0,Medium
الخبر,حي الامواج,غرب,437,0,7,5,2,0,1,0,1,0,0,1,0,1,0,1,1,0,1,60000,"للأيجار ڤيلا دورين و ملحق في حي الأصداف

المساحة:437 متر 

الدور الأرضي :
ديوانية خارجية - دورة مياة - مجلس - غرفة طعام رجال - مجلس نساء - مطبخ 

الدور الأول :
عدد 5 غرف نوم (3 غرف ماستر)

الدور الثاني:
غرفتين - غرفة غسيل - دورة مياة

للتواصل : 

050...",137.3,New
الخبر,حي العليا,شمال,325,14,4,5,2,1,0,1,1,0,1,0,0,1,0,1,1,0,0,65000,"للإيجار دبلوكس متصل مرتب جداً باركيه ومكيفات راكبة ومطابخ موقع مميز بتوفر المواقف وقربة من الخدمات الحيوية والمحال التجارية ومجمعات المطاعم نظافة المبنى كلياً خارجياً وداخلياً

0562222677
0554308667‬ ‬‬
‏‭ 0598935000",200.0,Medium
الخبر,حي الحزام الاخضر,جنوب,400,4,4,5,2,1,1,1,1,0,1,1,0,0,0,1,1,0,0,140000,"٤غرف نوم منهم غرفتين ماستر 
مجلس وصاله ومطبخ ٥ دوراه مياه 
غرفه شغاله وغرفه سواق 
البيت  مكيف بالكامل مركزي",350.0,Modern
الخبر,حي الصواري,شرق,450,0,5,5,2,1,1,0,1,0,1,0,0,0,0,1,1,0,0,80000,"دبلكس جديد مكيف للايجار
الدور الارضي كراج سيارة مجالس مطبخ صالة 
الدور الثاني اربع غرف نوم غرفتين ماستر 
الدور الثاني  غرفة خادمة وغرفة غسيل 
يوجد ضمانات على السباكة والكهرباء ١٠ سنوات",177.78,New
الخبر,حي الراكة الجنوبية,شمال,200,4,6,5,2,1,1,0,1,0,1,0,1,1,0,1,1,0,0,85000,"فيلا في الراكة الجنوبية على شارع ٤٠ مكونة من صالة ومجلس ومقلط ومطبخ نظام امريكي مع غرفة خادمة وغرفة غسيل وحوش وقراج ومسبح والدور الاول فيه ٤ غرف نوم مع صاله كبيرة للايجارعلى ٨٥ الف ريال 
الموقع قريب من الخدمات


أخي الكريم الباحث عن العقار/ في حالة ع...",425.0,Modern
الخبر,حي التحلية,جنوب,300,0,5,5,3,1,1,0,1,0,0,0,0,1,0,1,0,0,0,75000,"للايجار دوبلكس متصل بناء شخصي بحي التحلية بالخبر 

الدور الارضي مجلس رجال وغرفة طعام وصاله ومجلس نساء ودورتين مياه والمطبخ تفصيل ان شاء الله خلال أيام يكون جاهز 

الدور الاول ٤ غرف نوم ٢ منهم ماستر وغرفتين يخدمهم دورة مياه مع الصاله 

الملحق غرفة ودو...",250.0,New
الخبر,حي البحيرة,غرب,375,0,4,4,2,1,1,0,0,0,1,0,1,1,0,1,1,0,0,80000,"*عرض*
*دبلكس للإيجار*

الموقع / العزيزية حي البحيرة
المساحة / ٣٧٥م٢

*المواصفات*

٤ غرف نوم ٢منهم ماستر
مجلس 
صاله تطل على بركه 
مطبخ راكب الدواليب من مطابخ أبيات
جميع الستائر راكبه من القماش الجيد
المكيفات راكبة
ملحق لشغاله ومخزن كبير وسطح

*سعر الإ...",213.33,New
الخبر,حي الحزام الاخضر,جنوب شرقي,574,30,4,4,1,1,1,1,1,0,0,0,0,1,0,0,1,0,1,180000,"فيلا للايجار او الاستثمار

موقع مميز بالقرب من مستشفى سعد وفندق بودل والموفنبيك وغيرهم . 

الايجار السنوي المطلوب : 180,000 الف 

للاستفسار : 0502505555",313.59,Old
الخبر,حي مدينة العمال,جنوب شرقي,348,30,5,5,3,1,0,0,1,0,0,0,0,1,0,0,1,0,0,65000,"فيلا زواية على شارعين ومرممه بالكامل 
قريبة من نادي القادسية 

مقاسات الغرف والصالات :- 

الدور الارضي
الصالة 5.2 * 6 
مقلط النساء  4.3 * 5.9
المطبخ 4* 4.3
المخزن 3.2 * 2.3 

الدور الاول 
الصالة 6 * 6.5 
غرفة ماستر 1 5.4 * 5.6 غرفة دولاب 2.15 * 4.3
غ...",186.78,Old
الخبر,حي التحلية,شمال شرقي,625,0,7,5,2,0,1,1,1,0,0,0,0,1,0,0,1,0,0,90000,"فلة بحي الثنيانيه- الخبر
حوش و مدخلين و كراج على الزاويه والحوش يتسع لـثلاث سيارات تقريباً

- الدور الاول: 
مجلس و مقلط مع مغاسل و دورة مياه (رجال)

مجلس و صاله و مطبخ كبير و دورة مياه و مغاسل (نساء)

- الدور الثاني:
٤ غرف نوم ٣ منها ماستر
صاله كبيره...",144.0,New
الخبر,حي الكورنيش,جنوب,350,10,5,5,5,1,1,1,1,0,1,0,0,1,0,1,1,0,0,150000,"فيلا فاخرة بكورنيش الخبر. يوجد فيديو واتساب. مكيفات مركزية  و مطابخ و دواليب لوفر راكبة.



الدور الأرضي: مجلس بدورة مياه و صالة معيشة  بدورة مياه و غرفة نوم ضيف بدورة مياه و غرفة خادمة بدورة مياه.

الدور الثاني: ٥ غرف نوم (٣ ماستر و ٢ بدورة مياه مشت...",428.57,Medium
الخبر,حي التحلية,شرق,330,0,4,5,4,1,1,1,1,0,1,1,0,1,0,0,0,0,0,80000,"فلة في الخبر  حي التحلية مقابل البحر الدور الارضي= مجلس+مقلط+صالة+مطبخ+غرفة مختصرة+مطبخ ضيوف+مستودع+غرفة سائق خاص+٣ حمامات اعزكم الله+
الدور الاول= ثلاث اجنحة منها جناح مطل على الشاطئ+غزفتين نوم+صالة+الدور الثاني=غرفتين للخدم +غرفة غسيل+مستودع+حمام ا...",242.42,New
الخبر,حي اللؤلؤ,غرب,437,0,7,5,2,1,1,0,1,0,0,1,0,1,0,1,1,0,1,60000,"للإيجار فيلا دورين وملحق في حي الأصداف

المساحة : ٤٣٧ متر 

الدور الأرضي : 
ديوانية خارجية - دورة مياة - مجلس - غرفة طعام رجال - مجلس نساء - مطبخ 

الدور الأول : 
عدد ٥ غرف نوم ( ٣ غرف منها ماستر )

الدور الثاني :
 غرفتين - غرفة غسيل - دورة مياة

للت...",137.3,New
الخبر,حي الصواري,جنوب,400,0,5,5,3,0,1,0,1,0,1,1,0,1,0,1,1,0,0,55000,"دبلكس للأيجار حي الصواري ج ٤٣

مجلس خارجي (ديوانية) مؤثثه

الدور الأرضي :
مجلس رجال
مقلط
صاله كبيره
مجلس حريم
مطبخ
2 دورة مياه

الدور الاول :
اربع غرفه نوم ثنتين ماستر
صاله كبيره
4 دوره مياه 

الملحق :
 غرفه نوم
صاله
غرفه شغاله
غرفه غسيل
دوره مياه

ح...",137.5,New
الخبر,حي الكورنيش,جنوب,300,13,6,5,2,1,1,1,1,0,1,0,0,1,0,1,1,0,0,90000,"فيلا فاخرة في حي كورنيش الخبر. أفضل حي بالخبر.

مكونات الفيلا:
الدور الأرض: صالة بدورة مياه و مجلس بدوره مياه و غرفة طعام و مطبخين و غرفة خادمة بدورة مياه.
الدور الثاني: ٥ غرف نوم و صالة و مطبخ.
الدور الثالث: جناح بدورة مياه و بلكونة.


الايجار السكن...",300.0,Medium
الخبر,حي الامواج,غرب,437,0,7,5,2,0,1,0,1,0,0,1,0,1,0,1,1,0,1,60000,"للأيجار ڤيلا دورين و ملحق في حي الأصداف

المساحة:437 متر 

الدور الأرضي :
ديوانية خارجية - دورة مياة - مجلس - غرفة طعام رجال - مجلس نساء - مطبخ 

الدور الأول :
عدد 5 غرف نوم (3 غرف ماستر)

الدور الثاني:
غرفتين - غرفة غسيل - دورة مياة

للتواصل : 

050...",137.3,New
الخبر,حي العليا,شمال,325,14,4,5,2,1,0,1,1,0,1,0,0,1,0,1,1,0,0,65000,"للإيجار دبلوكس متصل مرتب جداً باركيه ومكيفات راكبة ومطابخ موقع مميز بتوفر المواقف وقربة من الخدمات الحيوية والمحال التجارية ومجمعات المطاعم نظافة المبنى كلياً خارجياً وداخلياً

0562222677
0554308667‬ ‬‬
‏‭ 0598935000",200.0,Medium
الخبر,حي الحزام الاخضر,جنوب,400,4,4,5,2,1,1,1,1,0,1,1,0,0,0,1,1,0,0,140000,"٤غرف نوم منهم غرفتين ماستر 
مجلس وصاله ومطبخ ٥ دوراه مياه 
غرفه شغاله وغرفه سواق 
البيت  مكيف بالكامل مركزي",350.0,Modern
الخبر,حي الصواري,شرق,450,0,5,5,2,1,1,0,1,0,1,0,0,0,0,1,1,0,0,80000,"دبلكس جديد مكيف للايجار
الدور الارضي كراج سيارة مجالس مطبخ صالة 
الدور الثاني اربع غرف نوم غرفتين ماستر 
الدور الثاني  غرفة خادمة وغرفة غسيل 
يوجد ضمانات على السباكة والكهرباء ١٠ سنوات",177.78,New
الخبر,حي الراكة الجنوبية,شمال,200,4,6,5,2,1,1,0,1,0,1,0,1,1,0,1,1,0,0,85000,"فيلا في الراكة الجنوبية على شارع ٤٠ مكونة من صالة ومجلس ومقلط ومطبخ نظام امريكي مع غرفة خادمة وغرفة غسيل وحوش وقراج ومسبح والدور الاول فيه ٤ غرف نوم مع صاله كبيرة للايجارعلى ٨٥ الف ريال 
الموقع قريب من الخدمات


أخي الكريم الباحث عن العقار/ في حالة ع...",425.0,Modern
الخبر,حي التحلية,جنوب,300,0,5,5,3,1,1,0,1,0,0,0,0,1,0,1,0,0,0,75000,"للايجار دوبلكس متصل بناء شخصي بحي التحلية بالخبر 

الدور الارضي مجلس رجال وغرفة طعام وصاله ومجلس نساء ودورتين مياه والمطبخ تفصيل ان شاء الله خلال أيام يكون جاهز 

الدور الاول ٤ غرف نوم ٢ منهم ماستر وغرفتين يخدمهم دورة مياه مع الصاله 

الملحق غرفة ودو...",250.0,New
الخبر,حي البحيرة,غرب,375,0,4,4,2,1,1,0,0,0,1,0,1,1,0,1,1,0,0,80000,"*عرض*
*دبلكس للإيجار*

الموقع / العزيزية حي البحيرة
المساحة / ٣٧٥م٢

*المواصفات*

٤ غرف نوم ٢منهم ماستر
مجلس 
صاله تطل على بركه 
مطبخ راكب الدواليب من مطابخ أبيات
جميع الستائر راكبه من القماش الجيد
المكيفات راكبة
ملحق لشغاله ومخزن كبير وسطح

*سعر الإ...",213.33,New
الخبر,حي الحزام الاخضر,جنوب شرقي,574,30,4,4,1,1,1,1,1,0,0,0,0,1,0,0,1,0,1,180000,"فيلا للايجار او الاستثمار

موقع مميز بالقرب من مستشفى سعد وفندق بودل والموفنبيك وغيرهم . 

الايجار السنوي المطلوب : 180,000 الف 

للاستفسار : 0502505555",313.59,Old
الخبر,حي مدينة العمال,جنوب شرقي,348,30,5,5,3,1,0,0,1,0,0,0,0,1,0,0,1,0,0,65000,"فيلا زواية على شارعين ومرممه بالكامل 
قريبة من نادي القادسية 

مقاسات الغرف والصالات :- 

الدور الارضي
الصالة 5.2 * 6 
مقلط النساء  4.3 * 5.9
المطبخ 4* 4.3
المخزن 3.2 * 2.3 

الدور الاول 
الصالة 6 * 6.5 
غرفة ماستر 1 5.4 * 5.6 غرفة دولاب 2.15 * 4.3
غ...",186.78,Old
الخبر,حي التحلية,شمال شرقي,625,0,7,5,2,0,1,1,1,0,0,0,0,1,0,0,1,0,0,90000,"فلة بحي الثنيانيه- الخبر
حوش و مدخلين و كراج على الزاويه والحوش يتسع لـثلاث سيارات تقريباً

- الدور الاول: 
مجلس و مقلط مع مغاسل و دورة مياه (رجال)

مجلس و صاله و مطبخ كبير و دورة مياه و مغاسل (نساء)

- الدور الثاني:
٤ غرف نوم ٣ منها ماستر
صاله كبيره...",144.0,New
الخبر,حي الكورنيش,جنوب,350,10,5,5,5,1,1,1,1,0,1,0,0,1,0,1,1,0,0,150000,"فيلا فاخرة بكورنيش الخبر. يوجد فيديو واتساب. مكيفات مركزية  و مطابخ و دواليب لوفر راكبة.



الدور الأرضي: مجلس بدورة مياه و صالة معيشة  بدورة مياه و غرفة نوم ضيف بدورة مياه و غرفة خادمة بدورة مياه.

الدور الثاني: ٥ غرف نوم (٣ ماستر و ٢ بدورة مياه مشت...",428.57,Medium
الخبر,حي التحلية,شرق,330,0,4,5,4,1,1,1,1,0,1,1,0,1,0,0,0,0,0,80000,"فلة في الخبر  حي التحلية مقابل البحر الدور الارضي= مجلس+مقلط+صالة+مطبخ+غرفة مختصرة+مطبخ ضيوف+مستودع+غرفة سائق خاص+٣ حمامات اعزكم الله+
الدور الاول= ثلاث اجنحة منها جناح مطل على الشاطئ+غزفتين نوم+صالة+الدور الثاني=غرفتين للخدم +غرفة غسيل+مستودع+حمام ا...",242.42,New
الخبر,حي اللؤلؤ,غرب,437,0,7,5,2,1,1,0,1,0,0,1,0,1,0,1,1,0,1,60000,"للإيجار فيلا دورين وملحق في حي الأصداف

المساحة : ٤٣٧ متر 

الدور الأرضي : 
ديوانية خارجية - دورة مياة - مجلس - غرفة طعام رجال - مجلس نساء - مطبخ 

الدور الأول : 
عدد ٥ غرف نوم ( ٣ غرف منها ماستر )

الدور الثاني :
 غرفتين - غرفة غسيل - دورة مياة

للت...",137.3,New
الخبر,حي الصواري,جنوب,400,0,5,5,3,0,1,0,1,0,1,1,0,1,0,1,1,0,0,55000,"دبلكس للأيجار حي الصواري ج ٤٣

مجلس خارجي (ديوانية) مؤثثه

الدور الأرضي :
مجلس رجال
مقلط
صاله كبيره
مجلس حريم
مطبخ
2 دورة مياه

الدور الاول :
اربع غرفه نوم ثنتين ماستر
صاله كبيره
4 دوره مياه 

الملحق :
 غرفه نوم
صاله
غرفه شغاله
غرفه غسيل
دوره مياه

ح...",137.5,New
الخبر,حي الكورنيش,جنوب,300,13,6,5,2,1,1,1,1,0,1,0,0,1,0,1,1,0,0,90000,"فيلا فاخرة في حي كورنيش الخبر. أفضل حي بالخبر.

مكونات الفيلا:
الدور الأرض: صالة بدورة مياه و مجلس بدوره مياه و غرفة طعام و مطبخين و غرفة خادمة بدورة مياه.
الدور الثاني: ٥ غرف نوم و صالة و مطبخ.
الدور الثالث: جناح بدورة مياه و بلكونة.


الايجار السكن...",300.0,Medium
الخبر,حي الامواج,غرب,437,0,7,5,2,0,1,0,1,0,0,1,0,1,0,1,1,0,1,60000,"للأيجار ڤيلا دورين و ملحق في حي الأصداف

المساحة:437 متر 

الدور الأرضي :
ديوانية خارجية - دورة مياة - مجلس - غرفة طعام رجال - مجلس نساء - مطبخ 

الدور الأول :
عدد 5 غرف نوم (3 غرف ماستر)

الدور الثاني:
غرفتين - غرفة غسيل - دورة مياة

للتواصل : 

050...",137.3,New
الخبر,حي العليا,شمال,325,14,4,5,2,1,0,1,1,0,1,0,0,1,0,1,1,0,0,65000,"للإيجار دبلوكس متصل مرتب جداً باركيه ومكيفات راكبة ومطابخ موقع مميز بتوفر المواقف وقربة من الخدمات الحيوية والمحال التجارية ومجمعات المطاعم نظافة المبنى كلياً خارجياً وداخلياً

0562222677
0554308667‬ ‬‬
‏‭ 0598935000",200.0,Medium
الخبر,حي الحزام الاخضر,جنوب,400,4,4,5,2,1,1,1,1,0,1,1,0,0,0,1,1,0,0,140000,"٤غرف نوم منهم غرفتين ماستر 
مجلس وصاله ومطبخ ٥ دوراه مياه 
غرفه شغاله وغرفه سواق 
البيت  مكيف بالكامل مركزي",350.0,Modern
الخبر,حي الصواري,شرق,450,0,5,5,2,1,1,0,1,0,1,0,0,0,0,1,1,0,0,80000,"دبلكس جديد مكيف للايجار
الدور الارضي كراج سيارة مجالس مطبخ صالة 
الدور الثاني اربع غرف نوم غرفتين ماستر 
الدور الثاني  غرفة خادمة وغرفة غسيل 
يوجد ضمانات على السباكة والكهرباء ١٠ سنوات",177.78,New
الخبر,حي الراكة الجنوبية,شمال,200,4,6,5,2,1,1,0,1,0,1,0,1,1,0,1,1,0,0,85000,"فيلا في الراكة الجنوبية على شارع ٤٠ مكونة من صالة ومجلس ومقلط ومطبخ نظام امريكي مع غرفة خادمة وغرفة غسيل وحوش وقراج ومسبح والدور الاول فيه ٤ غرف نوم مع صاله كبيرة للايجارعلى ٨٥ الف ريال 
الموقع قريب من الخدمات


أخي الكريم الباحث عن العقار/ في حالة ع...",425.0,Modern
الخبر,حي التحلية,جنوب,300,0,5,5,3,1,1,0,1,0,0,0,0,1,0,1,0,0,0,75000,"للايجار دوبلكس متصل بناء شخصي بحي التحلية بالخبر 

الدور الارضي مجلس رجال وغرفة طعام وصاله ومجلس نساء ودورتين مياه والمطبخ تفصيل ان شاء الله خلال أيام يكون جاهز 

الدور الاول ٤ غرف نوم ٢ منهم ماستر وغرفتين يخدمهم دورة مياه مع الصاله 

الملحق غرفة ودو...",250.0,New
الخبر,حي البحيرة,غرب,375,0,4,4,2,1,1,0,0,0,1,0,1,1,0,1,1,0,0,80000,"*عرض*
*دبلكس للإيجار*

الموقع / العزيزية حي البحيرة
المساحة / ٣٧٥م٢

*المواصفات*

٤ غرف نوم ٢منهم ماستر
مجلس 
صاله تطل على بركه 
مطبخ راكب الدواليب من مطابخ أبيات
جميع الستائر راكبه من القماش الجيد
المكيفات راكبة
ملحق لشغاله ومخزن كبير وسطح

*سعر الإ...",213.33,New
الخبر,حي الحزام الاخضر,جنوب شرقي,574,30,4,4,1,1,1,1,1,0,0,0,0,1,0,0,1,0,1,180000,"فيلا للايجار او الاستثمار

موقع مميز بالقرب من مستشفى سعد وفندق بودل والموفنبيك وغيرهم . 

الايجار السنوي المطلوب : 180,000 الف 

للاستفسار : 0502505555",313.59,Old
الخبر,حي مدينة العمال,جنوب شرقي,348,30,5,5,3,1,0,0,1,0,0,0,0,1,0,0,1,0,0,65000,"فيلا زواية على شارعين ومرممه بالكامل 
قريبة من نادي القادسية 

مقاسات الغرف والصالات :- 

الدور الارضي
الصالة 5.2 * 6 
مقلط النساء  4.3 * 5.9
المطبخ 4* 4.3
المخزن 3.2 * 2.3 

الدور الاول 
الصالة 6 * 6.5 
غرفة ماستر 1 5.4 * 5.6 غرفة دولاب 2.15 * 4.3
غ...",186.78,Old
الخبر,حي التحلية,شمال شرقي,625,0,7,5,2,0,1,1,1,0,0,0,0,1,0,0,1,0,0,90000,"فلة بحي الثنيانيه- الخبر
حوش و مدخلين و كراج على الزاويه والحوش يتسع لـثلاث سيارات تقريباً

- الدور الاول: 
مجلس و مقلط مع مغاسل و دورة مياه (رجال)

مجلس و صاله و مطبخ كبير و دورة مياه و مغاسل (نساء)

- الدور الثاني:
٤ غرف نوم ٣ منها ماستر
صاله كبيره...",144.0,New
الخبر,حي الكورنيش,جنوب,350,10,5,5,5,1,1,1,1,0,1,0,0,1,0,1,1,0,0,150000,"فيلا فاخرة بكورنيش الخبر. يوجد فيديو واتساب. مكيفات مركزية  و مطابخ و دواليب لوفر راكبة.



الدور الأرضي: مجلس بدورة مياه و صالة معيشة  بدورة مياه و غرفة نوم ضيف بدورة مياه و غرفة خادمة بدورة مياه.

الدور الثاني: ٥ غرف نوم (٣ ماستر و ٢ بدورة مياه مشت...",428.57,Medium
الخبر,حي التحلية,شرق,330,0,4,5,4,1,1,1,1,0,1,1,0,1,0,0,0,0,0,80000,"فلة في الخبر  حي التحلية مقابل البحر الدور الارضي= مجلس+مقلط+صالة+مطبخ+غرفة مختصرة+مطبخ ضيوف+مستودع+غرفة سائق خاص+٣ حمامات اعزكم الله+
الدور الاول= ثلاث اجنحة منها جناح مطل على الشاطئ+غزفتين نوم+صالة+الدور الثاني=غرفتين للخدم +غرفة غسيل+مستودع+حمام ا...",242.42,New
الخبر,حي اللؤلؤ,غرب,437,0,7,5,2,1,1,0,1,0,0,1,0,1,0,1,1,0,1,60000,"للإيجار فيلا دورين وملحق في حي الأصداف

المساحة : ٤٣٧ متر 

الدور الأرضي : 
ديوانية خارجية - دورة مياة - مجلس - غرفة طعام رجال - مجلس نساء - مطبخ 

الدور الأول : 
عدد ٥ غرف نوم ( ٣ غرف منها ماستر )

الدور الثاني :
 غرفتين - غرفة غسيل - دورة مياة

للت...",137.3,New
الخبر,حي الصواري,جنوب,400,0,5,5,3,0,1,0,1,0,1,1,0,1,0,1,1,0,0,55000,"دبلكس للأيجار حي الصواري ج ٤٣

مجلس خارجي (ديوانية) مؤثثه

الدور الأرضي :
مجلس رجال
مقلط
صاله كبيره
مجلس حريم
مطبخ
2 دورة مياه

الدور الاول :
اربع غرفه نوم ثنتين ماستر
صاله كبيره
4 دوره مياه 

الملحق :
 غرفه نوم
صاله
غرفه شغاله
غرفه غسيل
دوره مياه

ح...",137.5,New
الخبر,حي الكورنيش,جنوب,300,13,6,5,2,1,1,1,1,0,1,0,0,1,0,1,1,0,0,90000,"فيلا فاخرة في حي كورنيش الخبر. أفضل حي بالخبر.

مكونات الفيلا:
الدور الأرض: صالة بدورة مياه و مجلس بدوره مياه و غرفة طعام و مطبخين و غرفة خادمة بدورة مياه.
الدور الثاني: ٥ غرف نوم و صالة و مطبخ.
الدور الثالث: جناح بدورة مياه و بلكونة.


الايجار السكن...",300.0,Medium
الخبر,حي الامواج,غرب,437,0,7,5,2,0,1,0,1,0,0,1,0,1,0,1,1,0,1,60000,"للأيجار ڤيلا دورين و ملحق في حي الأصداف

المساحة:437 متر 

الدور الأرضي :
ديوانية خارجية - دورة مياة - مجلس - غرفة طعام رجال - مجلس نساء - مطبخ 

الدور الأول :
عدد 5 غرف نوم (3 غرف ماستر)

الدور الثاني:
غرفتين - غرفة غسيل - دورة مياة

للتواصل : 

050...",137.3,New
الخبر,حي العليا,شمال,325,14,4,5,2,1,0,1,1,0,1,0,0,1,0,1,1,0,0,65000,"للإيجار دبلوكس متصل مرتب جداً باركيه ومكيفات راكبة ومطابخ موقع مميز بتوفر المواقف وقربة من الخدمات الحيوية والمحال التجارية ومجمعات المطاعم نظافة المبنى كلياً خارجياً وداخلياً

0562222677
0554308667‬ ‬‬
‏‭ 0598935000",200.0,Medium
الخبر,حي الحزام الاخضر,جنوب,400,4,4,5,2,1,1,1,1,0,1,1,0,0,0,1,1,0,0,140000,"٤غرف نوم منهم غرفتين ماستر 
مجلس وصاله ومطبخ ٥ دوراه مياه 
غرفه شغاله وغرفه سواق 
البيت  مكيف بالكامل مركزي",350.0,Modern
الخبر,حي الصواري,شرق,450,0,5,5,2,1,1,0,1,0,1,0,0,0,0,1,1,0,0,80000,"دبلكس جديد مكيف للايجار
الدور الارضي كراج سيارة مجالس مطبخ صالة 
الدور الثاني اربع غرف نوم غرفتين ماستر 
الدور الثاني  غرفة خادمة وغرفة غسيل 
يوجد ضمانات على السباكة والكهرباء ١٠ سنوات",177.78,New
الخبر,حي الراكة الجنوبية,شمال,200,4,6,5,2,1,1,0,1,0,1,0,1,1,0,1,1,0,0,85000,"فيلا في الراكة الجنوبية على شارع ٤٠ مكونة من صالة ومجلس ومقلط ومطبخ نظام امريكي مع غرفة خادمة وغرفة غسيل وحوش وقراج ومسبح والدور الاول فيه ٤ غرف نوم مع صاله كبيرة للايجارعلى ٨٥ الف ريال 
الموقع قريب من الخدمات


أخي الكريم الباحث عن العقار/ في حالة ع...",425.0,Modern
الخبر,حي التحلية,جنوب,300,0,5,5,3,1,1,0,1,0,0,0,0,1,0,1,0,0,0,75000,"للايجار دوبلكس متصل بناء شخصي بحي التحلية بالخبر 

الدور الارضي مجلس رجال وغرفة طعام وصاله ومجلس نساء ودورتين مياه والمطبخ تفصيل ان شاء الله خلال أيام يكون جاهز 

الدور الاول ٤ غرف نوم ٢ منهم ماستر وغرفتين يخدمهم دورة مياه مع الصاله 

الملحق غرفة ودو...",250.0,New
الخبر,حي البحيرة,غرب,375,0,4,4,2,1,1,0,0,0,1,0,1,1,0,1,1,0,0,80000,"*عرض*
*دبلكس للإيجار*

الموقع / العزيزية حي البحيرة
المساحة / ٣٧٥م٢

*المواصفات*

٤ غرف نوم ٢منهم ماستر
مجلس 
صاله تطل على بركه 
مطبخ راكب الدواليب من مطابخ أبيات
جميع الستائر راكبه من القماش الجيد
المكيفات راكبة
ملحق لشغاله ومخزن كبير وسطح

*سعر الإ...",213.33,New
الخبر,حي الحزام الاخضر,جنوب شرقي,574,30,4,4,1,1,1,1,1,0,0,0,0,1,0,0,1,0,1,180000,"فيلا للايجار او الاستثمار

موقع مميز بالقرب من مستشفى سعد وفندق بودل والموفنبيك وغيرهم . 

الايجار السنوي المطلوب : 180,000 الف 

للاستفسار : 0502505555",313.59,Old
الخبر,حي مدينة العمال,جنوب شرقي,348,30,5,5,3,1,0,0,1,0,0,0,0,1,0,0,1,0,0,65000,"فيلا زواية على شارعين ومرممه بالكامل 
قريبة من نادي القادسية 

مقاسات الغرف والصالات :- 

الدور الارضي
الصالة 5.2 * 6 
مقلط النساء  4.3 * 5.9
المطبخ 4* 4.3
المخزن 3.2 * 2.3 

الدور الاول 
الصالة 6 * 6.5 
غرفة ماستر 1 5.4 * 5.6 غرفة دولاب 2.15 * 4.3
غ...",186.78,Old
الخبر,حي التحلية,شمال شرقي,625,0,7,5,2,0,1,1,1,0,0,0,0,1,0,0,1,0,0,90000,"فلة بحي الثنيانيه- الخبر
حوش و مدخلين و كراج على الزاويه والحوش يتسع لـثلاث سيارات تقريباً

- الدور الاول: 
مجلس و مقلط مع مغاسل و دورة مياه (رجال)

مجلس و صاله و مطبخ كبير و دورة مياه و مغاسل (نساء)

- الدور الثاني:
٤ غرف نوم ٣ منها ماستر
صاله كبيره...",144.0,New
الخبر,حي الكورنيش,جنوب,350,10,5,5,5,1,1,1,1,0,1,0,0,1,0,1,1,0,0,150000,"فيلا فاخرة بكورنيش الخبر. يوجد فيديو واتساب. مكيفات مركزية  و مطابخ و دواليب لوفر راكبة.



الدور الأرضي: مجلس بدورة مياه و صالة معيشة  بدورة مياه و غرفة نوم ضيف بدورة مياه و غرفة خادمة بدورة مياه.

الدور الثاني: ٥ غرف نوم (٣ ماستر و ٢ بدورة مياه مشت...",428.57,Medium
الخبر,حي التحلية,شرق,330,0,4,5,4,1,1,1,1,0,1,1,0,1,0,0,0,0,0,80000,"فلة في الخبر  حي التحلية مقابل البحر الدور الارضي= مجلس+مقلط+صالة+مطبخ+غرفة مختصرة+مطبخ ضيوف+مستودع+غرفة سائق خاص+٣ حمامات اعزكم الله+
الدور الاول= ثلاث اجنحة منها جناح مطل على الشاطئ+غزفتين نوم+صالة+الدور الثاني=غرفتين للخدم +غرفة غسيل+مستودع+حمام ا...",242.42,New
الخبر,حي اللؤلؤ,غرب,437,0,7,5,2,1,1,0,1,0,0,1,0,1,0,1,1,0,1,60000,"للإيجار فيلا دورين وملحق في حي الأصداف

المساحة : ٤٣٧ متر 

الدور الأرضي : 
ديوانية خارجية - دورة مياة - مجلس - غرفة طعام رجال - مجلس نساء - مطبخ 

الدور الأول : 
عدد ٥ غرف نوم ( ٣ غرف منها ماستر )

الدور الثاني :
 غرفتين - غرفة غسيل - دورة مياة

للت...",137.3,New
الخبر,حي الصواري,جنوب,400,0,5,5,3,0,1,0,1,0,1,1,0,1,0,1,1,0,0,55000,"دبلكس للأيجار حي الصواري ج ٤٣

مجلس خارجي (ديوانية) مؤثثه

الدور الأرضي :
مجلس رجال
مقلط
صاله كبيره
مجلس حريم
مطبخ
2 دورة مياه

الدور الاول :
اربع غرفه نوم ثنتين ماستر
صاله كبيره
4 دوره مياه 

الملحق :
 غرفه نوم
صاله
غرفه شغاله
غرفه غسيل
دوره مياه

ح...",137.5,New
الخبر,حي الكورنيش,جنوب,300,13,6,5,2,1,1,1,1,0,1,0,0,1,0,1,1,0,0,90000,"فيلا فاخرة في حي كورنيش الخبر. أفضل حي بالخبر.

مكونات الفيلا:
الدور الأرض: صالة بدورة مياه و مجلس بدوره مياه و غرفة طعام و مطبخين و غرفة خادمة بدورة مياه.
الدور الثاني: ٥ غرف نوم و صالة و مطبخ.
الدور الثالث: جناح بدورة مياه و بلكونة.


الايجار السكن...",300.0,Medium
الخبر,حي الامواج,غرب,437,0,7,5,2,0,1,0,1,0,0,1,0,1,0,1,1,0,1,60000,"للأيجار ڤيلا دورين و ملحق في حي الأصداف

المساحة:437 متر 

الدور الأرضي :
ديوانية خارجية - دورة مياة - مجلس - غرفة طعام رجال - مجلس نساء - مطبخ 

الدور الأول :
عدد 5 غرف نوم (3 غرف ماستر)

الدور الثاني:
غرفتين - غرفة غسيل - دورة مياة

للتواصل : 

050...",137.3,New
الخبر,حي العليا,شمال,325,14,4,5,2,1,0,1,1,0,1,0,0,1,0,1,1,0,0,65000,"للإيجار دبلوكس متصل مرتب جداً باركيه ومكيفات راكبة ومطابخ موقع مميز بتوفر المواقف وقربة من الخدمات الحيوية والمحال التجارية ومجمعات المطاعم نظافة المبنى كلياً خارجياً وداخلياً

0562222677
0554308667‬ ‬‬
‏‭ 0598935000",200.0,Medium
الخبر,حي الحزام الاخضر,جنوب,400,4,4,5,2,1,1,1,1,0,1,1,0,0,0,1,1,0,0,140000,"٤غرف نوم منهم غرفتين ماستر 
مجلس وصاله ومطبخ ٥ دوراه مياه 
غرفه شغاله وغرفه سواق 
البيت  مكيف بالكامل مركزي",350.0,Modern
الخبر,حي الصواري,شرق,450,0,5,5,2,1,1,0,1,0,1,0,0,0,0,1,1,0,0,80000,"دبلكس جديد مكيف للايجار
الدور الارضي كراج سيارة مجالس مطبخ صالة 
الدور الثاني اربع غرف نوم غرفتين ماستر 
الدور الثاني  غرفة خادمة وغرفة غسيل 
يوجد ضمانات على السباكة والكهرباء ١٠ سنوات",177.78,New
الخبر,حي الراكة الجنوبية,شمال,200,4,6,5,2,1,1,0,1,0,1,0,1,1,0,1,1,0,0,85000,"فيلا في الراكة الجنوبية على شارع ٤٠ مكونة من صالة ومجلس ومقلط ومطبخ نظام امريكي مع غرفة خادمة وغرفة غسيل وحوش وقراج ومسبح والدور الاول فيه ٤ غرف نوم مع صاله كبيرة للايجارعلى ٨٥ الف ريال 
الموقع قريب من الخدمات


أخي الكريم الباحث عن العقار/ في حالة ع...",425.0,Modern
الخبر,حي التحلية,جنوب,300,0,5,5,3,1,1,0,1,0,0,0,0,1,0,1,0,0,0,75000,"للايجار دوبلكس متصل بناء شخصي بحي التحلية بالخبر 

الدور الارضي مجلس رجال وغرفة طعام وصاله ومجلس نساء ودورتين مياه والمطبخ تفصيل ان شاء الله خلال أيام يكون جاهز 

الدور الاول ٤ غرف نوم ٢ منهم ماستر وغرفتين يخدمهم دورة مياه مع الصاله 

الملحق غرفة ودو...",250.0,New
الخبر,حي البحيرة,غرب,375,0,4,4,2,1,1,0,0,0,1,0,1,1,0,1,1,0,0,80000,"*عرض*
*دبلكس للإيجار*

الموقع / العزيزية حي البحيرة
المساحة / ٣٧٥م٢

*المواصفات*

٤ غرف نوم ٢منهم ماستر
مجلس 
صاله تطل على بركه 
مطبخ راكب الدواليب من مطابخ أبيات
جميع الستائر راكبه من القماش الجيد
المكيفات راكبة
ملحق لشغاله ومخزن كبير وسطح

*سعر الإ...",213.33,New
الخبر,حي الحزام الاخضر,جنوب شرقي,574,30,4,4,1,1,1,1,1,0,0,0,0,1,0,0,1,0,1,180000,"فيلا للايجار او الاستثمار

موقع مميز بالقرب من مستشفى سعد وفندق بودل والموفنبيك وغيرهم . 

الايجار السنوي المطلوب : 180,000 الف 

للاستفسار : 0502505555",313.59,Old
الخبر,حي مدينة العمال,جنوب شرقي,348,30,5,5,3,1,0,0,1,0,0,0,0,1,0,0,1,0,0,65000,"فيلا زواية على شارعين ومرممه بالكامل 
قريبة من نادي القادسية 

مقاسات الغرف والصالات :- 

الدور الارضي
الصالة 5.2 * 6 
مقلط النساء  4.3 * 5.9
المطبخ 4* 4.3
المخزن 3.2 * 2.3 

الدور الاول 
الصالة 6 * 6.5 
غرفة ماستر 1 5.4 * 5.6 غرفة دولاب 2.15 * 4.3
غ...",186.78,Old
الخبر,حي التحلية,شمال شرقي,625,0,7,5,2,0,1,1,1,0,0,0,0,1,0,0,1,0,0,90000,"فلة بحي الثنيانيه- الخبر
حوش و مدخلين و كراج على الزاويه والحوش يتسع لـثلاث سيارات تقريباً

- الدور الاول: 
مجلس و مقلط مع مغاسل و دورة مياه (رجال)

مجلس و صاله و مطبخ كبير و دورة مياه و مغاسل (نساء)

- الدور الثاني:
٤ غرف نوم ٣ منها ماستر
صاله كبيره...",144.0,New
الخبر,حي الكورنيش,جنوب,350,10,5,5,5,1,1,1,1,0,1,0,0,1,0,1,1,0,0,150000,"فيلا فاخرة بكورنيش الخبر. يوجد فيديو واتساب. مكيفات مركزية  و مطابخ و دواليب لوفر راكبة.



الدور الأرضي: مجلس بدورة مياه و صالة معيشة  بدورة مياه و غرفة نوم ضيف بدورة مياه و غرفة خادمة بدورة مياه.

الدور الثاني: ٥ غرف نوم (٣ ماستر و ٢ بدورة مياه مشت...",428.57,Medium
الخبر,حي التحلية,شرق,330,0,4,5,4,1,1,1,1,0,1,1,0,1,0,0,0,0,0,80000,"فلة في الخبر  حي التحلية مقابل البحر الدور الارضي= مجلس+مقلط+صالة+مطبخ+غرفة مختصرة+مطبخ ضيوف+مستودع+غرفة سائق خاص+٣ حمامات اعزكم الله+
الدور الاول= ثلاث اجنحة منها جناح مطل على الشاطئ+غزفتين نوم+صالة+الدور الثاني=غرفتين للخدم +غرفة غسيل+مستودع+حمام ا...",242.42,New
الخبر,حي اللؤلؤ,غرب,437,0,7,5,2,1,1,0,1,0,0,1,0,1,0,1,1,0,1,60000,"للإيجار فيلا دورين وملحق في حي الأصداف

المساحة : ٤٣٧ متر 

الدور الأرضي : 
ديوانية خارجية - دورة مياة - مجلس - غرفة طعام رجال - مجلس نساء - مطبخ 

الدور الأول : 
عدد ٥ غرف نوم ( ٣ غرف منها ماستر )

الدور الثاني :
 غرفتين - غرفة غسيل - دورة مياة

للت...",137.3,New
الخبر,حي الصواري,جنوب,400,0,5,5,3,0,1,0,1,0,1,1,0,1,0,1,1,0,0,55000,"دبلكس للأيجار حي الصواري ج ٤٣

مجلس خارجي (ديوانية) مؤثثه

الدور الأرضي :
مجلس رجال
مقلط
صاله كبيره
مجلس حريم
مطبخ
2 دورة مياه

الدور الاول :
اربع غرفه نوم ثنتين ماستر
صاله كبيره
4 دوره مياه 

الملحق :
 غرفه نوم
صاله
غرفه شغاله
غرفه غسيل
دوره مياه

ح...",137.5,New
الخبر,حي الكورنيش,جنوب,300,13,6,5,2,1,1,1,1,0,1,0,0,1,0,1,1,0,0,90000,"فيلا فاخرة في حي كورنيش الخبر. أفضل حي بالخبر.

مكونات الفيلا:
الدور الأرض: صالة بدورة مياه و مجلس بدوره مياه و غرفة طعام و مطبخين و غرفة خادمة بدورة مياه.
الدور الثاني: ٥ غرف نوم و صالة و مطبخ.
الدور الثالث: جناح بدورة مياه و بلكونة.


الايجار السكن...",300.0,Medium
الخبر,حي الامواج,غرب,437,0,7,5,2,0,1,0,1,0,0,1,0,1,0,1,1,0,1,60000,"للأيجار ڤيلا دورين و ملحق في حي الأصداف

المساحة:437 متر 

الدور الأرضي :
ديوانية خارجية - دورة مياة - مجلس - غرفة طعام رجال - مجلس نساء - مطبخ 

الدور الأول :
عدد 5 غرف نوم (3 غرف ماستر)

الدور الثاني:
غرفتين - غرفة غسيل - دورة مياة

للتواصل : 

050...",137.3,New
